"TRAIN,gs://fruit-recognition/fruit-recognition/Apple/Apple A/Apple 1.png,apple"
"TRAIN,gs://fruit-recognition/fruit-recognition/Apple/Apple A/Apple 10.png,apple"
"TRAIN,gs://fruit-recognition/fruit-recognition/Apple/Apple A/Apple 100.png,apple"
"TRAIN,gs://fruit-recognition/fruit-recognition/Apple/Apple A/Apple 101.png,apple"
"TRAIN,gs://fruit-recognition/fruit-recognition/Apple/Apple A/Apple 102.png,apple"
"TRAIN,gs://fruit-recognition/fruit-recognition/Apple/Apple A/Apple 103.png,apple"
"TRAIN,gs://fruit-recognition/fruit-recognition/Apple/Apple A/Apple 104.png,apple"
"TRAIN,gs://fruit-recognition/fruit-recognition/Apple/Apple A/Apple 105.png,apple"
"TRAIN,gs://fruit-recognition/fruit-recognition/Apple/Apple A/Apple 106.png,apple"
"TRAIN,gs://fruit-recognition/fruit-recognition/Apple/Apple A/Apple 107.png,apple"
"TRAIN,gs://fruit-recognition/fruit-recognition/Apple/Apple A/Apple 108.png,apple"
"TRAIN,gs://fruit-recognition/fruit-recognition/Apple/Apple A/Apple 109.png,apple"
"TRAIN,gs://fruit-recognition/fruit-recognition/Apple/Apple A/Apple 11.png,apple"
"TRAIN,gs://fruit-recognition/fruit-recognition/Apple/Apple A/Apple 110.png,apple"
"TRAIN,gs://fruit-recognition/fruit-recognition/Apple/Apple A/Apple 111.png,apple"
"TRAIN,gs://fruit-recognition/fruit-recognition/Apple/Apple A/Apple 112.png,apple"
"TRAIN,gs://fruit-recognition/fruit-recognition/Apple/Apple A/Apple 113.png,apple"
"TRAIN,gs://fruit-recognition/fruit-recognition/Apple/Apple A/Apple 114.png,apple"
"TRAIN,gs://fruit-recognition/fruit-recognition/Apple/Apple A/Apple 115.png,apple"
"TRAIN,gs://fruit-recognition/fruit-recognition/Apple/Apple A/Apple 116.png,apple"
"TRAIN,gs://fruit-recognition/fruit-recognition/Apple/Apple A/Apple 117.png,apple"
"TRAIN,gs://fruit-recognition/fruit-recognition/Apple/Apple A/Apple 118.png,apple"
"TRAIN,gs://fruit-recognition/fruit-recognition/Apple/Apple A/Apple 119.png,apple"
"TRAIN,gs://fruit-recognition/fruit-recognition/Apple/Apple A/Apple 12.png,apple"
"TRAIN,gs://fruit-recognition/fruit-recognition/Apple/Apple A/Apple 120.png,apple"
"TRAIN,gs://fruit-recognition/fruit-recognition/Apple/Apple A/Apple 121.png,apple"
"TRAIN,gs://fruit-recognition/fruit-recognition/Apple/Apple A/Apple 122.png,apple"
"TRAIN,gs://fruit-recognition/fruit-recognition/Apple/Apple A/Apple 123.png,apple"
"TRAIN,gs://fruit-recognition/fruit-recognition/Apple/Apple A/Apple 124.png,apple"
"TRAIN,gs://fruit-recognition/fruit-recognition/Apple/Apple A/Apple 125.png,apple"
"TRAIN,gs://fruit-recognition/fruit-recognition/Apple/Apple A/Apple 126.png,apple"
"TRAIN,gs://fruit-recognition/fruit-recognition/Apple/Apple A/Apple 127.png,apple"
"TRAIN,gs://fruit-recognition/fruit-recognition/Apple/Apple A/Apple 128.png,apple"
"TRAIN,gs://fruit-recognition/fruit-recognition/Apple/Apple A/Apple 129.png,apple"
"TRAIN,gs://fruit-recognition/fruit-recognition/Apple/Apple A/Apple 13.png,apple"
"TRAIN,gs://fruit-recognition/fruit-recognition/Apple/Apple A/Apple 130.png,apple"
"TRAIN,gs://fruit-recognition/fruit-recognition/Apple/Apple A/Apple 131.png,apple"
"TRAIN,gs://fruit-recognition/fruit-recognition/Apple/Apple A/Apple 132.png,apple"
"TRAIN,gs://fruit-recognition/fruit-recognition/Apple/Apple A/Apple 133.png,apple"
"TRAIN,gs://fruit-recognition/fruit-recognition/Apple/Apple A/Apple 134.png,apple"
"TRAIN,gs://fruit-recognition/fruit-recognition/Apple/Apple A/Apple 135.png,apple"
"TRAIN,gs://fruit-recognition/fruit-recognition/Apple/Apple A/Apple 136.png,apple"
"TRAIN,gs://fruit-recognition/fruit-recognition/Apple/Apple A/Apple 137.png,apple"
"TRAIN,gs://fruit-recognition/fruit-recognition/Apple/Apple A/Apple 138.png,apple"
"TRAIN,gs://fruit-recognition/fruit-recognition/Apple/Apple A/Apple 139.png,apple"
"TRAIN,gs://fruit-recognition/fruit-recognition/Apple/Apple A/Apple 14.png,apple"
"TRAIN,gs://fruit-recognition/fruit-recognition/Apple/Apple A/Apple 140.png,apple"
"TRAIN,gs://fruit-recognition/fruit-recognition/Apple/Apple A/Apple 141.png,apple"
"TRAIN,gs://fruit-recognition/fruit-recognition/Apple/Apple A/Apple 142.png,apple"
"TRAIN,gs://fruit-recognition/fruit-recognition/Apple/Apple A/Apple 143.png,apple"
"TRAIN,gs://fruit-recognition/fruit-recognition/Apple/Apple A/Apple 144.png,apple"
"TRAIN,gs://fruit-recognition/fruit-recognition/Apple/Apple A/Apple 145.png,apple"
"TRAIN,gs://fruit-recognition/fruit-recognition/Apple/Apple A/Apple 146.png,apple"
"TRAIN,gs://fruit-recognition/fruit-recognition/Apple/Apple A/Apple 147.png,apple"
"TRAIN,gs://fruit-recognition/fruit-recognition/Apple/Apple A/Apple 148.png,apple"
"TRAIN,gs://fruit-recognition/fruit-recognition/Apple/Apple A/Apple 149.png,apple"
"TRAIN,gs://fruit-recognition/fruit-recognition/Apple/Apple A/Apple 15.png,apple"
"TRAIN,gs://fruit-recognition/fruit-recognition/Apple/Apple A/Apple 150.png,apple"
"TRAIN,gs://fruit-recognition/fruit-recognition/Apple/Apple A/Apple 151.png,apple"
"TRAIN,gs://fruit-recognition/fruit-recognition/Apple/Apple A/Apple 152.png,apple"
"TRAIN,gs://fruit-recognition/fruit-recognition/Apple/Apple A/Apple 153.png,apple"
"TRAIN,gs://fruit-recognition/fruit-recognition/Apple/Apple A/Apple 154.png,apple"
"TRAIN,gs://fruit-recognition/fruit-recognition/Apple/Apple A/Apple 155.png,apple"
"TRAIN,gs://fruit-recognition/fruit-recognition/Apple/Apple A/Apple 156.png,apple"
"TRAIN,gs://fruit-recognition/fruit-recognition/Apple/Apple A/Apple 157.png,apple"
"TRAIN,gs://fruit-recognition/fruit-recognition/Apple/Apple A/Apple 158.png,apple"
"TRAIN,gs://fruit-recognition/fruit-recognition/Apple/Apple A/Apple 159.png,apple"
"TRAIN,gs://fruit-recognition/fruit-recognition/Apple/Apple A/Apple 16.png,apple"
"TRAIN,gs://fruit-recognition/fruit-recognition/Apple/Apple A/Apple 160.png,apple"
"TRAIN,gs://fruit-recognition/fruit-recognition/Apple/Apple A/Apple 161.png,apple"
"TRAIN,gs://fruit-recognition/fruit-recognition/Apple/Apple A/Apple 162.png,apple"
"TRAIN,gs://fruit-recognition/fruit-recognition/Apple/Apple A/Apple 163.png,apple"
"TRAIN,gs://fruit-recognition/fruit-recognition/Apple/Apple A/Apple 164.png,apple"
"TRAIN,gs://fruit-recognition/fruit-recognition/Apple/Apple A/Apple 165.png,apple"
"TRAIN,gs://fruit-recognition/fruit-recognition/Apple/Apple A/Apple 166.png,apple"
"TRAIN,gs://fruit-recognition/fruit-recognition/Apple/Apple A/Apple 167.png,apple"
"TRAIN,gs://fruit-recognition/fruit-recognition/Apple/Apple A/Apple 168.png,apple"
"TRAIN,gs://fruit-recognition/fruit-recognition/Apple/Apple A/Apple 169.png,apple"
"TRAIN,gs://fruit-recognition/fruit-recognition/Apple/Apple A/Apple 17.png,apple"
"TRAIN,gs://fruit-recognition/fruit-recognition/Apple/Apple A/Apple 170.png,apple"
"TRAIN,gs://fruit-recognition/fruit-recognition/Apple/Apple A/Apple 171.png,apple"
"TRAIN,gs://fruit-recognition/fruit-recognition/Apple/Apple A/Apple 172.png,apple"
"TRAIN,gs://fruit-recognition/fruit-recognition/Apple/Apple A/Apple 173.png,apple"
"TRAIN,gs://fruit-recognition/fruit-recognition/Apple/Apple A/Apple 174.png,apple"
"TRAIN,gs://fruit-recognition/fruit-recognition/Apple/Apple A/Apple 175.png,apple"
"TRAIN,gs://fruit-recognition/fruit-recognition/Apple/Apple A/Apple 176.png,apple"
"TRAIN,gs://fruit-recognition/fruit-recognition/Apple/Apple A/Apple 177.png,apple"
"TRAIN,gs://fruit-recognition/fruit-recognition/Apple/Apple A/Apple 178.png,apple"
"TRAIN,gs://fruit-recognition/fruit-recognition/Apple/Apple A/Apple 179.png,apple"
"TRAIN,gs://fruit-recognition/fruit-recognition/Apple/Apple A/Apple 18.png,apple"
"TRAIN,gs://fruit-recognition/fruit-recognition/Apple/Apple A/Apple 180.png,apple"
"TRAIN,gs://fruit-recognition/fruit-recognition/Apple/Apple A/Apple 181.png,apple"
"TRAIN,gs://fruit-recognition/fruit-recognition/Apple/Apple A/Apple 182.png,apple"
"TRAIN,gs://fruit-recognition/fruit-recognition/Apple/Apple A/Apple 183.png,apple"
"TRAIN,gs://fruit-recognition/fruit-recognition/Apple/Apple A/Apple 184.png,apple"
"TRAIN,gs://fruit-recognition/fruit-recognition/Apple/Apple A/Apple 185.png,apple"
"TRAIN,gs://fruit-recognition/fruit-recognition/Apple/Apple A/Apple 186.png,apple"
"TRAIN,gs://fruit-recognition/fruit-recognition/Apple/Apple A/Apple 187.png,apple"
"TRAIN,gs://fruit-recognition/fruit-recognition/Apple/Apple A/Apple 188.png,apple"
"TRAIN,gs://fruit-recognition/fruit-recognition/Apple/Apple A/Apple 189.png,apple"
"TRAIN,gs://fruit-recognition/fruit-recognition/Apple/Apple A/Apple 19.png,apple"
"TRAIN,gs://fruit-recognition/fruit-recognition/Apple/Apple A/Apple 190.png,apple"
"TRAIN,gs://fruit-recognition/fruit-recognition/Apple/Apple A/Apple 191.png,apple"
"TRAIN,gs://fruit-recognition/fruit-recognition/Apple/Apple A/Apple 192.png,apple"
"TRAIN,gs://fruit-recognition/fruit-recognition/Apple/Apple A/Apple 193.png,apple"
"TRAIN,gs://fruit-recognition/fruit-recognition/Apple/Apple A/Apple 194.png,apple"
"TRAIN,gs://fruit-recognition/fruit-recognition/Apple/Apple A/Apple 195.png,apple"
"TRAIN,gs://fruit-recognition/fruit-recognition/Apple/Apple A/Apple 196.png,apple"
"TRAIN,gs://fruit-recognition/fruit-recognition/Apple/Apple A/Apple 197.png,apple"
"TRAIN,gs://fruit-recognition/fruit-recognition/Apple/Apple A/Apple 198.png,apple"
"TRAIN,gs://fruit-recognition/fruit-recognition/Apple/Apple A/Apple 199.png,apple"
"TRAIN,gs://fruit-recognition/fruit-recognition/Apple/Apple A/Apple 2.png,apple"
"TRAIN,gs://fruit-recognition/fruit-recognition/Apple/Apple A/Apple 20.png,apple"
"TRAIN,gs://fruit-recognition/fruit-recognition/Apple/Apple A/Apple 200.png,apple"
"TRAIN,gs://fruit-recognition/fruit-recognition/Apple/Apple A/Apple 201.png,apple"
"TRAIN,gs://fruit-recognition/fruit-recognition/Apple/Apple A/Apple 202.png,apple"
"TRAIN,gs://fruit-recognition/fruit-recognition/Apple/Apple A/Apple 203.png,apple"
"TRAIN,gs://fruit-recognition/fruit-recognition/Apple/Apple A/Apple 204.png,apple"
"TRAIN,gs://fruit-recognition/fruit-recognition/Apple/Apple A/Apple 205.png,apple"
"TRAIN,gs://fruit-recognition/fruit-recognition/Apple/Apple A/Apple 206.png,apple"
"TRAIN,gs://fruit-recognition/fruit-recognition/Apple/Apple A/Apple 207.png,apple"
"TRAIN,gs://fruit-recognition/fruit-recognition/Apple/Apple A/Apple 208.png,apple"
"TRAIN,gs://fruit-recognition/fruit-recognition/Apple/Apple A/Apple 209.png,apple"
"TRAIN,gs://fruit-recognition/fruit-recognition/Apple/Apple A/Apple 21.png,apple"
"TRAIN,gs://fruit-recognition/fruit-recognition/Apple/Apple A/Apple 210.png,apple"
"TRAIN,gs://fruit-recognition/fruit-recognition/Apple/Apple A/Apple 211.png,apple"
"TRAIN,gs://fruit-recognition/fruit-recognition/Apple/Apple A/Apple 212.png,apple"
"TRAIN,gs://fruit-recognition/fruit-recognition/Apple/Apple A/Apple 213.png,apple"
"TRAIN,gs://fruit-recognition/fruit-recognition/Apple/Apple A/Apple 214.png,apple"
"TRAIN,gs://fruit-recognition/fruit-recognition/Apple/Apple A/Apple 215.png,apple"
"TRAIN,gs://fruit-recognition/fruit-recognition/Apple/Apple A/Apple 216.png,apple"
"TRAIN,gs://fruit-recognition/fruit-recognition/Apple/Apple A/Apple 217.png,apple"
"TRAIN,gs://fruit-recognition/fruit-recognition/Apple/Apple A/Apple 218.png,apple"
"TRAIN,gs://fruit-recognition/fruit-recognition/Apple/Apple A/Apple 219.png,apple"
"TRAIN,gs://fruit-recognition/fruit-recognition/Apple/Apple A/Apple 22.png,apple"
"TRAIN,gs://fruit-recognition/fruit-recognition/Apple/Apple A/Apple 220.png,apple"
"TRAIN,gs://fruit-recognition/fruit-recognition/Apple/Apple A/Apple 221.png,apple"
"TRAIN,gs://fruit-recognition/fruit-recognition/Apple/Apple A/Apple 222.png,apple"
"TRAIN,gs://fruit-recognition/fruit-recognition/Apple/Apple A/Apple 223.png,apple"
"TRAIN,gs://fruit-recognition/fruit-recognition/Apple/Apple A/Apple 224.png,apple"
"TRAIN,gs://fruit-recognition/fruit-recognition/Apple/Apple A/Apple 225.png,apple"
"TRAIN,gs://fruit-recognition/fruit-recognition/Apple/Apple A/Apple 226.png,apple"
"TRAIN,gs://fruit-recognition/fruit-recognition/Apple/Apple A/Apple 227.png,apple"
"TRAIN,gs://fruit-recognition/fruit-recognition/Apple/Apple A/Apple 228.png,apple"
"TRAIN,gs://fruit-recognition/fruit-recognition/Apple/Apple A/Apple 229.png,apple"
"TRAIN,gs://fruit-recognition/fruit-recognition/Apple/Apple A/Apple 23.png,apple"
"TRAIN,gs://fruit-recognition/fruit-recognition/Apple/Apple A/Apple 230.png,apple"
"TRAIN,gs://fruit-recognition/fruit-recognition/Apple/Apple A/Apple 231.png,apple"
"TRAIN,gs://fruit-recognition/fruit-recognition/Apple/Apple A/Apple 232.png,apple"
"TRAIN,gs://fruit-recognition/fruit-recognition/Apple/Apple A/Apple 233.png,apple"
"TRAIN,gs://fruit-recognition/fruit-recognition/Apple/Apple A/Apple 234.png,apple"
"TRAIN,gs://fruit-recognition/fruit-recognition/Apple/Apple A/Apple 235.png,apple"
"TRAIN,gs://fruit-recognition/fruit-recognition/Apple/Apple A/Apple 236.png,apple"
"TRAIN,gs://fruit-recognition/fruit-recognition/Apple/Apple A/Apple 237.png,apple"
"TRAIN,gs://fruit-recognition/fruit-recognition/Apple/Apple A/Apple 238.png,apple"
"TRAIN,gs://fruit-recognition/fruit-recognition/Apple/Apple A/Apple 239.png,apple"
"TRAIN,gs://fruit-recognition/fruit-recognition/Apple/Apple A/Apple 24.png,apple"
"TRAIN,gs://fruit-recognition/fruit-recognition/Apple/Apple A/Apple 240.png,apple"
"TRAIN,gs://fruit-recognition/fruit-recognition/Apple/Apple A/Apple 241.png,apple"
"TRAIN,gs://fruit-recognition/fruit-recognition/Apple/Apple A/Apple 242.png,apple"
"TRAIN,gs://fruit-recognition/fruit-recognition/Apple/Apple A/Apple 243.png,apple"
"TRAIN,gs://fruit-recognition/fruit-recognition/Apple/Apple A/Apple 244.png,apple"
"TRAIN,gs://fruit-recognition/fruit-recognition/Apple/Apple A/Apple 245.png,apple"
"TRAIN,gs://fruit-recognition/fruit-recognition/Apple/Apple A/Apple 246.png,apple"
"TRAIN,gs://fruit-recognition/fruit-recognition/Apple/Apple A/Apple 247.png,apple"
"TRAIN,gs://fruit-recognition/fruit-recognition/Apple/Apple A/Apple 248.png,apple"
"TRAIN,gs://fruit-recognition/fruit-recognition/Apple/Apple A/Apple 249.png,apple"
"TRAIN,gs://fruit-recognition/fruit-recognition/Apple/Apple A/Apple 25.png,apple"
"TRAIN,gs://fruit-recognition/fruit-recognition/Apple/Apple A/Apple 250.png,apple"
"TRAIN,gs://fruit-recognition/fruit-recognition/Apple/Apple A/Apple 251.png,apple"
"TRAIN,gs://fruit-recognition/fruit-recognition/Apple/Apple A/Apple 252.png,apple"
"TRAIN,gs://fruit-recognition/fruit-recognition/Apple/Apple A/Apple 253.png,apple"
"TRAIN,gs://fruit-recognition/fruit-recognition/Apple/Apple A/Apple 254.png,apple"
"TRAIN,gs://fruit-recognition/fruit-recognition/Apple/Apple A/Apple 255.png,apple"
"TRAIN,gs://fruit-recognition/fruit-recognition/Apple/Apple A/Apple 256.png,apple"
"TRAIN,gs://fruit-recognition/fruit-recognition/Apple/Apple A/Apple 257.png,apple"
"TRAIN,gs://fruit-recognition/fruit-recognition/Apple/Apple A/Apple 258.png,apple"
"TRAIN,gs://fruit-recognition/fruit-recognition/Apple/Apple A/Apple 259.png,apple"
"TRAIN,gs://fruit-recognition/fruit-recognition/Apple/Apple A/Apple 26.png,apple"
"TRAIN,gs://fruit-recognition/fruit-recognition/Apple/Apple A/Apple 260.png,apple"
"TRAIN,gs://fruit-recognition/fruit-recognition/Apple/Apple A/Apple 261.png,apple"
"TRAIN,gs://fruit-recognition/fruit-recognition/Apple/Apple A/Apple 262.png,apple"
"TRAIN,gs://fruit-recognition/fruit-recognition/Apple/Apple A/Apple 263.png,apple"
"TRAIN,gs://fruit-recognition/fruit-recognition/Apple/Apple A/Apple 264.png,apple"
"TRAIN,gs://fruit-recognition/fruit-recognition/Apple/Apple A/Apple 265.png,apple"
"TRAIN,gs://fruit-recognition/fruit-recognition/Apple/Apple A/Apple 266.png,apple"
"TRAIN,gs://fruit-recognition/fruit-recognition/Apple/Apple A/Apple 267.png,apple"
"TRAIN,gs://fruit-recognition/fruit-recognition/Apple/Apple A/Apple 268.png,apple"
"TRAIN,gs://fruit-recognition/fruit-recognition/Apple/Apple A/Apple 269.png,apple"
"TRAIN,gs://fruit-recognition/fruit-recognition/Apple/Apple A/Apple 27.png,apple"
"TRAIN,gs://fruit-recognition/fruit-recognition/Apple/Apple A/Apple 270.png,apple"
"TRAIN,gs://fruit-recognition/fruit-recognition/Apple/Apple A/Apple 271.png,apple"
"TRAIN,gs://fruit-recognition/fruit-recognition/Apple/Apple A/Apple 272.png,apple"
"TRAIN,gs://fruit-recognition/fruit-recognition/Apple/Apple A/Apple 273.png,apple"
"TRAIN,gs://fruit-recognition/fruit-recognition/Apple/Apple A/Apple 274.png,apple"
"TRAIN,gs://fruit-recognition/fruit-recognition/Apple/Apple A/Apple 275.png,apple"
"TRAIN,gs://fruit-recognition/fruit-recognition/Apple/Apple A/Apple 276.png,apple"
"TRAIN,gs://fruit-recognition/fruit-recognition/Apple/Apple A/Apple 277.png,apple"
"TRAIN,gs://fruit-recognition/fruit-recognition/Apple/Apple A/Apple 278.png,apple"
"TRAIN,gs://fruit-recognition/fruit-recognition/Apple/Apple A/Apple 279.png,apple"
"TRAIN,gs://fruit-recognition/fruit-recognition/Apple/Apple A/Apple 28.png,apple"
"TRAIN,gs://fruit-recognition/fruit-recognition/Apple/Apple A/Apple 280.png,apple"
"TRAIN,gs://fruit-recognition/fruit-recognition/Apple/Apple A/Apple 281.png,apple"
"TRAIN,gs://fruit-recognition/fruit-recognition/Apple/Apple A/Apple 282.png,apple"
"TRAIN,gs://fruit-recognition/fruit-recognition/Apple/Apple A/Apple 283.png,apple"
"TRAIN,gs://fruit-recognition/fruit-recognition/Apple/Apple A/Apple 284.png,apple"
"TRAIN,gs://fruit-recognition/fruit-recognition/Apple/Apple A/Apple 285.png,apple"
"TRAIN,gs://fruit-recognition/fruit-recognition/Apple/Apple A/Apple 286.png,apple"
"TRAIN,gs://fruit-recognition/fruit-recognition/Apple/Apple A/Apple 287.png,apple"
"TRAIN,gs://fruit-recognition/fruit-recognition/Apple/Apple A/Apple 288.png,apple"
"TRAIN,gs://fruit-recognition/fruit-recognition/Apple/Apple A/Apple 289.png,apple"
"TRAIN,gs://fruit-recognition/fruit-recognition/Apple/Apple A/Apple 29.png,apple"
"TRAIN,gs://fruit-recognition/fruit-recognition/Apple/Apple A/Apple 290.png,apple"
"TRAIN,gs://fruit-recognition/fruit-recognition/Apple/Apple A/Apple 291.png,apple"
"TRAIN,gs://fruit-recognition/fruit-recognition/Apple/Apple A/Apple 292.png,apple"
"TRAIN,gs://fruit-recognition/fruit-recognition/Apple/Apple A/Apple 293.png,apple"
"TRAIN,gs://fruit-recognition/fruit-recognition/Apple/Apple A/Apple 294.png,apple"
"TRAIN,gs://fruit-recognition/fruit-recognition/Apple/Apple A/Apple 295.png,apple"
"TRAIN,gs://fruit-recognition/fruit-recognition/Apple/Apple A/Apple 296.png,apple"
"TRAIN,gs://fruit-recognition/fruit-recognition/Apple/Apple A/Apple 297.png,apple"
"TRAIN,gs://fruit-recognition/fruit-recognition/Apple/Apple A/Apple 298.png,apple"
"TRAIN,gs://fruit-recognition/fruit-recognition/Apple/Apple A/Apple 299.png,apple"
"TRAIN,gs://fruit-recognition/fruit-recognition/Apple/Apple A/Apple 3.png,apple"
"TRAIN,gs://fruit-recognition/fruit-recognition/Apple/Apple A/Apple 30.png,apple"
"TRAIN,gs://fruit-recognition/fruit-recognition/Apple/Apple A/Apple 300.png,apple"
"TRAIN,gs://fruit-recognition/fruit-recognition/Apple/Apple A/Apple 301.png,apple"
"TRAIN,gs://fruit-recognition/fruit-recognition/Apple/Apple A/Apple 302.png,apple"
"TRAIN,gs://fruit-recognition/fruit-recognition/Apple/Apple A/Apple 303.png,apple"
"TRAIN,gs://fruit-recognition/fruit-recognition/Apple/Apple A/Apple 304.png,apple"
"TRAIN,gs://fruit-recognition/fruit-recognition/Apple/Apple A/Apple 305.png,apple"
"TRAIN,gs://fruit-recognition/fruit-recognition/Apple/Apple A/Apple 306.png,apple"
"TRAIN,gs://fruit-recognition/fruit-recognition/Apple/Apple A/Apple 307.png,apple"
"TRAIN,gs://fruit-recognition/fruit-recognition/Apple/Apple A/Apple 308.png,apple"
"TRAIN,gs://fruit-recognition/fruit-recognition/Apple/Apple A/Apple 309.png,apple"
"TRAIN,gs://fruit-recognition/fruit-recognition/Apple/Apple A/Apple 31.png,apple"
"TRAIN,gs://fruit-recognition/fruit-recognition/Apple/Apple A/Apple 310.png,apple"
"TRAIN,gs://fruit-recognition/fruit-recognition/Apple/Apple A/Apple 311.png,apple"
"TRAIN,gs://fruit-recognition/fruit-recognition/Apple/Apple A/Apple 312.png,apple"
"TRAIN,gs://fruit-recognition/fruit-recognition/Apple/Apple A/Apple 313.png,apple"
"TRAIN,gs://fruit-recognition/fruit-recognition/Apple/Apple A/Apple 314.png,apple"
"TRAIN,gs://fruit-recognition/fruit-recognition/Apple/Apple A/Apple 315.png,apple"
"TRAIN,gs://fruit-recognition/fruit-recognition/Apple/Apple A/Apple 316.png,apple"
"TRAIN,gs://fruit-recognition/fruit-recognition/Apple/Apple A/Apple 317.png,apple"
"TRAIN,gs://fruit-recognition/fruit-recognition/Apple/Apple A/Apple 318.png,apple"
"TRAIN,gs://fruit-recognition/fruit-recognition/Apple/Apple A/Apple 319.png,apple"
"TRAIN,gs://fruit-recognition/fruit-recognition/Apple/Apple A/Apple 32.png,apple"
"TRAIN,gs://fruit-recognition/fruit-recognition/Apple/Apple A/Apple 320.png,apple"
"TRAIN,gs://fruit-recognition/fruit-recognition/Apple/Apple A/Apple 321.png,apple"
"TRAIN,gs://fruit-recognition/fruit-recognition/Apple/Apple A/Apple 322.png,apple"
"TRAIN,gs://fruit-recognition/fruit-recognition/Apple/Apple A/Apple 323.png,apple"
"TRAIN,gs://fruit-recognition/fruit-recognition/Apple/Apple A/Apple 324.png,apple"
"TRAIN,gs://fruit-recognition/fruit-recognition/Apple/Apple A/Apple 325.png,apple"
"TRAIN,gs://fruit-recognition/fruit-recognition/Apple/Apple A/Apple 326.png,apple"
"TRAIN,gs://fruit-recognition/fruit-recognition/Apple/Apple A/Apple 327.png,apple"
"TRAIN,gs://fruit-recognition/fruit-recognition/Apple/Apple A/Apple 328.png,apple"
"TRAIN,gs://fruit-recognition/fruit-recognition/Apple/Apple A/Apple 329.png,apple"
"TRAIN,gs://fruit-recognition/fruit-recognition/Apple/Apple A/Apple 33.png,apple"
"TRAIN,gs://fruit-recognition/fruit-recognition/Apple/Apple A/Apple 330.png,apple"
"TRAIN,gs://fruit-recognition/fruit-recognition/Apple/Apple A/Apple 331.png,apple"
"TRAIN,gs://fruit-recognition/fruit-recognition/Apple/Apple A/Apple 332.png,apple"
"TRAIN,gs://fruit-recognition/fruit-recognition/Apple/Apple A/Apple 333.png,apple"
"TRAIN,gs://fruit-recognition/fruit-recognition/Apple/Apple A/Apple 334.png,apple"
"TRAIN,gs://fruit-recognition/fruit-recognition/Apple/Apple A/Apple 335.png,apple"
"TRAIN,gs://fruit-recognition/fruit-recognition/Apple/Apple A/Apple 336.png,apple"
"TRAIN,gs://fruit-recognition/fruit-recognition/Apple/Apple A/Apple 337.png,apple"
"TRAIN,gs://fruit-recognition/fruit-recognition/Apple/Apple A/Apple 338.png,apple"
"TRAIN,gs://fruit-recognition/fruit-recognition/Apple/Apple A/Apple 339.png,apple"
"TRAIN,gs://fruit-recognition/fruit-recognition/Apple/Apple A/Apple 34.png,apple"
"TRAIN,gs://fruit-recognition/fruit-recognition/Apple/Apple A/Apple 340.png,apple"
"TRAIN,gs://fruit-recognition/fruit-recognition/Apple/Apple A/Apple 341.png,apple"
"TRAIN,gs://fruit-recognition/fruit-recognition/Apple/Apple A/Apple 342.png,apple"
"TRAIN,gs://fruit-recognition/fruit-recognition/Apple/Apple A/Apple 343.png,apple"
"TRAIN,gs://fruit-recognition/fruit-recognition/Apple/Apple A/Apple 344.png,apple"
"TRAIN,gs://fruit-recognition/fruit-recognition/Apple/Apple A/Apple 345.png,apple"
"TRAIN,gs://fruit-recognition/fruit-recognition/Apple/Apple A/Apple 346.png,apple"
"TRAIN,gs://fruit-recognition/fruit-recognition/Apple/Apple A/Apple 347.png,apple"
"TRAIN,gs://fruit-recognition/fruit-recognition/Apple/Apple A/Apple 348.png,apple"
"TRAIN,gs://fruit-recognition/fruit-recognition/Apple/Apple A/Apple 349.png,apple"
"TRAIN,gs://fruit-recognition/fruit-recognition/Apple/Apple A/Apple 35.png,apple"
"TRAIN,gs://fruit-recognition/fruit-recognition/Apple/Apple A/Apple 350.png,apple"
"TRAIN,gs://fruit-recognition/fruit-recognition/Apple/Apple A/Apple 351.png,apple"
"TRAIN,gs://fruit-recognition/fruit-recognition/Apple/Apple A/Apple 352.png,apple"
"TRAIN,gs://fruit-recognition/fruit-recognition/Apple/Apple A/Apple 353.png,apple"
"TRAIN,gs://fruit-recognition/fruit-recognition/Apple/Apple A/Apple 354.png,apple"
"TRAIN,gs://fruit-recognition/fruit-recognition/Apple/Apple A/Apple 355.png,apple"
"TRAIN,gs://fruit-recognition/fruit-recognition/Apple/Apple A/Apple 356.png,apple"
"TRAIN,gs://fruit-recognition/fruit-recognition/Apple/Apple A/Apple 357.png,apple"
"TRAIN,gs://fruit-recognition/fruit-recognition/Apple/Apple A/Apple 358.png,apple"
"TRAIN,gs://fruit-recognition/fruit-recognition/Apple/Apple A/Apple 359.png,apple"
"TRAIN,gs://fruit-recognition/fruit-recognition/Apple/Apple A/Apple 36.png,apple"
"TRAIN,gs://fruit-recognition/fruit-recognition/Apple/Apple A/Apple 360.png,apple"
"TRAIN,gs://fruit-recognition/fruit-recognition/Apple/Apple A/Apple 361.png,apple"
"TRAIN,gs://fruit-recognition/fruit-recognition/Apple/Apple A/Apple 362.png,apple"
"TRAIN,gs://fruit-recognition/fruit-recognition/Apple/Apple A/Apple 363.png,apple"
"TRAIN,gs://fruit-recognition/fruit-recognition/Apple/Apple A/Apple 364.png,apple"
"TRAIN,gs://fruit-recognition/fruit-recognition/Apple/Apple A/Apple 365.png,apple"
"TRAIN,gs://fruit-recognition/fruit-recognition/Apple/Apple A/Apple 366.png,apple"
"TRAIN,gs://fruit-recognition/fruit-recognition/Apple/Apple A/Apple 367.png,apple"
"TRAIN,gs://fruit-recognition/fruit-recognition/Apple/Apple A/Apple 368.png,apple"
"TRAIN,gs://fruit-recognition/fruit-recognition/Apple/Apple A/Apple 369.png,apple"
"TRAIN,gs://fruit-recognition/fruit-recognition/Apple/Apple A/Apple 37.png,apple"
"TRAIN,gs://fruit-recognition/fruit-recognition/Apple/Apple A/Apple 370.png,apple"
"TRAIN,gs://fruit-recognition/fruit-recognition/Apple/Apple A/Apple 371.png,apple"
"TRAIN,gs://fruit-recognition/fruit-recognition/Apple/Apple A/Apple 372.png,apple"
"TRAIN,gs://fruit-recognition/fruit-recognition/Apple/Apple A/Apple 373.png,apple"
"TRAIN,gs://fruit-recognition/fruit-recognition/Apple/Apple A/Apple 374.png,apple"
"TRAIN,gs://fruit-recognition/fruit-recognition/Apple/Apple A/Apple 375.png,apple"
"TRAIN,gs://fruit-recognition/fruit-recognition/Apple/Apple A/Apple 376.png,apple"
"TRAIN,gs://fruit-recognition/fruit-recognition/Apple/Apple A/Apple 377.png,apple"
"TRAIN,gs://fruit-recognition/fruit-recognition/Apple/Apple A/Apple 378.png,apple"
"TRAIN,gs://fruit-recognition/fruit-recognition/Apple/Apple A/Apple 379.png,apple"
"TRAIN,gs://fruit-recognition/fruit-recognition/Apple/Apple A/Apple 38.png,apple"
"TRAIN,gs://fruit-recognition/fruit-recognition/Apple/Apple A/Apple 380.png,apple"
"TRAIN,gs://fruit-recognition/fruit-recognition/Apple/Apple A/Apple 381.png,apple"
"TRAIN,gs://fruit-recognition/fruit-recognition/Apple/Apple A/Apple 382.png,apple"
"TRAIN,gs://fruit-recognition/fruit-recognition/Apple/Apple A/Apple 383.png,apple"
"TRAIN,gs://fruit-recognition/fruit-recognition/Apple/Apple A/Apple 384.png,apple"
"TRAIN,gs://fruit-recognition/fruit-recognition/Apple/Apple A/Apple 385.png,apple"
"TRAIN,gs://fruit-recognition/fruit-recognition/Apple/Apple A/Apple 386.png,apple"
"TRAIN,gs://fruit-recognition/fruit-recognition/Apple/Apple A/Apple 387.png,apple"
"TRAIN,gs://fruit-recognition/fruit-recognition/Apple/Apple A/Apple 388.png,apple"
"TRAIN,gs://fruit-recognition/fruit-recognition/Apple/Apple A/Apple 389.png,apple"
"TRAIN,gs://fruit-recognition/fruit-recognition/Apple/Apple A/Apple 39.png,apple"
"TRAIN,gs://fruit-recognition/fruit-recognition/Apple/Apple A/Apple 390.png,apple"
"TRAIN,gs://fruit-recognition/fruit-recognition/Apple/Apple A/Apple 391.png,apple"
"TRAIN,gs://fruit-recognition/fruit-recognition/Apple/Apple A/Apple 392.png,apple"
"TRAIN,gs://fruit-recognition/fruit-recognition/Apple/Apple A/Apple 393.png,apple"
"TRAIN,gs://fruit-recognition/fruit-recognition/Apple/Apple A/Apple 394.png,apple"
"TRAIN,gs://fruit-recognition/fruit-recognition/Apple/Apple A/Apple 395.png,apple"
"TRAIN,gs://fruit-recognition/fruit-recognition/Apple/Apple A/Apple 396.png,apple"
"TRAIN,gs://fruit-recognition/fruit-recognition/Apple/Apple A/Apple 397.png,apple"
"TRAIN,gs://fruit-recognition/fruit-recognition/Apple/Apple A/Apple 398.png,apple"
"TRAIN,gs://fruit-recognition/fruit-recognition/Apple/Apple A/Apple 399.png,apple"
"TRAIN,gs://fruit-recognition/fruit-recognition/Apple/Apple A/Apple 4.png,apple"
"TRAIN,gs://fruit-recognition/fruit-recognition/Apple/Apple A/Apple 40.png,apple"
"TRAIN,gs://fruit-recognition/fruit-recognition/Apple/Apple A/Apple 400.png,apple"
"TRAIN,gs://fruit-recognition/fruit-recognition/Apple/Apple A/Apple 401.png,apple"
"TRAIN,gs://fruit-recognition/fruit-recognition/Apple/Apple A/Apple 402.png,apple"
"TRAIN,gs://fruit-recognition/fruit-recognition/Apple/Apple A/Apple 403.png,apple"
"TRAIN,gs://fruit-recognition/fruit-recognition/Apple/Apple A/Apple 404.png,apple"
"TRAIN,gs://fruit-recognition/fruit-recognition/Apple/Apple A/Apple 405.png,apple"
"TRAIN,gs://fruit-recognition/fruit-recognition/Apple/Apple A/Apple 406.png,apple"
"TRAIN,gs://fruit-recognition/fruit-recognition/Apple/Apple A/Apple 407.png,apple"
"TRAIN,gs://fruit-recognition/fruit-recognition/Apple/Apple A/Apple 408.png,apple"
"TRAIN,gs://fruit-recognition/fruit-recognition/Apple/Apple A/Apple 409.png,apple"
"TRAIN,gs://fruit-recognition/fruit-recognition/Apple/Apple A/Apple 41.png,apple"
"TRAIN,gs://fruit-recognition/fruit-recognition/Apple/Apple A/Apple 410.png,apple"
"TRAIN,gs://fruit-recognition/fruit-recognition/Apple/Apple A/Apple 411.png,apple"
"TRAIN,gs://fruit-recognition/fruit-recognition/Apple/Apple A/Apple 412.png,apple"
"TRAIN,gs://fruit-recognition/fruit-recognition/Apple/Apple A/Apple 413.png,apple"
"TRAIN,gs://fruit-recognition/fruit-recognition/Apple/Apple A/Apple 414.png,apple"
"TRAIN,gs://fruit-recognition/fruit-recognition/Apple/Apple A/Apple 415.png,apple"
"TRAIN,gs://fruit-recognition/fruit-recognition/Apple/Apple A/Apple 416.png,apple"
"TRAIN,gs://fruit-recognition/fruit-recognition/Apple/Apple A/Apple 417.png,apple"
"TRAIN,gs://fruit-recognition/fruit-recognition/Apple/Apple A/Apple 418.png,apple"
"TRAIN,gs://fruit-recognition/fruit-recognition/Apple/Apple A/Apple 419.png,apple"
"TRAIN,gs://fruit-recognition/fruit-recognition/Apple/Apple A/Apple 42.png,apple"
"TRAIN,gs://fruit-recognition/fruit-recognition/Apple/Apple A/Apple 420.png,apple"
"TRAIN,gs://fruit-recognition/fruit-recognition/Apple/Apple A/Apple 421.png,apple"
"TRAIN,gs://fruit-recognition/fruit-recognition/Apple/Apple A/Apple 422.png,apple"
"TRAIN,gs://fruit-recognition/fruit-recognition/Apple/Apple A/Apple 423.png,apple"
"TRAIN,gs://fruit-recognition/fruit-recognition/Apple/Apple A/Apple 424.png,apple"
"TRAIN,gs://fruit-recognition/fruit-recognition/Apple/Apple A/Apple 425.png,apple"
"TRAIN,gs://fruit-recognition/fruit-recognition/Apple/Apple A/Apple 426.png,apple"
"TRAIN,gs://fruit-recognition/fruit-recognition/Apple/Apple A/Apple 427.png,apple"
"TRAIN,gs://fruit-recognition/fruit-recognition/Apple/Apple A/Apple 428.png,apple"
"TRAIN,gs://fruit-recognition/fruit-recognition/Apple/Apple A/Apple 429.png,apple"
"TRAIN,gs://fruit-recognition/fruit-recognition/Apple/Apple A/Apple 43.png,apple"
"TRAIN,gs://fruit-recognition/fruit-recognition/Apple/Apple A/Apple 430.png,apple"
"TRAIN,gs://fruit-recognition/fruit-recognition/Apple/Apple A/Apple 431.png,apple"
"TRAIN,gs://fruit-recognition/fruit-recognition/Apple/Apple A/Apple 432.png,apple"
"TRAIN,gs://fruit-recognition/fruit-recognition/Apple/Apple A/Apple 433.png,apple"
"TRAIN,gs://fruit-recognition/fruit-recognition/Apple/Apple A/Apple 434.png,apple"
"TRAIN,gs://fruit-recognition/fruit-recognition/Apple/Apple A/Apple 435.png,apple"
"TRAIN,gs://fruit-recognition/fruit-recognition/Apple/Apple A/Apple 436.png,apple"
"TRAIN,gs://fruit-recognition/fruit-recognition/Apple/Apple A/Apple 437.png,apple"
"TRAIN,gs://fruit-recognition/fruit-recognition/Apple/Apple A/Apple 438.png,apple"
"TRAIN,gs://fruit-recognition/fruit-recognition/Apple/Apple A/Apple 439.png,apple"
"TRAIN,gs://fruit-recognition/fruit-recognition/Apple/Apple A/Apple 44.png,apple"
"TRAIN,gs://fruit-recognition/fruit-recognition/Apple/Apple A/Apple 440.png,apple"
"TRAIN,gs://fruit-recognition/fruit-recognition/Apple/Apple A/Apple 441.png,apple"
"TRAIN,gs://fruit-recognition/fruit-recognition/Apple/Apple A/Apple 442.png,apple"
"TRAIN,gs://fruit-recognition/fruit-recognition/Apple/Apple A/Apple 443.png,apple"
"TRAIN,gs://fruit-recognition/fruit-recognition/Apple/Apple A/Apple 444.png,apple"
"TRAIN,gs://fruit-recognition/fruit-recognition/Apple/Apple A/Apple 445.png,apple"
"TRAIN,gs://fruit-recognition/fruit-recognition/Apple/Apple A/Apple 446.png,apple"
"TRAIN,gs://fruit-recognition/fruit-recognition/Apple/Apple A/Apple 447.png,apple"
"TRAIN,gs://fruit-recognition/fruit-recognition/Apple/Apple A/Apple 448.png,apple"
"TRAIN,gs://fruit-recognition/fruit-recognition/Apple/Apple A/Apple 449.png,apple"
"TRAIN,gs://fruit-recognition/fruit-recognition/Apple/Apple A/Apple 45.png,apple"
"TRAIN,gs://fruit-recognition/fruit-recognition/Apple/Apple A/Apple 450.png,apple"
"TRAIN,gs://fruit-recognition/fruit-recognition/Apple/Apple A/Apple 451.png,apple"
"TRAIN,gs://fruit-recognition/fruit-recognition/Apple/Apple A/Apple 452.png,apple"
"TRAIN,gs://fruit-recognition/fruit-recognition/Apple/Apple A/Apple 453.png,apple"
"TRAIN,gs://fruit-recognition/fruit-recognition/Apple/Apple A/Apple 454.png,apple"
"TRAIN,gs://fruit-recognition/fruit-recognition/Apple/Apple A/Apple 455.png,apple"
"TRAIN,gs://fruit-recognition/fruit-recognition/Apple/Apple A/Apple 456.png,apple"
"TRAIN,gs://fruit-recognition/fruit-recognition/Apple/Apple A/Apple 457.png,apple"
"TRAIN,gs://fruit-recognition/fruit-recognition/Apple/Apple A/Apple 458.png,apple"
"TRAIN,gs://fruit-recognition/fruit-recognition/Apple/Apple A/Apple 459.png,apple"
"TRAIN,gs://fruit-recognition/fruit-recognition/Apple/Apple A/Apple 46.png,apple"
"TRAIN,gs://fruit-recognition/fruit-recognition/Apple/Apple A/Apple 460.png,apple"
"TRAIN,gs://fruit-recognition/fruit-recognition/Apple/Apple A/Apple 461.png,apple"
"TRAIN,gs://fruit-recognition/fruit-recognition/Apple/Apple A/Apple 462.png,apple"
"TRAIN,gs://fruit-recognition/fruit-recognition/Apple/Apple A/Apple 463.png,apple"
"TRAIN,gs://fruit-recognition/fruit-recognition/Apple/Apple A/Apple 464.png,apple"
"TRAIN,gs://fruit-recognition/fruit-recognition/Apple/Apple A/Apple 465.png,apple"
"TRAIN,gs://fruit-recognition/fruit-recognition/Apple/Apple A/Apple 466.png,apple"
"TRAIN,gs://fruit-recognition/fruit-recognition/Apple/Apple A/Apple 467.png,apple"
"TRAIN,gs://fruit-recognition/fruit-recognition/Apple/Apple A/Apple 468.png,apple"
"TRAIN,gs://fruit-recognition/fruit-recognition/Apple/Apple A/Apple 469.png,apple"
"TRAIN,gs://fruit-recognition/fruit-recognition/Apple/Apple A/Apple 47.png,apple"
"TRAIN,gs://fruit-recognition/fruit-recognition/Apple/Apple A/Apple 470.png,apple"
"TRAIN,gs://fruit-recognition/fruit-recognition/Apple/Apple A/Apple 471.png,apple"
"TRAIN,gs://fruit-recognition/fruit-recognition/Apple/Apple A/Apple 472.png,apple"
"TRAIN,gs://fruit-recognition/fruit-recognition/Apple/Apple A/Apple 473.png,apple"
"TRAIN,gs://fruit-recognition/fruit-recognition/Apple/Apple A/Apple 474.png,apple"
"TRAIN,gs://fruit-recognition/fruit-recognition/Apple/Apple A/Apple 475.png,apple"
"TRAIN,gs://fruit-recognition/fruit-recognition/Apple/Apple A/Apple 476.png,apple"
"TRAIN,gs://fruit-recognition/fruit-recognition/Apple/Apple A/Apple 477.png,apple"
"TRAIN,gs://fruit-recognition/fruit-recognition/Apple/Apple A/Apple 478.png,apple"
"TRAIN,gs://fruit-recognition/fruit-recognition/Apple/Apple A/Apple 479.png,apple"
"TRAIN,gs://fruit-recognition/fruit-recognition/Apple/Apple A/Apple 48.png,apple"
"TRAIN,gs://fruit-recognition/fruit-recognition/Apple/Apple A/Apple 480.png,apple"
"TRAIN,gs://fruit-recognition/fruit-recognition/Apple/Apple A/Apple 481.png,apple"
"TRAIN,gs://fruit-recognition/fruit-recognition/Apple/Apple A/Apple 482.png,apple"
"TRAIN,gs://fruit-recognition/fruit-recognition/Apple/Apple A/Apple 483.png,apple"
"TRAIN,gs://fruit-recognition/fruit-recognition/Apple/Apple A/Apple 484.png,apple"
"TRAIN,gs://fruit-recognition/fruit-recognition/Apple/Apple A/Apple 485.png,apple"
"TRAIN,gs://fruit-recognition/fruit-recognition/Apple/Apple A/Apple 486.png,apple"
"TRAIN,gs://fruit-recognition/fruit-recognition/Apple/Apple A/Apple 487.png,apple"
"TRAIN,gs://fruit-recognition/fruit-recognition/Apple/Apple A/Apple 488.png,apple"
"TRAIN,gs://fruit-recognition/fruit-recognition/Apple/Apple A/Apple 489.png,apple"
"TRAIN,gs://fruit-recognition/fruit-recognition/Apple/Apple A/Apple 49.png,apple"
"TRAIN,gs://fruit-recognition/fruit-recognition/Apple/Apple A/Apple 490.png,apple"
"TRAIN,gs://fruit-recognition/fruit-recognition/Apple/Apple A/Apple 491.png,apple"
"TRAIN,gs://fruit-recognition/fruit-recognition/Apple/Apple A/Apple 492.png,apple"
"TRAIN,gs://fruit-recognition/fruit-recognition/Apple/Apple A/Apple 493.png,apple"
"TRAIN,gs://fruit-recognition/fruit-recognition/Apple/Apple A/Apple 494.png,apple"
"TRAIN,gs://fruit-recognition/fruit-recognition/Apple/Apple A/Apple 495.png,apple"
"TRAIN,gs://fruit-recognition/fruit-recognition/Apple/Apple A/Apple 496.png,apple"
"TRAIN,gs://fruit-recognition/fruit-recognition/Apple/Apple A/Apple 497.png,apple"
"TRAIN,gs://fruit-recognition/fruit-recognition/Apple/Apple A/Apple 498.png,apple"
"TRAIN,gs://fruit-recognition/fruit-recognition/Apple/Apple A/Apple 499.png,apple"
"TRAIN,gs://fruit-recognition/fruit-recognition/Apple/Apple A/Apple 5.png,apple"
"TRAIN,gs://fruit-recognition/fruit-recognition/Apple/Apple A/Apple 50.png,apple"
"TRAIN,gs://fruit-recognition/fruit-recognition/Apple/Apple A/Apple 500.png,apple"
"TRAIN,gs://fruit-recognition/fruit-recognition/Apple/Apple A/Apple 501.png,apple"
"TRAIN,gs://fruit-recognition/fruit-recognition/Apple/Apple A/Apple 502.png,apple"
"TRAIN,gs://fruit-recognition/fruit-recognition/Apple/Apple A/Apple 503.png,apple"
"TRAIN,gs://fruit-recognition/fruit-recognition/Apple/Apple A/Apple 504.png,apple"
"TRAIN,gs://fruit-recognition/fruit-recognition/Apple/Apple A/Apple 505.png,apple"
"TRAIN,gs://fruit-recognition/fruit-recognition/Apple/Apple A/Apple 506.png,apple"
"TRAIN,gs://fruit-recognition/fruit-recognition/Apple/Apple A/Apple 507.png,apple"
"TRAIN,gs://fruit-recognition/fruit-recognition/Apple/Apple A/Apple 508.png,apple"
"TRAIN,gs://fruit-recognition/fruit-recognition/Apple/Apple A/Apple 509.png,apple"
"TRAIN,gs://fruit-recognition/fruit-recognition/Apple/Apple A/Apple 51.png,apple"
"TRAIN,gs://fruit-recognition/fruit-recognition/Apple/Apple A/Apple 510.png,apple"
"TRAIN,gs://fruit-recognition/fruit-recognition/Apple/Apple A/Apple 511.png,apple"
"TRAIN,gs://fruit-recognition/fruit-recognition/Apple/Apple A/Apple 512.png,apple"
"TRAIN,gs://fruit-recognition/fruit-recognition/Apple/Apple A/Apple 513.png,apple"
"TRAIN,gs://fruit-recognition/fruit-recognition/Apple/Apple A/Apple 514.png,apple"
"TRAIN,gs://fruit-recognition/fruit-recognition/Apple/Apple A/Apple 515.png,apple"
"TRAIN,gs://fruit-recognition/fruit-recognition/Apple/Apple A/Apple 516.png,apple"
"TRAIN,gs://fruit-recognition/fruit-recognition/Apple/Apple A/Apple 517.png,apple"
"TRAIN,gs://fruit-recognition/fruit-recognition/Apple/Apple A/Apple 518.png,apple"
"TRAIN,gs://fruit-recognition/fruit-recognition/Apple/Apple A/Apple 519.png,apple"
"TRAIN,gs://fruit-recognition/fruit-recognition/Apple/Apple A/Apple 52.png,apple"
"TRAIN,gs://fruit-recognition/fruit-recognition/Apple/Apple A/Apple 520.png,apple"
"TRAIN,gs://fruit-recognition/fruit-recognition/Apple/Apple A/Apple 521.png,apple"
"TRAIN,gs://fruit-recognition/fruit-recognition/Apple/Apple A/Apple 522.png,apple"
"TRAIN,gs://fruit-recognition/fruit-recognition/Apple/Apple A/Apple 523.png,apple"
"TRAIN,gs://fruit-recognition/fruit-recognition/Apple/Apple A/Apple 524.png,apple"
"TRAIN,gs://fruit-recognition/fruit-recognition/Apple/Apple A/Apple 525.png,apple"
"TRAIN,gs://fruit-recognition/fruit-recognition/Apple/Apple A/Apple 526.png,apple"
"TRAIN,gs://fruit-recognition/fruit-recognition/Apple/Apple A/Apple 527.png,apple"
"TRAIN,gs://fruit-recognition/fruit-recognition/Apple/Apple A/Apple 528.png,apple"
"TRAIN,gs://fruit-recognition/fruit-recognition/Apple/Apple A/Apple 529.png,apple"
"TRAIN,gs://fruit-recognition/fruit-recognition/Apple/Apple A/Apple 53.png,apple"
"TRAIN,gs://fruit-recognition/fruit-recognition/Apple/Apple A/Apple 530.png,apple"
"TRAIN,gs://fruit-recognition/fruit-recognition/Apple/Apple A/Apple 531.png,apple"
"TRAIN,gs://fruit-recognition/fruit-recognition/Apple/Apple A/Apple 532.png,apple"
"TRAIN,gs://fruit-recognition/fruit-recognition/Apple/Apple A/Apple 533.png,apple"
"TRAIN,gs://fruit-recognition/fruit-recognition/Apple/Apple A/Apple 534.png,apple"
"TRAIN,gs://fruit-recognition/fruit-recognition/Apple/Apple A/Apple 535.png,apple"
"TRAIN,gs://fruit-recognition/fruit-recognition/Apple/Apple A/Apple 536.png,apple"
"TRAIN,gs://fruit-recognition/fruit-recognition/Apple/Apple A/Apple 537.png,apple"
"TRAIN,gs://fruit-recognition/fruit-recognition/Apple/Apple A/Apple 538.png,apple"
"TRAIN,gs://fruit-recognition/fruit-recognition/Apple/Apple A/Apple 539.png,apple"
"TRAIN,gs://fruit-recognition/fruit-recognition/Apple/Apple A/Apple 54.png,apple"
"TRAIN,gs://fruit-recognition/fruit-recognition/Apple/Apple A/Apple 540.png,apple"
"TRAIN,gs://fruit-recognition/fruit-recognition/Apple/Apple A/Apple 541.png,apple"
"TRAIN,gs://fruit-recognition/fruit-recognition/Apple/Apple A/Apple 542.png,apple"
"TRAIN,gs://fruit-recognition/fruit-recognition/Apple/Apple A/Apple 543.png,apple"
"TRAIN,gs://fruit-recognition/fruit-recognition/Apple/Apple A/Apple 544.png,apple"
"TRAIN,gs://fruit-recognition/fruit-recognition/Apple/Apple A/Apple 545.png,apple"
"TRAIN,gs://fruit-recognition/fruit-recognition/Apple/Apple A/Apple 546.png,apple"
"TRAIN,gs://fruit-recognition/fruit-recognition/Apple/Apple A/Apple 547.png,apple"
"TRAIN,gs://fruit-recognition/fruit-recognition/Apple/Apple A/Apple 548.png,apple"
"TRAIN,gs://fruit-recognition/fruit-recognition/Apple/Apple A/Apple 549.png,apple"
"TRAIN,gs://fruit-recognition/fruit-recognition/Apple/Apple A/Apple 55.png,apple"
"TRAIN,gs://fruit-recognition/fruit-recognition/Apple/Apple A/Apple 550.png,apple"
"TRAIN,gs://fruit-recognition/fruit-recognition/Apple/Apple A/Apple 551.png,apple"
"TRAIN,gs://fruit-recognition/fruit-recognition/Apple/Apple A/Apple 552.png,apple"
"TRAIN,gs://fruit-recognition/fruit-recognition/Apple/Apple A/Apple 553.png,apple"
"TRAIN,gs://fruit-recognition/fruit-recognition/Apple/Apple A/Apple 554.png,apple"
"TRAIN,gs://fruit-recognition/fruit-recognition/Apple/Apple A/Apple 555.png,apple"
"TRAIN,gs://fruit-recognition/fruit-recognition/Apple/Apple A/Apple 556.png,apple"
"TRAIN,gs://fruit-recognition/fruit-recognition/Apple/Apple A/Apple 557.png,apple"
"TRAIN,gs://fruit-recognition/fruit-recognition/Apple/Apple A/Apple 558.png,apple"
"TRAIN,gs://fruit-recognition/fruit-recognition/Apple/Apple A/Apple 559.png,apple"
"TRAIN,gs://fruit-recognition/fruit-recognition/Apple/Apple A/Apple 56.png,apple"
"TRAIN,gs://fruit-recognition/fruit-recognition/Apple/Apple A/Apple 560.png,apple"
"TRAIN,gs://fruit-recognition/fruit-recognition/Apple/Apple A/Apple 561.png,apple"
"TRAIN,gs://fruit-recognition/fruit-recognition/Apple/Apple A/Apple 562.png,apple"
"TRAIN,gs://fruit-recognition/fruit-recognition/Apple/Apple A/Apple 563.png,apple"
"TRAIN,gs://fruit-recognition/fruit-recognition/Apple/Apple A/Apple 564.png,apple"
"TRAIN,gs://fruit-recognition/fruit-recognition/Apple/Apple A/Apple 565.png,apple"
"TRAIN,gs://fruit-recognition/fruit-recognition/Apple/Apple A/Apple 566.png,apple"
"TRAIN,gs://fruit-recognition/fruit-recognition/Apple/Apple A/Apple 567.png,apple"
"TRAIN,gs://fruit-recognition/fruit-recognition/Apple/Apple A/Apple 568.png,apple"
"TRAIN,gs://fruit-recognition/fruit-recognition/Apple/Apple A/Apple 569.png,apple"
"TRAIN,gs://fruit-recognition/fruit-recognition/Apple/Apple A/Apple 57.png,apple"
"TRAIN,gs://fruit-recognition/fruit-recognition/Apple/Apple A/Apple 570.png,apple"
"TRAIN,gs://fruit-recognition/fruit-recognition/Apple/Apple A/Apple 571.png,apple"
"TRAIN,gs://fruit-recognition/fruit-recognition/Apple/Apple A/Apple 572.png,apple"
"TRAIN,gs://fruit-recognition/fruit-recognition/Apple/Apple A/Apple 573.png,apple"
"TRAIN,gs://fruit-recognition/fruit-recognition/Apple/Apple A/Apple 574.png,apple"
"TRAIN,gs://fruit-recognition/fruit-recognition/Apple/Apple A/Apple 575.png,apple"
"TRAIN,gs://fruit-recognition/fruit-recognition/Apple/Apple A/Apple 576.png,apple"
"TRAIN,gs://fruit-recognition/fruit-recognition/Apple/Apple A/Apple 577.png,apple"
"TRAIN,gs://fruit-recognition/fruit-recognition/Apple/Apple A/Apple 578.png,apple"
"TRAIN,gs://fruit-recognition/fruit-recognition/Apple/Apple A/Apple 579.png,apple"
"TRAIN,gs://fruit-recognition/fruit-recognition/Apple/Apple A/Apple 58.png,apple"
"TRAIN,gs://fruit-recognition/fruit-recognition/Apple/Apple A/Apple 580.png,apple"
"TRAIN,gs://fruit-recognition/fruit-recognition/Apple/Apple A/Apple 581.png,apple"
"TRAIN,gs://fruit-recognition/fruit-recognition/Apple/Apple A/Apple 582.png,apple"
"TRAIN,gs://fruit-recognition/fruit-recognition/Apple/Apple A/Apple 583.png,apple"
"TRAIN,gs://fruit-recognition/fruit-recognition/Apple/Apple A/Apple 584.png,apple"
"TRAIN,gs://fruit-recognition/fruit-recognition/Apple/Apple A/Apple 585.png,apple"
"TRAIN,gs://fruit-recognition/fruit-recognition/Apple/Apple A/Apple 586.png,apple"
"TRAIN,gs://fruit-recognition/fruit-recognition/Apple/Apple A/Apple 587.png,apple"
"TRAIN,gs://fruit-recognition/fruit-recognition/Apple/Apple A/Apple 588.png,apple"
"TRAIN,gs://fruit-recognition/fruit-recognition/Apple/Apple A/Apple 589.png,apple"
"TRAIN,gs://fruit-recognition/fruit-recognition/Apple/Apple A/Apple 59.png,apple"
"TRAIN,gs://fruit-recognition/fruit-recognition/Apple/Apple A/Apple 590.png,apple"
"TRAIN,gs://fruit-recognition/fruit-recognition/Apple/Apple A/Apple 591.png,apple"
"TRAIN,gs://fruit-recognition/fruit-recognition/Apple/Apple A/Apple 592.png,apple"
"TRAIN,gs://fruit-recognition/fruit-recognition/Apple/Apple A/Apple 593.png,apple"
"TRAIN,gs://fruit-recognition/fruit-recognition/Apple/Apple A/Apple 594.png,apple"
"TRAIN,gs://fruit-recognition/fruit-recognition/Apple/Apple A/Apple 595.png,apple"
"TRAIN,gs://fruit-recognition/fruit-recognition/Apple/Apple A/Apple 596.png,apple"
"TRAIN,gs://fruit-recognition/fruit-recognition/Apple/Apple A/Apple 597.png,apple"
"TRAIN,gs://fruit-recognition/fruit-recognition/Apple/Apple A/Apple 598.png,apple"
"TRAIN,gs://fruit-recognition/fruit-recognition/Apple/Apple A/Apple 599.png,apple"
"TRAIN,gs://fruit-recognition/fruit-recognition/Apple/Apple A/Apple 6.png,apple"
"TRAIN,gs://fruit-recognition/fruit-recognition/Apple/Apple A/Apple 60.png,apple"
"TRAIN,gs://fruit-recognition/fruit-recognition/Apple/Apple A/Apple 600.png,apple"
"TRAIN,gs://fruit-recognition/fruit-recognition/Apple/Apple A/Apple 601.png,apple"
"TRAIN,gs://fruit-recognition/fruit-recognition/Apple/Apple A/Apple 602.png,apple"
"TRAIN,gs://fruit-recognition/fruit-recognition/Apple/Apple A/Apple 603.png,apple"
"TRAIN,gs://fruit-recognition/fruit-recognition/Apple/Apple A/Apple 604.png,apple"
"TRAIN,gs://fruit-recognition/fruit-recognition/Apple/Apple A/Apple 605.png,apple"
"TRAIN,gs://fruit-recognition/fruit-recognition/Apple/Apple A/Apple 606.png,apple"
"TRAIN,gs://fruit-recognition/fruit-recognition/Apple/Apple A/Apple 607.png,apple"
"TRAIN,gs://fruit-recognition/fruit-recognition/Apple/Apple A/Apple 608.png,apple"
"TRAIN,gs://fruit-recognition/fruit-recognition/Apple/Apple A/Apple 609.png,apple"
"TRAIN,gs://fruit-recognition/fruit-recognition/Apple/Apple A/Apple 61.png,apple"
"TRAIN,gs://fruit-recognition/fruit-recognition/Apple/Apple A/Apple 610.png,apple"
"TRAIN,gs://fruit-recognition/fruit-recognition/Apple/Apple A/Apple 611.png,apple"
"TRAIN,gs://fruit-recognition/fruit-recognition/Apple/Apple A/Apple 612.png,apple"
"TRAIN,gs://fruit-recognition/fruit-recognition/Apple/Apple A/Apple 613.png,apple"
"TRAIN,gs://fruit-recognition/fruit-recognition/Apple/Apple A/Apple 614.png,apple"
"TRAIN,gs://fruit-recognition/fruit-recognition/Apple/Apple A/Apple 615.png,apple"
"TRAIN,gs://fruit-recognition/fruit-recognition/Apple/Apple A/Apple 616.png,apple"
"TRAIN,gs://fruit-recognition/fruit-recognition/Apple/Apple A/Apple 617.png,apple"
"TRAIN,gs://fruit-recognition/fruit-recognition/Apple/Apple A/Apple 618.png,apple"
"TRAIN,gs://fruit-recognition/fruit-recognition/Apple/Apple A/Apple 619.png,apple"
"TRAIN,gs://fruit-recognition/fruit-recognition/Apple/Apple A/Apple 62.png,apple"
"TRAIN,gs://fruit-recognition/fruit-recognition/Apple/Apple A/Apple 620.png,apple"
"TRAIN,gs://fruit-recognition/fruit-recognition/Apple/Apple A/Apple 621.png,apple"
"TRAIN,gs://fruit-recognition/fruit-recognition/Apple/Apple A/Apple 622.png,apple"
"TRAIN,gs://fruit-recognition/fruit-recognition/Apple/Apple A/Apple 623.png,apple"
"TRAIN,gs://fruit-recognition/fruit-recognition/Apple/Apple A/Apple 624.png,apple"
"TRAIN,gs://fruit-recognition/fruit-recognition/Apple/Apple A/Apple 625.png,apple"
"TRAIN,gs://fruit-recognition/fruit-recognition/Apple/Apple A/Apple 626.png,apple"
"TRAIN,gs://fruit-recognition/fruit-recognition/Apple/Apple A/Apple 627.png,apple"
"TRAIN,gs://fruit-recognition/fruit-recognition/Apple/Apple A/Apple 628.png,apple"
"TRAIN,gs://fruit-recognition/fruit-recognition/Apple/Apple A/Apple 629.png,apple"
"TRAIN,gs://fruit-recognition/fruit-recognition/Apple/Apple A/Apple 63.png,apple"
"TRAIN,gs://fruit-recognition/fruit-recognition/Apple/Apple A/Apple 630.png,apple"
"TRAIN,gs://fruit-recognition/fruit-recognition/Apple/Apple A/Apple 631.png,apple"
"TRAIN,gs://fruit-recognition/fruit-recognition/Apple/Apple A/Apple 632.png,apple"
"TRAIN,gs://fruit-recognition/fruit-recognition/Apple/Apple A/Apple 633.png,apple"
"TRAIN,gs://fruit-recognition/fruit-recognition/Apple/Apple A/Apple 634.png,apple"
"TRAIN,gs://fruit-recognition/fruit-recognition/Apple/Apple A/Apple 635.png,apple"
"TRAIN,gs://fruit-recognition/fruit-recognition/Apple/Apple A/Apple 636.png,apple"
"TRAIN,gs://fruit-recognition/fruit-recognition/Apple/Apple A/Apple 637.png,apple"
"TRAIN,gs://fruit-recognition/fruit-recognition/Apple/Apple A/Apple 638.png,apple"
"TRAIN,gs://fruit-recognition/fruit-recognition/Apple/Apple A/Apple 639.png,apple"
"TRAIN,gs://fruit-recognition/fruit-recognition/Apple/Apple A/Apple 64.png,apple"
"TRAIN,gs://fruit-recognition/fruit-recognition/Apple/Apple A/Apple 640.png,apple"
"TRAIN,gs://fruit-recognition/fruit-recognition/Apple/Apple A/Apple 641.png,apple"
"TRAIN,gs://fruit-recognition/fruit-recognition/Apple/Apple A/Apple 642.png,apple"
"TRAIN,gs://fruit-recognition/fruit-recognition/Apple/Apple A/Apple 643.png,apple"
"TRAIN,gs://fruit-recognition/fruit-recognition/Apple/Apple A/Apple 644.png,apple"
"TRAIN,gs://fruit-recognition/fruit-recognition/Apple/Apple A/Apple 645.png,apple"
"TRAIN,gs://fruit-recognition/fruit-recognition/Apple/Apple A/Apple 646.png,apple"
"TRAIN,gs://fruit-recognition/fruit-recognition/Apple/Apple A/Apple 647.png,apple"
"TRAIN,gs://fruit-recognition/fruit-recognition/Apple/Apple A/Apple 648.png,apple"
"TRAIN,gs://fruit-recognition/fruit-recognition/Apple/Apple A/Apple 649.png,apple"
"TRAIN,gs://fruit-recognition/fruit-recognition/Apple/Apple A/Apple 65.png,apple"
"TRAIN,gs://fruit-recognition/fruit-recognition/Apple/Apple A/Apple 650.png,apple"
"TRAIN,gs://fruit-recognition/fruit-recognition/Apple/Apple A/Apple 651.png,apple"
"TRAIN,gs://fruit-recognition/fruit-recognition/Apple/Apple A/Apple 652.png,apple"
"TRAIN,gs://fruit-recognition/fruit-recognition/Apple/Apple A/Apple 653.png,apple"
"TRAIN,gs://fruit-recognition/fruit-recognition/Apple/Apple A/Apple 654.png,apple"
"TRAIN,gs://fruit-recognition/fruit-recognition/Apple/Apple A/Apple 655.png,apple"
"TRAIN,gs://fruit-recognition/fruit-recognition/Apple/Apple A/Apple 656.png,apple"
"TRAIN,gs://fruit-recognition/fruit-recognition/Apple/Apple A/Apple 657.png,apple"
"TRAIN,gs://fruit-recognition/fruit-recognition/Apple/Apple A/Apple 658.png,apple"
"TRAIN,gs://fruit-recognition/fruit-recognition/Apple/Apple A/Apple 659.png,apple"
"TRAIN,gs://fruit-recognition/fruit-recognition/Apple/Apple A/Apple 66.png,apple"
"TRAIN,gs://fruit-recognition/fruit-recognition/Apple/Apple A/Apple 660.png,apple"
"TRAIN,gs://fruit-recognition/fruit-recognition/Apple/Apple A/Apple 661.png,apple"
"TRAIN,gs://fruit-recognition/fruit-recognition/Apple/Apple A/Apple 662.png,apple"
"TRAIN,gs://fruit-recognition/fruit-recognition/Apple/Apple A/Apple 663.png,apple"
"TRAIN,gs://fruit-recognition/fruit-recognition/Apple/Apple A/Apple 664.png,apple"
"TRAIN,gs://fruit-recognition/fruit-recognition/Apple/Apple A/Apple 665.png,apple"
"TRAIN,gs://fruit-recognition/fruit-recognition/Apple/Apple A/Apple 666.png,apple"
"TRAIN,gs://fruit-recognition/fruit-recognition/Apple/Apple A/Apple 667.png,apple"
"TRAIN,gs://fruit-recognition/fruit-recognition/Apple/Apple A/Apple 668.png,apple"
"TRAIN,gs://fruit-recognition/fruit-recognition/Apple/Apple A/Apple 669.png,apple"
"TRAIN,gs://fruit-recognition/fruit-recognition/Apple/Apple A/Apple 67.png,apple"
"TRAIN,gs://fruit-recognition/fruit-recognition/Apple/Apple A/Apple 670.png,apple"
"TRAIN,gs://fruit-recognition/fruit-recognition/Apple/Apple A/Apple 671.png,apple"
"TRAIN,gs://fruit-recognition/fruit-recognition/Apple/Apple A/Apple 672.png,apple"
"TRAIN,gs://fruit-recognition/fruit-recognition/Apple/Apple A/Apple 673.png,apple"
"TRAIN,gs://fruit-recognition/fruit-recognition/Apple/Apple A/Apple 674.png,apple"
"TRAIN,gs://fruit-recognition/fruit-recognition/Apple/Apple A/Apple 675.png,apple"
"TRAIN,gs://fruit-recognition/fruit-recognition/Apple/Apple A/Apple 676.png,apple"
"TRAIN,gs://fruit-recognition/fruit-recognition/Apple/Apple A/Apple 677.png,apple"
"TRAIN,gs://fruit-recognition/fruit-recognition/Apple/Apple A/Apple 678.png,apple"
"TRAIN,gs://fruit-recognition/fruit-recognition/Apple/Apple A/Apple 679.png,apple"
"TRAIN,gs://fruit-recognition/fruit-recognition/Apple/Apple A/Apple 68.png,apple"
"TRAIN,gs://fruit-recognition/fruit-recognition/Apple/Apple A/Apple 680.png,apple"
"TRAIN,gs://fruit-recognition/fruit-recognition/Apple/Apple A/Apple 681.png,apple"
"TRAIN,gs://fruit-recognition/fruit-recognition/Apple/Apple A/Apple 682.png,apple"
"TRAIN,gs://fruit-recognition/fruit-recognition/Apple/Apple A/Apple 683.png,apple"
"TRAIN,gs://fruit-recognition/fruit-recognition/Apple/Apple A/Apple 684.png,apple"
"TRAIN,gs://fruit-recognition/fruit-recognition/Apple/Apple A/Apple 685.png,apple"
"TRAIN,gs://fruit-recognition/fruit-recognition/Apple/Apple A/Apple 686.png,apple"
"TRAIN,gs://fruit-recognition/fruit-recognition/Apple/Apple A/Apple 687.png,apple"
"TRAIN,gs://fruit-recognition/fruit-recognition/Apple/Apple A/Apple 688.png,apple"
"TRAIN,gs://fruit-recognition/fruit-recognition/Apple/Apple A/Apple 689.png,apple"
"TRAIN,gs://fruit-recognition/fruit-recognition/Apple/Apple A/Apple 69.png,apple"
"TRAIN,gs://fruit-recognition/fruit-recognition/Apple/Apple A/Apple 690.png,apple"
"TRAIN,gs://fruit-recognition/fruit-recognition/Apple/Apple A/Apple 691.png,apple"
"TRAIN,gs://fruit-recognition/fruit-recognition/Apple/Apple A/Apple 692.png,apple"
"TRAIN,gs://fruit-recognition/fruit-recognition/Apple/Apple A/Apple 7.png,apple"
"TRAIN,gs://fruit-recognition/fruit-recognition/Apple/Apple A/Apple 70.png,apple"
"TRAIN,gs://fruit-recognition/fruit-recognition/Apple/Apple A/Apple 71.png,apple"
"TRAIN,gs://fruit-recognition/fruit-recognition/Apple/Apple A/Apple 72.png,apple"
"TRAIN,gs://fruit-recognition/fruit-recognition/Apple/Apple A/Apple 73.png,apple"
"TRAIN,gs://fruit-recognition/fruit-recognition/Apple/Apple A/Apple 74.png,apple"
"TRAIN,gs://fruit-recognition/fruit-recognition/Apple/Apple A/Apple 75.png,apple"
"TRAIN,gs://fruit-recognition/fruit-recognition/Apple/Apple A/Apple 76.png,apple"
"TRAIN,gs://fruit-recognition/fruit-recognition/Apple/Apple A/Apple 77.png,apple"
"TRAIN,gs://fruit-recognition/fruit-recognition/Apple/Apple A/Apple 78.png,apple"
"TRAIN,gs://fruit-recognition/fruit-recognition/Apple/Apple A/Apple 79.png,apple"
"TRAIN,gs://fruit-recognition/fruit-recognition/Apple/Apple A/Apple 8.png,apple"
"TRAIN,gs://fruit-recognition/fruit-recognition/Apple/Apple A/Apple 80.png,apple"
"TRAIN,gs://fruit-recognition/fruit-recognition/Apple/Apple A/Apple 81.png,apple"
"TRAIN,gs://fruit-recognition/fruit-recognition/Apple/Apple A/Apple 82.png,apple"
"TRAIN,gs://fruit-recognition/fruit-recognition/Apple/Apple A/Apple 83.png,apple"
"TRAIN,gs://fruit-recognition/fruit-recognition/Apple/Apple A/Apple 84.png,apple"
"TRAIN,gs://fruit-recognition/fruit-recognition/Apple/Apple A/Apple 85.png,apple"
"TRAIN,gs://fruit-recognition/fruit-recognition/Apple/Apple A/Apple 86.png,apple"
"TRAIN,gs://fruit-recognition/fruit-recognition/Apple/Apple A/Apple 87.png,apple"
"TRAIN,gs://fruit-recognition/fruit-recognition/Apple/Apple A/Apple 88.png,apple"
"TRAIN,gs://fruit-recognition/fruit-recognition/Apple/Apple A/Apple 89.png,apple"
"TRAIN,gs://fruit-recognition/fruit-recognition/Apple/Apple A/Apple 9.png,apple"
"TRAIN,gs://fruit-recognition/fruit-recognition/Apple/Apple A/Apple 90.png,apple"
"TRAIN,gs://fruit-recognition/fruit-recognition/Apple/Apple A/Apple 91.png,apple"
"TRAIN,gs://fruit-recognition/fruit-recognition/Apple/Apple A/Apple 92.png,apple"
"TRAIN,gs://fruit-recognition/fruit-recognition/Apple/Apple A/Apple 93.png,apple"
"TRAIN,gs://fruit-recognition/fruit-recognition/Apple/Apple A/Apple 94.png,apple"
"TRAIN,gs://fruit-recognition/fruit-recognition/Apple/Apple A/Apple 95.png,apple"
"TRAIN,gs://fruit-recognition/fruit-recognition/Apple/Apple A/Apple 96.png,apple"
"TRAIN,gs://fruit-recognition/fruit-recognition/Apple/Apple A/Apple 97.png,apple"
"TRAIN,gs://fruit-recognition/fruit-recognition/Apple/Apple A/Apple 98.png,apple"
"TRAIN,gs://fruit-recognition/fruit-recognition/Apple/Apple A/Apple 99.png,apple"
