"TRAIN,gs://fruit-recognition/fruit-recognition/Mango/Mango001.png,mango"
"TRAIN,gs://fruit-recognition/fruit-recognition/Mango/Mango0010.png,mango"
"TRAIN,gs://fruit-recognition/fruit-recognition/Mango/Mango00100.png,mango"
"TRAIN,gs://fruit-recognition/fruit-recognition/Mango/Mango001000.png,mango"
"TRAIN,gs://fruit-recognition/fruit-recognition/Mango/Mango001001.png,mango"
"TRAIN,gs://fruit-recognition/fruit-recognition/Mango/Mango001002.png,mango"
"TRAIN,gs://fruit-recognition/fruit-recognition/Mango/Mango001003.png,mango"
"TRAIN,gs://fruit-recognition/fruit-recognition/Mango/Mango001004.png,mango"
"TRAIN,gs://fruit-recognition/fruit-recognition/Mango/Mango001005.png,mango"
"TRAIN,gs://fruit-recognition/fruit-recognition/Mango/Mango001006.png,mango"
"TRAIN,gs://fruit-recognition/fruit-recognition/Mango/Mango001007.png,mango"
"TRAIN,gs://fruit-recognition/fruit-recognition/Mango/Mango001008.png,mango"
"TRAIN,gs://fruit-recognition/fruit-recognition/Mango/Mango001009.png,mango"
"TRAIN,gs://fruit-recognition/fruit-recognition/Mango/Mango00101.png,mango"
"TRAIN,gs://fruit-recognition/fruit-recognition/Mango/Mango001010.png,mango"
"TRAIN,gs://fruit-recognition/fruit-recognition/Mango/Mango001011.png,mango"
"TRAIN,gs://fruit-recognition/fruit-recognition/Mango/Mango001012.png,mango"
"TRAIN,gs://fruit-recognition/fruit-recognition/Mango/Mango001013.png,mango"
"TRAIN,gs://fruit-recognition/fruit-recognition/Mango/Mango001014.png,mango"
"TRAIN,gs://fruit-recognition/fruit-recognition/Mango/Mango001015.png,mango"
"TRAIN,gs://fruit-recognition/fruit-recognition/Mango/Mango001016.png,mango"
"TRAIN,gs://fruit-recognition/fruit-recognition/Mango/Mango001017.png,mango"
"TRAIN,gs://fruit-recognition/fruit-recognition/Mango/Mango001018.png,mango"
"TRAIN,gs://fruit-recognition/fruit-recognition/Mango/Mango001019.png,mango"
"TRAIN,gs://fruit-recognition/fruit-recognition/Mango/Mango00102.png,mango"
"TRAIN,gs://fruit-recognition/fruit-recognition/Mango/Mango001020.png,mango"
"TRAIN,gs://fruit-recognition/fruit-recognition/Mango/Mango001021.png,mango"
"TRAIN,gs://fruit-recognition/fruit-recognition/Mango/Mango001022.png,mango"
"TRAIN,gs://fruit-recognition/fruit-recognition/Mango/Mango001023.png,mango"
"TRAIN,gs://fruit-recognition/fruit-recognition/Mango/Mango001024.png,mango"
"TRAIN,gs://fruit-recognition/fruit-recognition/Mango/Mango001025.png,mango"
"TRAIN,gs://fruit-recognition/fruit-recognition/Mango/Mango001026.png,mango"
"TRAIN,gs://fruit-recognition/fruit-recognition/Mango/Mango001027.png,mango"
"TRAIN,gs://fruit-recognition/fruit-recognition/Mango/Mango001028.png,mango"
"TRAIN,gs://fruit-recognition/fruit-recognition/Mango/Mango001029.png,mango"
"TRAIN,gs://fruit-recognition/fruit-recognition/Mango/Mango00103.png,mango"
"TRAIN,gs://fruit-recognition/fruit-recognition/Mango/Mango001030.png,mango"
"TRAIN,gs://fruit-recognition/fruit-recognition/Mango/Mango001031.png,mango"
"TRAIN,gs://fruit-recognition/fruit-recognition/Mango/Mango001032.png,mango"
"TRAIN,gs://fruit-recognition/fruit-recognition/Mango/Mango001033.png,mango"
"TRAIN,gs://fruit-recognition/fruit-recognition/Mango/Mango001034.png,mango"
"TRAIN,gs://fruit-recognition/fruit-recognition/Mango/Mango001035.png,mango"
"TRAIN,gs://fruit-recognition/fruit-recognition/Mango/Mango001036.png,mango"
"TRAIN,gs://fruit-recognition/fruit-recognition/Mango/Mango001037.png,mango"
"TRAIN,gs://fruit-recognition/fruit-recognition/Mango/Mango001038.png,mango"
"TRAIN,gs://fruit-recognition/fruit-recognition/Mango/Mango001039.png,mango"
"TRAIN,gs://fruit-recognition/fruit-recognition/Mango/Mango00104.png,mango"
"TRAIN,gs://fruit-recognition/fruit-recognition/Mango/Mango001040.png,mango"
"TRAIN,gs://fruit-recognition/fruit-recognition/Mango/Mango001041.png,mango"
"TRAIN,gs://fruit-recognition/fruit-recognition/Mango/Mango001042.png,mango"
"TRAIN,gs://fruit-recognition/fruit-recognition/Mango/Mango001043.png,mango"
"TRAIN,gs://fruit-recognition/fruit-recognition/Mango/Mango001044.png,mango"
"TRAIN,gs://fruit-recognition/fruit-recognition/Mango/Mango001045.png,mango"
"TRAIN,gs://fruit-recognition/fruit-recognition/Mango/Mango001046.png,mango"
"TRAIN,gs://fruit-recognition/fruit-recognition/Mango/Mango001047.png,mango"
"TRAIN,gs://fruit-recognition/fruit-recognition/Mango/Mango001048.png,mango"
"TRAIN,gs://fruit-recognition/fruit-recognition/Mango/Mango001049.png,mango"
"TRAIN,gs://fruit-recognition/fruit-recognition/Mango/Mango00105.png,mango"
"TRAIN,gs://fruit-recognition/fruit-recognition/Mango/Mango001050.png,mango"
"TRAIN,gs://fruit-recognition/fruit-recognition/Mango/Mango001051.png,mango"
"TRAIN,gs://fruit-recognition/fruit-recognition/Mango/Mango001052.png,mango"
"TRAIN,gs://fruit-recognition/fruit-recognition/Mango/Mango001053.png,mango"
"TRAIN,gs://fruit-recognition/fruit-recognition/Mango/Mango001054.png,mango"
"TRAIN,gs://fruit-recognition/fruit-recognition/Mango/Mango001055.png,mango"
"TRAIN,gs://fruit-recognition/fruit-recognition/Mango/Mango001056.png,mango"
"TRAIN,gs://fruit-recognition/fruit-recognition/Mango/Mango001057.png,mango"
"TRAIN,gs://fruit-recognition/fruit-recognition/Mango/Mango001058.png,mango"
"TRAIN,gs://fruit-recognition/fruit-recognition/Mango/Mango001059.png,mango"
"TRAIN,gs://fruit-recognition/fruit-recognition/Mango/Mango00106.png,mango"
"TRAIN,gs://fruit-recognition/fruit-recognition/Mango/Mango001060.png,mango"
"TRAIN,gs://fruit-recognition/fruit-recognition/Mango/Mango001061.png,mango"
"TRAIN,gs://fruit-recognition/fruit-recognition/Mango/Mango001062.png,mango"
"TRAIN,gs://fruit-recognition/fruit-recognition/Mango/Mango001063.png,mango"
"TRAIN,gs://fruit-recognition/fruit-recognition/Mango/Mango001064.png,mango"
"TRAIN,gs://fruit-recognition/fruit-recognition/Mango/Mango001065.png,mango"
"TRAIN,gs://fruit-recognition/fruit-recognition/Mango/Mango001066.png,mango"
"TRAIN,gs://fruit-recognition/fruit-recognition/Mango/Mango001067.png,mango"
"TRAIN,gs://fruit-recognition/fruit-recognition/Mango/Mango001068.png,mango"
"TRAIN,gs://fruit-recognition/fruit-recognition/Mango/Mango001069.png,mango"
"TRAIN,gs://fruit-recognition/fruit-recognition/Mango/Mango00107.png,mango"
"TRAIN,gs://fruit-recognition/fruit-recognition/Mango/Mango001070.png,mango"
"TRAIN,gs://fruit-recognition/fruit-recognition/Mango/Mango001071.png,mango"
"TRAIN,gs://fruit-recognition/fruit-recognition/Mango/Mango001072.png,mango"
"TRAIN,gs://fruit-recognition/fruit-recognition/Mango/Mango001073.png,mango"
"TRAIN,gs://fruit-recognition/fruit-recognition/Mango/Mango001074.png,mango"
"TRAIN,gs://fruit-recognition/fruit-recognition/Mango/Mango001075.png,mango"
"TRAIN,gs://fruit-recognition/fruit-recognition/Mango/Mango001076.png,mango"
"TRAIN,gs://fruit-recognition/fruit-recognition/Mango/Mango001077.png,mango"
"TRAIN,gs://fruit-recognition/fruit-recognition/Mango/Mango001078.png,mango"
"TRAIN,gs://fruit-recognition/fruit-recognition/Mango/Mango001079.png,mango"
"TRAIN,gs://fruit-recognition/fruit-recognition/Mango/Mango00108.png,mango"
"TRAIN,gs://fruit-recognition/fruit-recognition/Mango/Mango001080.png,mango"
"TRAIN,gs://fruit-recognition/fruit-recognition/Mango/Mango001081.png,mango"
"TRAIN,gs://fruit-recognition/fruit-recognition/Mango/Mango001082.png,mango"
"TRAIN,gs://fruit-recognition/fruit-recognition/Mango/Mango001083.png,mango"
"TRAIN,gs://fruit-recognition/fruit-recognition/Mango/Mango001084.png,mango"
"TRAIN,gs://fruit-recognition/fruit-recognition/Mango/Mango001085.png,mango"
"TRAIN,gs://fruit-recognition/fruit-recognition/Mango/Mango001086.png,mango"
"TRAIN,gs://fruit-recognition/fruit-recognition/Mango/Mango001087.png,mango"
"TRAIN,gs://fruit-recognition/fruit-recognition/Mango/Mango001088.png,mango"
"TRAIN,gs://fruit-recognition/fruit-recognition/Mango/Mango001089.png,mango"
"TRAIN,gs://fruit-recognition/fruit-recognition/Mango/Mango00109.png,mango"
"TRAIN,gs://fruit-recognition/fruit-recognition/Mango/Mango001090.png,mango"
"TRAIN,gs://fruit-recognition/fruit-recognition/Mango/Mango001091.png,mango"
"TRAIN,gs://fruit-recognition/fruit-recognition/Mango/Mango001092.png,mango"
"TRAIN,gs://fruit-recognition/fruit-recognition/Mango/Mango001093.png,mango"
"TRAIN,gs://fruit-recognition/fruit-recognition/Mango/Mango001094.png,mango"
"TRAIN,gs://fruit-recognition/fruit-recognition/Mango/Mango001095.png,mango"
"TRAIN,gs://fruit-recognition/fruit-recognition/Mango/Mango001096.png,mango"
"TRAIN,gs://fruit-recognition/fruit-recognition/Mango/Mango001097.png,mango"
"TRAIN,gs://fruit-recognition/fruit-recognition/Mango/Mango001098.png,mango"
"TRAIN,gs://fruit-recognition/fruit-recognition/Mango/Mango001099.png,mango"
"TRAIN,gs://fruit-recognition/fruit-recognition/Mango/Mango0011.png,mango"
"TRAIN,gs://fruit-recognition/fruit-recognition/Mango/Mango00110.png,mango"
"TRAIN,gs://fruit-recognition/fruit-recognition/Mango/Mango001100.png,mango"
"TRAIN,gs://fruit-recognition/fruit-recognition/Mango/Mango001101.png,mango"
"TRAIN,gs://fruit-recognition/fruit-recognition/Mango/Mango001102.png,mango"
"TRAIN,gs://fruit-recognition/fruit-recognition/Mango/Mango001103.png,mango"
"TRAIN,gs://fruit-recognition/fruit-recognition/Mango/Mango001104.png,mango"
"TRAIN,gs://fruit-recognition/fruit-recognition/Mango/Mango001105.png,mango"
"TRAIN,gs://fruit-recognition/fruit-recognition/Mango/Mango001106.png,mango"
"TRAIN,gs://fruit-recognition/fruit-recognition/Mango/Mango001107.png,mango"
"TRAIN,gs://fruit-recognition/fruit-recognition/Mango/Mango001108.png,mango"
"TRAIN,gs://fruit-recognition/fruit-recognition/Mango/Mango001109.png,mango"
"TRAIN,gs://fruit-recognition/fruit-recognition/Mango/Mango00111.png,mango"
"TRAIN,gs://fruit-recognition/fruit-recognition/Mango/Mango001110.png,mango"
"TRAIN,gs://fruit-recognition/fruit-recognition/Mango/Mango001111.png,mango"
"TRAIN,gs://fruit-recognition/fruit-recognition/Mango/Mango001112.png,mango"
"TRAIN,gs://fruit-recognition/fruit-recognition/Mango/Mango001113.png,mango"
"TRAIN,gs://fruit-recognition/fruit-recognition/Mango/Mango001114.png,mango"
"TRAIN,gs://fruit-recognition/fruit-recognition/Mango/Mango001115.png,mango"
"TRAIN,gs://fruit-recognition/fruit-recognition/Mango/Mango001116.png,mango"
"TRAIN,gs://fruit-recognition/fruit-recognition/Mango/Mango001117.png,mango"
"TRAIN,gs://fruit-recognition/fruit-recognition/Mango/Mango001118.png,mango"
"TRAIN,gs://fruit-recognition/fruit-recognition/Mango/Mango001119.png,mango"
"TRAIN,gs://fruit-recognition/fruit-recognition/Mango/Mango00112.png,mango"
"TRAIN,gs://fruit-recognition/fruit-recognition/Mango/Mango001120.png,mango"
"TRAIN,gs://fruit-recognition/fruit-recognition/Mango/Mango001121.png,mango"
"TRAIN,gs://fruit-recognition/fruit-recognition/Mango/Mango001122.png,mango"
"TRAIN,gs://fruit-recognition/fruit-recognition/Mango/Mango001123.png,mango"
"TRAIN,gs://fruit-recognition/fruit-recognition/Mango/Mango001124.png,mango"
"TRAIN,gs://fruit-recognition/fruit-recognition/Mango/Mango001125.png,mango"
"TRAIN,gs://fruit-recognition/fruit-recognition/Mango/Mango001126.png,mango"
"TRAIN,gs://fruit-recognition/fruit-recognition/Mango/Mango001127.png,mango"
"TRAIN,gs://fruit-recognition/fruit-recognition/Mango/Mango001128.png,mango"
"TRAIN,gs://fruit-recognition/fruit-recognition/Mango/Mango001129.png,mango"
"TRAIN,gs://fruit-recognition/fruit-recognition/Mango/Mango00113.png,mango"
"TRAIN,gs://fruit-recognition/fruit-recognition/Mango/Mango001130.png,mango"
"TRAIN,gs://fruit-recognition/fruit-recognition/Mango/Mango001131.png,mango"
"TRAIN,gs://fruit-recognition/fruit-recognition/Mango/Mango001132.png,mango"
"TRAIN,gs://fruit-recognition/fruit-recognition/Mango/Mango001133.png,mango"
"TRAIN,gs://fruit-recognition/fruit-recognition/Mango/Mango001135.png,mango"
"TRAIN,gs://fruit-recognition/fruit-recognition/Mango/Mango001136.png,mango"
"TRAIN,gs://fruit-recognition/fruit-recognition/Mango/Mango001137.png,mango"
"TRAIN,gs://fruit-recognition/fruit-recognition/Mango/Mango001138.png,mango"
"TRAIN,gs://fruit-recognition/fruit-recognition/Mango/Mango001139.png,mango"
"TRAIN,gs://fruit-recognition/fruit-recognition/Mango/Mango00114.png,mango"
"TRAIN,gs://fruit-recognition/fruit-recognition/Mango/Mango001140.png,mango"
"TRAIN,gs://fruit-recognition/fruit-recognition/Mango/Mango001141.png,mango"
"TRAIN,gs://fruit-recognition/fruit-recognition/Mango/Mango001142 (1).png,mango"
"TRAIN,gs://fruit-recognition/fruit-recognition/Mango/Mango001142 (2).png,mango"
"TRAIN,gs://fruit-recognition/fruit-recognition/Mango/Mango001142 (3).png,mango"
"TRAIN,gs://fruit-recognition/fruit-recognition/Mango/Mango001144.png,mango"
"TRAIN,gs://fruit-recognition/fruit-recognition/Mango/Mango001145.png,mango"
"TRAIN,gs://fruit-recognition/fruit-recognition/Mango/Mango001146.png,mango"
"TRAIN,gs://fruit-recognition/fruit-recognition/Mango/Mango001147.png,mango"
"TRAIN,gs://fruit-recognition/fruit-recognition/Mango/Mango001148.png,mango"
"TRAIN,gs://fruit-recognition/fruit-recognition/Mango/Mango001149.png,mango"
"TRAIN,gs://fruit-recognition/fruit-recognition/Mango/Mango00115.png,mango"
"TRAIN,gs://fruit-recognition/fruit-recognition/Mango/Mango001150.png,mango"
"TRAIN,gs://fruit-recognition/fruit-recognition/Mango/Mango001151.png,mango"
"TRAIN,gs://fruit-recognition/fruit-recognition/Mango/Mango001152.png,mango"
"TRAIN,gs://fruit-recognition/fruit-recognition/Mango/Mango001153.png,mango"
"TRAIN,gs://fruit-recognition/fruit-recognition/Mango/Mango001154.png,mango"
"TRAIN,gs://fruit-recognition/fruit-recognition/Mango/Mango001155.png,mango"
"TRAIN,gs://fruit-recognition/fruit-recognition/Mango/Mango001156.png,mango"
"TRAIN,gs://fruit-recognition/fruit-recognition/Mango/Mango001157.png,mango"
"TRAIN,gs://fruit-recognition/fruit-recognition/Mango/Mango001158.png,mango"
"TRAIN,gs://fruit-recognition/fruit-recognition/Mango/Mango001159.png,mango"
"TRAIN,gs://fruit-recognition/fruit-recognition/Mango/Mango00116.png,mango"
"TRAIN,gs://fruit-recognition/fruit-recognition/Mango/Mango001160.png,mango"
"TRAIN,gs://fruit-recognition/fruit-recognition/Mango/Mango001161.png,mango"
"TRAIN,gs://fruit-recognition/fruit-recognition/Mango/Mango001162.png,mango"
"TRAIN,gs://fruit-recognition/fruit-recognition/Mango/Mango001163.png,mango"
"TRAIN,gs://fruit-recognition/fruit-recognition/Mango/Mango001164.png,mango"
"TRAIN,gs://fruit-recognition/fruit-recognition/Mango/Mango001165.png,mango"
"TRAIN,gs://fruit-recognition/fruit-recognition/Mango/Mango001166.png,mango"
"TRAIN,gs://fruit-recognition/fruit-recognition/Mango/Mango001167.png,mango"
"TRAIN,gs://fruit-recognition/fruit-recognition/Mango/Mango001168.png,mango"
"TRAIN,gs://fruit-recognition/fruit-recognition/Mango/Mango001169.png,mango"
"TRAIN,gs://fruit-recognition/fruit-recognition/Mango/Mango00117.png,mango"
"TRAIN,gs://fruit-recognition/fruit-recognition/Mango/Mango001170.png,mango"
"TRAIN,gs://fruit-recognition/fruit-recognition/Mango/Mango001171.png,mango"
"TRAIN,gs://fruit-recognition/fruit-recognition/Mango/Mango001172.png,mango"
"TRAIN,gs://fruit-recognition/fruit-recognition/Mango/Mango001173.png,mango"
"TRAIN,gs://fruit-recognition/fruit-recognition/Mango/Mango001174.png,mango"
"TRAIN,gs://fruit-recognition/fruit-recognition/Mango/Mango001175.png,mango"
"TRAIN,gs://fruit-recognition/fruit-recognition/Mango/Mango001176.png,mango"
"TRAIN,gs://fruit-recognition/fruit-recognition/Mango/Mango001177.png,mango"
"TRAIN,gs://fruit-recognition/fruit-recognition/Mango/Mango001178.png,mango"
"TRAIN,gs://fruit-recognition/fruit-recognition/Mango/Mango001179.png,mango"
"TRAIN,gs://fruit-recognition/fruit-recognition/Mango/Mango00118.png,mango"
"TRAIN,gs://fruit-recognition/fruit-recognition/Mango/Mango001180.png,mango"
"TRAIN,gs://fruit-recognition/fruit-recognition/Mango/Mango001181.png,mango"
"TRAIN,gs://fruit-recognition/fruit-recognition/Mango/Mango001182.png,mango"
"TRAIN,gs://fruit-recognition/fruit-recognition/Mango/Mango001183.png,mango"
"TRAIN,gs://fruit-recognition/fruit-recognition/Mango/Mango001184.png,mango"
"TRAIN,gs://fruit-recognition/fruit-recognition/Mango/Mango001185.png,mango"
"TRAIN,gs://fruit-recognition/fruit-recognition/Mango/Mango001186.png,mango"
"TRAIN,gs://fruit-recognition/fruit-recognition/Mango/Mango001187.png,mango"
"TRAIN,gs://fruit-recognition/fruit-recognition/Mango/Mango001188.png,mango"
"TRAIN,gs://fruit-recognition/fruit-recognition/Mango/Mango001189.png,mango"
"TRAIN,gs://fruit-recognition/fruit-recognition/Mango/Mango00119.png,mango"
"TRAIN,gs://fruit-recognition/fruit-recognition/Mango/Mango001190.png,mango"
"TRAIN,gs://fruit-recognition/fruit-recognition/Mango/Mango001191.png,mango"
"TRAIN,gs://fruit-recognition/fruit-recognition/Mango/Mango001192.png,mango"
"TRAIN,gs://fruit-recognition/fruit-recognition/Mango/Mango001193.png,mango"
"TRAIN,gs://fruit-recognition/fruit-recognition/Mango/Mango001194.png,mango"
"TRAIN,gs://fruit-recognition/fruit-recognition/Mango/Mango001195.png,mango"
"TRAIN,gs://fruit-recognition/fruit-recognition/Mango/Mango001196.png,mango"
"TRAIN,gs://fruit-recognition/fruit-recognition/Mango/Mango001197.png,mango"
"TRAIN,gs://fruit-recognition/fruit-recognition/Mango/Mango001198.png,mango"
"TRAIN,gs://fruit-recognition/fruit-recognition/Mango/Mango001199.png,mango"
"TRAIN,gs://fruit-recognition/fruit-recognition/Mango/Mango0012.png,mango"
"TRAIN,gs://fruit-recognition/fruit-recognition/Mango/Mango00120.png,mango"
"TRAIN,gs://fruit-recognition/fruit-recognition/Mango/Mango001200.png,mango"
"TRAIN,gs://fruit-recognition/fruit-recognition/Mango/Mango001201.png,mango"
"TRAIN,gs://fruit-recognition/fruit-recognition/Mango/Mango001202.png,mango"
"TRAIN,gs://fruit-recognition/fruit-recognition/Mango/Mango001203.png,mango"
"TRAIN,gs://fruit-recognition/fruit-recognition/Mango/Mango001204.png,mango"
"TRAIN,gs://fruit-recognition/fruit-recognition/Mango/Mango001205.png,mango"
"TRAIN,gs://fruit-recognition/fruit-recognition/Mango/Mango001206.png,mango"
"TRAIN,gs://fruit-recognition/fruit-recognition/Mango/Mango001207.png,mango"
"TRAIN,gs://fruit-recognition/fruit-recognition/Mango/Mango001208.png,mango"
"TRAIN,gs://fruit-recognition/fruit-recognition/Mango/Mango001209.png,mango"
"TRAIN,gs://fruit-recognition/fruit-recognition/Mango/Mango00121.png,mango"
"TRAIN,gs://fruit-recognition/fruit-recognition/Mango/Mango001210.png,mango"
"TRAIN,gs://fruit-recognition/fruit-recognition/Mango/Mango001211.png,mango"
"TRAIN,gs://fruit-recognition/fruit-recognition/Mango/Mango001212.png,mango"
"TRAIN,gs://fruit-recognition/fruit-recognition/Mango/Mango001213.png,mango"
"TRAIN,gs://fruit-recognition/fruit-recognition/Mango/Mango001214.png,mango"
"TRAIN,gs://fruit-recognition/fruit-recognition/Mango/Mango001215.png,mango"
"TRAIN,gs://fruit-recognition/fruit-recognition/Mango/Mango001216.png,mango"
"TRAIN,gs://fruit-recognition/fruit-recognition/Mango/Mango001217.png,mango"
"TRAIN,gs://fruit-recognition/fruit-recognition/Mango/Mango001218.png,mango"
"TRAIN,gs://fruit-recognition/fruit-recognition/Mango/Mango001219.png,mango"
"TRAIN,gs://fruit-recognition/fruit-recognition/Mango/Mango00122.png,mango"
"TRAIN,gs://fruit-recognition/fruit-recognition/Mango/Mango001220.png,mango"
"TRAIN,gs://fruit-recognition/fruit-recognition/Mango/Mango001221.png,mango"
"TRAIN,gs://fruit-recognition/fruit-recognition/Mango/Mango001222.png,mango"
"TRAIN,gs://fruit-recognition/fruit-recognition/Mango/Mango001223.png,mango"
"TRAIN,gs://fruit-recognition/fruit-recognition/Mango/Mango001224.png,mango"
"TRAIN,gs://fruit-recognition/fruit-recognition/Mango/Mango001225.png,mango"
"TRAIN,gs://fruit-recognition/fruit-recognition/Mango/Mango001226.png,mango"
"TRAIN,gs://fruit-recognition/fruit-recognition/Mango/Mango001227.png,mango"
"TRAIN,gs://fruit-recognition/fruit-recognition/Mango/Mango001228.png,mango"
"TRAIN,gs://fruit-recognition/fruit-recognition/Mango/Mango001229.png,mango"
"TRAIN,gs://fruit-recognition/fruit-recognition/Mango/Mango00123.png,mango"
"TRAIN,gs://fruit-recognition/fruit-recognition/Mango/Mango001230.png,mango"
"TRAIN,gs://fruit-recognition/fruit-recognition/Mango/Mango001231.png,mango"
"TRAIN,gs://fruit-recognition/fruit-recognition/Mango/Mango001232.png,mango"
"TRAIN,gs://fruit-recognition/fruit-recognition/Mango/Mango001233.png,mango"
"TRAIN,gs://fruit-recognition/fruit-recognition/Mango/Mango001234.png,mango"
"TRAIN,gs://fruit-recognition/fruit-recognition/Mango/Mango001235.png,mango"
"TRAIN,gs://fruit-recognition/fruit-recognition/Mango/Mango001236.png,mango"
"TRAIN,gs://fruit-recognition/fruit-recognition/Mango/Mango001237.png,mango"
"TRAIN,gs://fruit-recognition/fruit-recognition/Mango/Mango001238.png,mango"
"TRAIN,gs://fruit-recognition/fruit-recognition/Mango/Mango001239.png,mango"
"TRAIN,gs://fruit-recognition/fruit-recognition/Mango/Mango00124.png,mango"
"TRAIN,gs://fruit-recognition/fruit-recognition/Mango/Mango001240.png,mango"
"TRAIN,gs://fruit-recognition/fruit-recognition/Mango/Mango001241.png,mango"
"TRAIN,gs://fruit-recognition/fruit-recognition/Mango/Mango001242.png,mango"
"TRAIN,gs://fruit-recognition/fruit-recognition/Mango/Mango001243.png,mango"
"TRAIN,gs://fruit-recognition/fruit-recognition/Mango/Mango001244.png,mango"
"TRAIN,gs://fruit-recognition/fruit-recognition/Mango/Mango001245.png,mango"
"TRAIN,gs://fruit-recognition/fruit-recognition/Mango/Mango001246.png,mango"
"TRAIN,gs://fruit-recognition/fruit-recognition/Mango/Mango001247.png,mango"
"TRAIN,gs://fruit-recognition/fruit-recognition/Mango/Mango001248.png,mango"
"TRAIN,gs://fruit-recognition/fruit-recognition/Mango/Mango001249.png,mango"
"TRAIN,gs://fruit-recognition/fruit-recognition/Mango/Mango00125.png,mango"
"TRAIN,gs://fruit-recognition/fruit-recognition/Mango/Mango001250.png,mango"
"TRAIN,gs://fruit-recognition/fruit-recognition/Mango/Mango001251.png,mango"
"TRAIN,gs://fruit-recognition/fruit-recognition/Mango/Mango001252.png,mango"
"TRAIN,gs://fruit-recognition/fruit-recognition/Mango/Mango001253.png,mango"
"TRAIN,gs://fruit-recognition/fruit-recognition/Mango/Mango001254.png,mango"
"TRAIN,gs://fruit-recognition/fruit-recognition/Mango/Mango001255.png,mango"
"TRAIN,gs://fruit-recognition/fruit-recognition/Mango/Mango001256.png,mango"
"TRAIN,gs://fruit-recognition/fruit-recognition/Mango/Mango001257.png,mango"
"TRAIN,gs://fruit-recognition/fruit-recognition/Mango/Mango001258.png,mango"
"TRAIN,gs://fruit-recognition/fruit-recognition/Mango/Mango001259.png,mango"
"TRAIN,gs://fruit-recognition/fruit-recognition/Mango/Mango00126.png,mango"
"TRAIN,gs://fruit-recognition/fruit-recognition/Mango/Mango001260.png,mango"
"TRAIN,gs://fruit-recognition/fruit-recognition/Mango/Mango001261.png,mango"
"TRAIN,gs://fruit-recognition/fruit-recognition/Mango/Mango001262.png,mango"
"TRAIN,gs://fruit-recognition/fruit-recognition/Mango/Mango001263.png,mango"
"TRAIN,gs://fruit-recognition/fruit-recognition/Mango/Mango001264.png,mango"
"TRAIN,gs://fruit-recognition/fruit-recognition/Mango/Mango001265.png,mango"
"TRAIN,gs://fruit-recognition/fruit-recognition/Mango/Mango001266.png,mango"
"TRAIN,gs://fruit-recognition/fruit-recognition/Mango/Mango001267.png,mango"
"TRAIN,gs://fruit-recognition/fruit-recognition/Mango/Mango001268.png,mango"
"TRAIN,gs://fruit-recognition/fruit-recognition/Mango/Mango001269.png,mango"
"TRAIN,gs://fruit-recognition/fruit-recognition/Mango/Mango00127.png,mango"
"TRAIN,gs://fruit-recognition/fruit-recognition/Mango/Mango001270.png,mango"
"TRAIN,gs://fruit-recognition/fruit-recognition/Mango/Mango001271.png,mango"
"TRAIN,gs://fruit-recognition/fruit-recognition/Mango/Mango001272.png,mango"
"TRAIN,gs://fruit-recognition/fruit-recognition/Mango/Mango001273.png,mango"
"TRAIN,gs://fruit-recognition/fruit-recognition/Mango/Mango001274.png,mango"
"TRAIN,gs://fruit-recognition/fruit-recognition/Mango/Mango001275.png,mango"
"TRAIN,gs://fruit-recognition/fruit-recognition/Mango/Mango001276.png,mango"
"TRAIN,gs://fruit-recognition/fruit-recognition/Mango/Mango001277.png,mango"
"TRAIN,gs://fruit-recognition/fruit-recognition/Mango/Mango001278.png,mango"
"TRAIN,gs://fruit-recognition/fruit-recognition/Mango/Mango001279.png,mango"
"TRAIN,gs://fruit-recognition/fruit-recognition/Mango/Mango00128.png,mango"
"TRAIN,gs://fruit-recognition/fruit-recognition/Mango/Mango001280.png,mango"
"TRAIN,gs://fruit-recognition/fruit-recognition/Mango/Mango001281.png,mango"
"TRAIN,gs://fruit-recognition/fruit-recognition/Mango/Mango001282.png,mango"
"TRAIN,gs://fruit-recognition/fruit-recognition/Mango/Mango001283.png,mango"
"TRAIN,gs://fruit-recognition/fruit-recognition/Mango/Mango001284.png,mango"
"TRAIN,gs://fruit-recognition/fruit-recognition/Mango/Mango001285.png,mango"
"TRAIN,gs://fruit-recognition/fruit-recognition/Mango/Mango001286.png,mango"
"TRAIN,gs://fruit-recognition/fruit-recognition/Mango/Mango001287.png,mango"
"TRAIN,gs://fruit-recognition/fruit-recognition/Mango/Mango001288.png,mango"
"TRAIN,gs://fruit-recognition/fruit-recognition/Mango/Mango001289.png,mango"
"TRAIN,gs://fruit-recognition/fruit-recognition/Mango/Mango00129.png,mango"
"TRAIN,gs://fruit-recognition/fruit-recognition/Mango/Mango001290.png,mango"
"TRAIN,gs://fruit-recognition/fruit-recognition/Mango/Mango001291.png,mango"
"TRAIN,gs://fruit-recognition/fruit-recognition/Mango/Mango001292.png,mango"
"TRAIN,gs://fruit-recognition/fruit-recognition/Mango/Mango001293.png,mango"
"TRAIN,gs://fruit-recognition/fruit-recognition/Mango/Mango001294.png,mango"
"TRAIN,gs://fruit-recognition/fruit-recognition/Mango/Mango001295.png,mango"
"TRAIN,gs://fruit-recognition/fruit-recognition/Mango/Mango001296.png,mango"
"TRAIN,gs://fruit-recognition/fruit-recognition/Mango/Mango001297.png,mango"
"TRAIN,gs://fruit-recognition/fruit-recognition/Mango/Mango001298.png,mango"
"TRAIN,gs://fruit-recognition/fruit-recognition/Mango/Mango001299.png,mango"
"TRAIN,gs://fruit-recognition/fruit-recognition/Mango/Mango0013.png,mango"
"TRAIN,gs://fruit-recognition/fruit-recognition/Mango/Mango00130.png,mango"
"TRAIN,gs://fruit-recognition/fruit-recognition/Mango/Mango001300.png,mango"
"TRAIN,gs://fruit-recognition/fruit-recognition/Mango/Mango001301.png,mango"
"TRAIN,gs://fruit-recognition/fruit-recognition/Mango/Mango001302.png,mango"
"TRAIN,gs://fruit-recognition/fruit-recognition/Mango/Mango001303.png,mango"
"TRAIN,gs://fruit-recognition/fruit-recognition/Mango/Mango001304.png,mango"
"TRAIN,gs://fruit-recognition/fruit-recognition/Mango/Mango001305.png,mango"
"TRAIN,gs://fruit-recognition/fruit-recognition/Mango/Mango001306.png,mango"
"TRAIN,gs://fruit-recognition/fruit-recognition/Mango/Mango001307.png,mango"
"TRAIN,gs://fruit-recognition/fruit-recognition/Mango/Mango001308.png,mango"
"TRAIN,gs://fruit-recognition/fruit-recognition/Mango/Mango001309.png,mango"
"TRAIN,gs://fruit-recognition/fruit-recognition/Mango/Mango00131.png,mango"
"TRAIN,gs://fruit-recognition/fruit-recognition/Mango/Mango001310.png,mango"
"TRAIN,gs://fruit-recognition/fruit-recognition/Mango/Mango001311.png,mango"
"TRAIN,gs://fruit-recognition/fruit-recognition/Mango/Mango001312.png,mango"
"TRAIN,gs://fruit-recognition/fruit-recognition/Mango/Mango001313.png,mango"
"TRAIN,gs://fruit-recognition/fruit-recognition/Mango/Mango001314.png,mango"
"TRAIN,gs://fruit-recognition/fruit-recognition/Mango/Mango001315.png,mango"
"TRAIN,gs://fruit-recognition/fruit-recognition/Mango/Mango001316.png,mango"
"TRAIN,gs://fruit-recognition/fruit-recognition/Mango/Mango001317.png,mango"
"TRAIN,gs://fruit-recognition/fruit-recognition/Mango/Mango001318.png,mango"
"TRAIN,gs://fruit-recognition/fruit-recognition/Mango/Mango001319.png,mango"
"TRAIN,gs://fruit-recognition/fruit-recognition/Mango/Mango00132.png,mango"
"TRAIN,gs://fruit-recognition/fruit-recognition/Mango/Mango001320.png,mango"
"TRAIN,gs://fruit-recognition/fruit-recognition/Mango/Mango001321.png,mango"
"TRAIN,gs://fruit-recognition/fruit-recognition/Mango/Mango001322.png,mango"
"TRAIN,gs://fruit-recognition/fruit-recognition/Mango/Mango001323.png,mango"
"TRAIN,gs://fruit-recognition/fruit-recognition/Mango/Mango001324.png,mango"
"TRAIN,gs://fruit-recognition/fruit-recognition/Mango/Mango001325.png,mango"
"TRAIN,gs://fruit-recognition/fruit-recognition/Mango/Mango001326.png,mango"
"TRAIN,gs://fruit-recognition/fruit-recognition/Mango/Mango001327.png,mango"
"TRAIN,gs://fruit-recognition/fruit-recognition/Mango/Mango001328.png,mango"
"TRAIN,gs://fruit-recognition/fruit-recognition/Mango/Mango001329.png,mango"
"TRAIN,gs://fruit-recognition/fruit-recognition/Mango/Mango00133.png,mango"
"TRAIN,gs://fruit-recognition/fruit-recognition/Mango/Mango001330.png,mango"
"TRAIN,gs://fruit-recognition/fruit-recognition/Mango/Mango001331.png,mango"
"TRAIN,gs://fruit-recognition/fruit-recognition/Mango/Mango001332.png,mango"
"TRAIN,gs://fruit-recognition/fruit-recognition/Mango/Mango001333.png,mango"
"TRAIN,gs://fruit-recognition/fruit-recognition/Mango/Mango001334.png,mango"
"TRAIN,gs://fruit-recognition/fruit-recognition/Mango/Mango001335.png,mango"
"TRAIN,gs://fruit-recognition/fruit-recognition/Mango/Mango001336.png,mango"
"TRAIN,gs://fruit-recognition/fruit-recognition/Mango/Mango001337.png,mango"
"TRAIN,gs://fruit-recognition/fruit-recognition/Mango/Mango001338.png,mango"
"TRAIN,gs://fruit-recognition/fruit-recognition/Mango/Mango001339.png,mango"
"TRAIN,gs://fruit-recognition/fruit-recognition/Mango/Mango00134.png,mango"
"TRAIN,gs://fruit-recognition/fruit-recognition/Mango/Mango001340.png,mango"
"TRAIN,gs://fruit-recognition/fruit-recognition/Mango/Mango001341.png,mango"
"TRAIN,gs://fruit-recognition/fruit-recognition/Mango/Mango001342.png,mango"
"TRAIN,gs://fruit-recognition/fruit-recognition/Mango/Mango001343.png,mango"
"TRAIN,gs://fruit-recognition/fruit-recognition/Mango/Mango001344.png,mango"
"TRAIN,gs://fruit-recognition/fruit-recognition/Mango/Mango001345.png,mango"
"TRAIN,gs://fruit-recognition/fruit-recognition/Mango/Mango001346.png,mango"
"TRAIN,gs://fruit-recognition/fruit-recognition/Mango/Mango001347.png,mango"
"TRAIN,gs://fruit-recognition/fruit-recognition/Mango/Mango001348.png,mango"
"TRAIN,gs://fruit-recognition/fruit-recognition/Mango/Mango001349.png,mango"
"TRAIN,gs://fruit-recognition/fruit-recognition/Mango/Mango00135.png,mango"
"TRAIN,gs://fruit-recognition/fruit-recognition/Mango/Mango001350.png,mango"
"TRAIN,gs://fruit-recognition/fruit-recognition/Mango/Mango001351.png,mango"
"TRAIN,gs://fruit-recognition/fruit-recognition/Mango/Mango001352.png,mango"
"TRAIN,gs://fruit-recognition/fruit-recognition/Mango/Mango001353.png,mango"
"TRAIN,gs://fruit-recognition/fruit-recognition/Mango/Mango001354.png,mango"
"TRAIN,gs://fruit-recognition/fruit-recognition/Mango/Mango001355.png,mango"
"TRAIN,gs://fruit-recognition/fruit-recognition/Mango/Mango001356.png,mango"
"TRAIN,gs://fruit-recognition/fruit-recognition/Mango/Mango001357.png,mango"
"TRAIN,gs://fruit-recognition/fruit-recognition/Mango/Mango001358.png,mango"
"TRAIN,gs://fruit-recognition/fruit-recognition/Mango/Mango001359.png,mango"
"TRAIN,gs://fruit-recognition/fruit-recognition/Mango/Mango00136.png,mango"
"TRAIN,gs://fruit-recognition/fruit-recognition/Mango/Mango001360.png,mango"
"TRAIN,gs://fruit-recognition/fruit-recognition/Mango/Mango001361.png,mango"
"TRAIN,gs://fruit-recognition/fruit-recognition/Mango/Mango001362.png,mango"
"TRAIN,gs://fruit-recognition/fruit-recognition/Mango/Mango001363.png,mango"
"TRAIN,gs://fruit-recognition/fruit-recognition/Mango/Mango001364.png,mango"
"TRAIN,gs://fruit-recognition/fruit-recognition/Mango/Mango001365.png,mango"
"TRAIN,gs://fruit-recognition/fruit-recognition/Mango/Mango001366.png,mango"
"TRAIN,gs://fruit-recognition/fruit-recognition/Mango/Mango001367.png,mango"
"TRAIN,gs://fruit-recognition/fruit-recognition/Mango/Mango001368.png,mango"
"TRAIN,gs://fruit-recognition/fruit-recognition/Mango/Mango001369.png,mango"
"TRAIN,gs://fruit-recognition/fruit-recognition/Mango/Mango00137.png,mango"
"TRAIN,gs://fruit-recognition/fruit-recognition/Mango/Mango001370.png,mango"
"TRAIN,gs://fruit-recognition/fruit-recognition/Mango/Mango001371.png,mango"
"TRAIN,gs://fruit-recognition/fruit-recognition/Mango/Mango001372.png,mango"
"TRAIN,gs://fruit-recognition/fruit-recognition/Mango/Mango001373.png,mango"
"TRAIN,gs://fruit-recognition/fruit-recognition/Mango/Mango001374.png,mango"
"TRAIN,gs://fruit-recognition/fruit-recognition/Mango/Mango001375.png,mango"
"TRAIN,gs://fruit-recognition/fruit-recognition/Mango/Mango001376.png,mango"
"TRAIN,gs://fruit-recognition/fruit-recognition/Mango/Mango001377.png,mango"
"TRAIN,gs://fruit-recognition/fruit-recognition/Mango/Mango001378.png,mango"
"TRAIN,gs://fruit-recognition/fruit-recognition/Mango/Mango001379.png,mango"
"TRAIN,gs://fruit-recognition/fruit-recognition/Mango/Mango00138.png,mango"
"TRAIN,gs://fruit-recognition/fruit-recognition/Mango/Mango001380.png,mango"
"TRAIN,gs://fruit-recognition/fruit-recognition/Mango/Mango001381.png,mango"
"TRAIN,gs://fruit-recognition/fruit-recognition/Mango/Mango001382.png,mango"
"TRAIN,gs://fruit-recognition/fruit-recognition/Mango/Mango001383.png,mango"
"TRAIN,gs://fruit-recognition/fruit-recognition/Mango/Mango001384.png,mango"
"TRAIN,gs://fruit-recognition/fruit-recognition/Mango/Mango001385.png,mango"
"TRAIN,gs://fruit-recognition/fruit-recognition/Mango/Mango001386.png,mango"
"TRAIN,gs://fruit-recognition/fruit-recognition/Mango/Mango001387.png,mango"
"TRAIN,gs://fruit-recognition/fruit-recognition/Mango/Mango001388.png,mango"
"TRAIN,gs://fruit-recognition/fruit-recognition/Mango/Mango001389.png,mango"
"TRAIN,gs://fruit-recognition/fruit-recognition/Mango/Mango00139.png,mango"
"TRAIN,gs://fruit-recognition/fruit-recognition/Mango/Mango001390.png,mango"
"TRAIN,gs://fruit-recognition/fruit-recognition/Mango/Mango001391.png,mango"
"TRAIN,gs://fruit-recognition/fruit-recognition/Mango/Mango001392.png,mango"
"TRAIN,gs://fruit-recognition/fruit-recognition/Mango/Mango001393.png,mango"
"TRAIN,gs://fruit-recognition/fruit-recognition/Mango/Mango001394.png,mango"
"TRAIN,gs://fruit-recognition/fruit-recognition/Mango/Mango001395.png,mango"
"TRAIN,gs://fruit-recognition/fruit-recognition/Mango/Mango001396.png,mango"
"TRAIN,gs://fruit-recognition/fruit-recognition/Mango/Mango001397.png,mango"
"TRAIN,gs://fruit-recognition/fruit-recognition/Mango/Mango001398.png,mango"
"TRAIN,gs://fruit-recognition/fruit-recognition/Mango/Mango001399.png,mango"
"TRAIN,gs://fruit-recognition/fruit-recognition/Mango/Mango0014.png,mango"
"TRAIN,gs://fruit-recognition/fruit-recognition/Mango/Mango00140.png,mango"
"TRAIN,gs://fruit-recognition/fruit-recognition/Mango/Mango001400.png,mango"
"TRAIN,gs://fruit-recognition/fruit-recognition/Mango/Mango001401.png,mango"
"TRAIN,gs://fruit-recognition/fruit-recognition/Mango/Mango001402.png,mango"
"TRAIN,gs://fruit-recognition/fruit-recognition/Mango/Mango001403.png,mango"
"TRAIN,gs://fruit-recognition/fruit-recognition/Mango/Mango001404.png,mango"
"TRAIN,gs://fruit-recognition/fruit-recognition/Mango/Mango001405.png,mango"
"TRAIN,gs://fruit-recognition/fruit-recognition/Mango/Mango001406.png,mango"
"TRAIN,gs://fruit-recognition/fruit-recognition/Mango/Mango001407.png,mango"
"TRAIN,gs://fruit-recognition/fruit-recognition/Mango/Mango001408.png,mango"
"TRAIN,gs://fruit-recognition/fruit-recognition/Mango/Mango001409.png,mango"
"TRAIN,gs://fruit-recognition/fruit-recognition/Mango/Mango00141.png,mango"
"TRAIN,gs://fruit-recognition/fruit-recognition/Mango/Mango001410.png,mango"
"TRAIN,gs://fruit-recognition/fruit-recognition/Mango/Mango001411.png,mango"
"TRAIN,gs://fruit-recognition/fruit-recognition/Mango/Mango001412.png,mango"
"TRAIN,gs://fruit-recognition/fruit-recognition/Mango/Mango001413.png,mango"
"TRAIN,gs://fruit-recognition/fruit-recognition/Mango/Mango001414.png,mango"
"TRAIN,gs://fruit-recognition/fruit-recognition/Mango/Mango001415.png,mango"
"TRAIN,gs://fruit-recognition/fruit-recognition/Mango/Mango001416.png,mango"
"TRAIN,gs://fruit-recognition/fruit-recognition/Mango/Mango001417.png,mango"
"TRAIN,gs://fruit-recognition/fruit-recognition/Mango/Mango001418.png,mango"
"TRAIN,gs://fruit-recognition/fruit-recognition/Mango/Mango001419.png,mango"
"TRAIN,gs://fruit-recognition/fruit-recognition/Mango/Mango00142.png,mango"
"TRAIN,gs://fruit-recognition/fruit-recognition/Mango/Mango001420.png,mango"
"TRAIN,gs://fruit-recognition/fruit-recognition/Mango/Mango001421.png,mango"
"TRAIN,gs://fruit-recognition/fruit-recognition/Mango/Mango001422.png,mango"
"TRAIN,gs://fruit-recognition/fruit-recognition/Mango/Mango001423.png,mango"
"TRAIN,gs://fruit-recognition/fruit-recognition/Mango/Mango001424.png,mango"
"TRAIN,gs://fruit-recognition/fruit-recognition/Mango/Mango001425.png,mango"
"TRAIN,gs://fruit-recognition/fruit-recognition/Mango/Mango001426.png,mango"
"TRAIN,gs://fruit-recognition/fruit-recognition/Mango/Mango001427.png,mango"
"TRAIN,gs://fruit-recognition/fruit-recognition/Mango/Mango001428.png,mango"
"TRAIN,gs://fruit-recognition/fruit-recognition/Mango/Mango001429.png,mango"
"TRAIN,gs://fruit-recognition/fruit-recognition/Mango/Mango00143.png,mango"
"TRAIN,gs://fruit-recognition/fruit-recognition/Mango/Mango001430.png,mango"
"TRAIN,gs://fruit-recognition/fruit-recognition/Mango/Mango001431.png,mango"
"TRAIN,gs://fruit-recognition/fruit-recognition/Mango/Mango001432.png,mango"
"TRAIN,gs://fruit-recognition/fruit-recognition/Mango/Mango001433.png,mango"
"TRAIN,gs://fruit-recognition/fruit-recognition/Mango/Mango001434.png,mango"
"TRAIN,gs://fruit-recognition/fruit-recognition/Mango/Mango001435.png,mango"
"TRAIN,gs://fruit-recognition/fruit-recognition/Mango/Mango001436.png,mango"
"TRAIN,gs://fruit-recognition/fruit-recognition/Mango/Mango001437.png,mango"
"TRAIN,gs://fruit-recognition/fruit-recognition/Mango/Mango001438.png,mango"
"TRAIN,gs://fruit-recognition/fruit-recognition/Mango/Mango001439.png,mango"
"TRAIN,gs://fruit-recognition/fruit-recognition/Mango/Mango00144.png,mango"
"TRAIN,gs://fruit-recognition/fruit-recognition/Mango/Mango001440.png,mango"
"TRAIN,gs://fruit-recognition/fruit-recognition/Mango/Mango001441.png,mango"
"TRAIN,gs://fruit-recognition/fruit-recognition/Mango/Mango001442.png,mango"
"TRAIN,gs://fruit-recognition/fruit-recognition/Mango/Mango001443.png,mango"
"TRAIN,gs://fruit-recognition/fruit-recognition/Mango/Mango001444.png,mango"
"TRAIN,gs://fruit-recognition/fruit-recognition/Mango/Mango001445.png,mango"
"TRAIN,gs://fruit-recognition/fruit-recognition/Mango/Mango001446.png,mango"
"TRAIN,gs://fruit-recognition/fruit-recognition/Mango/Mango001447.png,mango"
"TRAIN,gs://fruit-recognition/fruit-recognition/Mango/Mango001448.png,mango"
"TRAIN,gs://fruit-recognition/fruit-recognition/Mango/Mango001449.png,mango"
"TRAIN,gs://fruit-recognition/fruit-recognition/Mango/Mango00145.png,mango"
"TRAIN,gs://fruit-recognition/fruit-recognition/Mango/Mango001450.png,mango"
"TRAIN,gs://fruit-recognition/fruit-recognition/Mango/Mango001451.png,mango"
"TRAIN,gs://fruit-recognition/fruit-recognition/Mango/Mango001452.png,mango"
"TRAIN,gs://fruit-recognition/fruit-recognition/Mango/Mango001453.png,mango"
"TRAIN,gs://fruit-recognition/fruit-recognition/Mango/Mango001454.png,mango"
"TRAIN,gs://fruit-recognition/fruit-recognition/Mango/Mango001455.png,mango"
"TRAIN,gs://fruit-recognition/fruit-recognition/Mango/Mango001456.png,mango"
"TRAIN,gs://fruit-recognition/fruit-recognition/Mango/Mango001457.png,mango"
"TRAIN,gs://fruit-recognition/fruit-recognition/Mango/Mango001458.png,mango"
"TRAIN,gs://fruit-recognition/fruit-recognition/Mango/Mango001459.png,mango"
"TRAIN,gs://fruit-recognition/fruit-recognition/Mango/Mango00146.png,mango"
"TRAIN,gs://fruit-recognition/fruit-recognition/Mango/Mango001460.png,mango"
"TRAIN,gs://fruit-recognition/fruit-recognition/Mango/Mango001461.png,mango"
"TRAIN,gs://fruit-recognition/fruit-recognition/Mango/Mango001462.png,mango"
"TRAIN,gs://fruit-recognition/fruit-recognition/Mango/Mango001463.png,mango"
"TRAIN,gs://fruit-recognition/fruit-recognition/Mango/Mango001464.png,mango"
"TRAIN,gs://fruit-recognition/fruit-recognition/Mango/Mango001465.png,mango"
"TRAIN,gs://fruit-recognition/fruit-recognition/Mango/Mango001466.png,mango"
"TRAIN,gs://fruit-recognition/fruit-recognition/Mango/Mango001467.png,mango"
"TRAIN,gs://fruit-recognition/fruit-recognition/Mango/Mango001468.png,mango"
"TRAIN,gs://fruit-recognition/fruit-recognition/Mango/Mango001469.png,mango"
"TRAIN,gs://fruit-recognition/fruit-recognition/Mango/Mango00147.png,mango"
"TRAIN,gs://fruit-recognition/fruit-recognition/Mango/Mango001470.png,mango"
"TRAIN,gs://fruit-recognition/fruit-recognition/Mango/Mango001471.png,mango"
"TRAIN,gs://fruit-recognition/fruit-recognition/Mango/Mango001472.png,mango"
"TRAIN,gs://fruit-recognition/fruit-recognition/Mango/Mango001473.png,mango"
"TRAIN,gs://fruit-recognition/fruit-recognition/Mango/Mango001474.png,mango"
"TRAIN,gs://fruit-recognition/fruit-recognition/Mango/Mango001475.png,mango"
"TRAIN,gs://fruit-recognition/fruit-recognition/Mango/Mango001476.png,mango"
"TRAIN,gs://fruit-recognition/fruit-recognition/Mango/Mango001477.png,mango"
"TRAIN,gs://fruit-recognition/fruit-recognition/Mango/Mango001478.png,mango"
"TRAIN,gs://fruit-recognition/fruit-recognition/Mango/Mango001479.png,mango"
"TRAIN,gs://fruit-recognition/fruit-recognition/Mango/Mango00148.png,mango"
"TRAIN,gs://fruit-recognition/fruit-recognition/Mango/Mango001480.png,mango"
"TRAIN,gs://fruit-recognition/fruit-recognition/Mango/Mango001481.png,mango"
"TRAIN,gs://fruit-recognition/fruit-recognition/Mango/Mango001482.png,mango"
"TRAIN,gs://fruit-recognition/fruit-recognition/Mango/Mango001483.png,mango"
"TRAIN,gs://fruit-recognition/fruit-recognition/Mango/Mango001484.png,mango"
"TRAIN,gs://fruit-recognition/fruit-recognition/Mango/Mango001485.png,mango"
"TRAIN,gs://fruit-recognition/fruit-recognition/Mango/Mango001486.png,mango"
"TRAIN,gs://fruit-recognition/fruit-recognition/Mango/Mango001487.png,mango"
"TRAIN,gs://fruit-recognition/fruit-recognition/Mango/Mango001488.png,mango"
"TRAIN,gs://fruit-recognition/fruit-recognition/Mango/Mango001489.png,mango"
"TRAIN,gs://fruit-recognition/fruit-recognition/Mango/Mango00149.png,mango"
"TRAIN,gs://fruit-recognition/fruit-recognition/Mango/Mango001490.png,mango"
"TRAIN,gs://fruit-recognition/fruit-recognition/Mango/Mango001491.png,mango"
"TRAIN,gs://fruit-recognition/fruit-recognition/Mango/Mango001492.png,mango"
"TRAIN,gs://fruit-recognition/fruit-recognition/Mango/Mango001493.png,mango"
"TRAIN,gs://fruit-recognition/fruit-recognition/Mango/Mango001494.png,mango"
"TRAIN,gs://fruit-recognition/fruit-recognition/Mango/Mango001495.png,mango"
"TRAIN,gs://fruit-recognition/fruit-recognition/Mango/Mango001496.png,mango"
"TRAIN,gs://fruit-recognition/fruit-recognition/Mango/Mango001497.png,mango"
"TRAIN,gs://fruit-recognition/fruit-recognition/Mango/Mango001498.png,mango"
"TRAIN,gs://fruit-recognition/fruit-recognition/Mango/Mango001499.png,mango"
"TRAIN,gs://fruit-recognition/fruit-recognition/Mango/Mango0015.png,mango"
"TRAIN,gs://fruit-recognition/fruit-recognition/Mango/Mango00150.png,mango"
"TRAIN,gs://fruit-recognition/fruit-recognition/Mango/Mango001500.png,mango"
"TRAIN,gs://fruit-recognition/fruit-recognition/Mango/Mango001501.png,mango"
"TRAIN,gs://fruit-recognition/fruit-recognition/Mango/Mango001502.png,mango"
"TRAIN,gs://fruit-recognition/fruit-recognition/Mango/Mango001503.png,mango"
"TRAIN,gs://fruit-recognition/fruit-recognition/Mango/Mango001504.png,mango"
"TRAIN,gs://fruit-recognition/fruit-recognition/Mango/Mango001505.png,mango"
"TRAIN,gs://fruit-recognition/fruit-recognition/Mango/Mango001506.png,mango"
"TRAIN,gs://fruit-recognition/fruit-recognition/Mango/Mango001507.png,mango"
"TRAIN,gs://fruit-recognition/fruit-recognition/Mango/Mango001508.png,mango"
"TRAIN,gs://fruit-recognition/fruit-recognition/Mango/Mango001509.png,mango"
"TRAIN,gs://fruit-recognition/fruit-recognition/Mango/Mango00151.png,mango"
"TRAIN,gs://fruit-recognition/fruit-recognition/Mango/Mango001510.png,mango"
"TRAIN,gs://fruit-recognition/fruit-recognition/Mango/Mango001511.png,mango"
"TRAIN,gs://fruit-recognition/fruit-recognition/Mango/Mango001512.png,mango"
"TRAIN,gs://fruit-recognition/fruit-recognition/Mango/Mango001513.png,mango"
"TRAIN,gs://fruit-recognition/fruit-recognition/Mango/Mango001514.png,mango"
"TRAIN,gs://fruit-recognition/fruit-recognition/Mango/Mango001515.png,mango"
"TRAIN,gs://fruit-recognition/fruit-recognition/Mango/Mango001516.png,mango"
"TRAIN,gs://fruit-recognition/fruit-recognition/Mango/Mango001517.png,mango"
"TRAIN,gs://fruit-recognition/fruit-recognition/Mango/Mango001518.png,mango"
"TRAIN,gs://fruit-recognition/fruit-recognition/Mango/Mango001519.png,mango"
"TRAIN,gs://fruit-recognition/fruit-recognition/Mango/Mango00152.png,mango"
"TRAIN,gs://fruit-recognition/fruit-recognition/Mango/Mango001520.png,mango"
"TRAIN,gs://fruit-recognition/fruit-recognition/Mango/Mango001521.png,mango"
"TRAIN,gs://fruit-recognition/fruit-recognition/Mango/Mango001522.png,mango"
"TRAIN,gs://fruit-recognition/fruit-recognition/Mango/Mango001523.png,mango"
"TRAIN,gs://fruit-recognition/fruit-recognition/Mango/Mango001524.png,mango"
"TRAIN,gs://fruit-recognition/fruit-recognition/Mango/Mango001525.png,mango"
"TRAIN,gs://fruit-recognition/fruit-recognition/Mango/Mango001526.png,mango"
"TRAIN,gs://fruit-recognition/fruit-recognition/Mango/Mango001527.png,mango"
"TRAIN,gs://fruit-recognition/fruit-recognition/Mango/Mango001528.png,mango"
"TRAIN,gs://fruit-recognition/fruit-recognition/Mango/Mango001529.png,mango"
"TRAIN,gs://fruit-recognition/fruit-recognition/Mango/Mango00153.png,mango"
"TRAIN,gs://fruit-recognition/fruit-recognition/Mango/Mango001530.png,mango"
"TRAIN,gs://fruit-recognition/fruit-recognition/Mango/Mango001531.png,mango"
"TRAIN,gs://fruit-recognition/fruit-recognition/Mango/Mango001532.png,mango"
"TRAIN,gs://fruit-recognition/fruit-recognition/Mango/Mango001533.png,mango"
"TRAIN,gs://fruit-recognition/fruit-recognition/Mango/Mango001534.png,mango"
"TRAIN,gs://fruit-recognition/fruit-recognition/Mango/Mango001535.png,mango"
"TRAIN,gs://fruit-recognition/fruit-recognition/Mango/Mango001536.png,mango"
"TRAIN,gs://fruit-recognition/fruit-recognition/Mango/Mango001537.png,mango"
"TRAIN,gs://fruit-recognition/fruit-recognition/Mango/Mango001538.png,mango"
"TRAIN,gs://fruit-recognition/fruit-recognition/Mango/Mango001539.png,mango"
"TRAIN,gs://fruit-recognition/fruit-recognition/Mango/Mango00154.png,mango"
"TRAIN,gs://fruit-recognition/fruit-recognition/Mango/Mango001540.png,mango"
"TRAIN,gs://fruit-recognition/fruit-recognition/Mango/Mango001541.png,mango"
"TRAIN,gs://fruit-recognition/fruit-recognition/Mango/Mango001542.png,mango"
"TRAIN,gs://fruit-recognition/fruit-recognition/Mango/Mango001543.png,mango"
"TRAIN,gs://fruit-recognition/fruit-recognition/Mango/Mango001544.png,mango"
"TRAIN,gs://fruit-recognition/fruit-recognition/Mango/Mango001545.png,mango"
"TRAIN,gs://fruit-recognition/fruit-recognition/Mango/Mango001546.png,mango"
"TRAIN,gs://fruit-recognition/fruit-recognition/Mango/Mango001547.png,mango"
"TRAIN,gs://fruit-recognition/fruit-recognition/Mango/Mango001548.png,mango"
"TRAIN,gs://fruit-recognition/fruit-recognition/Mango/Mango001549.png,mango"
"TRAIN,gs://fruit-recognition/fruit-recognition/Mango/Mango00155.png,mango"
"TRAIN,gs://fruit-recognition/fruit-recognition/Mango/Mango001550.png,mango"
"TRAIN,gs://fruit-recognition/fruit-recognition/Mango/Mango001551.png,mango"
"TRAIN,gs://fruit-recognition/fruit-recognition/Mango/Mango001552.png,mango"
"TRAIN,gs://fruit-recognition/fruit-recognition/Mango/Mango001553.png,mango"
"TRAIN,gs://fruit-recognition/fruit-recognition/Mango/Mango001554.png,mango"
"TRAIN,gs://fruit-recognition/fruit-recognition/Mango/Mango001555.png,mango"
"TRAIN,gs://fruit-recognition/fruit-recognition/Mango/Mango001556.png,mango"
"TRAIN,gs://fruit-recognition/fruit-recognition/Mango/Mango001557.png,mango"
"TRAIN,gs://fruit-recognition/fruit-recognition/Mango/Mango001558.png,mango"
"TRAIN,gs://fruit-recognition/fruit-recognition/Mango/Mango001559.png,mango"
"TRAIN,gs://fruit-recognition/fruit-recognition/Mango/Mango00156.png,mango"
"TRAIN,gs://fruit-recognition/fruit-recognition/Mango/Mango001560.png,mango"
"TRAIN,gs://fruit-recognition/fruit-recognition/Mango/Mango001561.png,mango"
"TRAIN,gs://fruit-recognition/fruit-recognition/Mango/Mango001562.png,mango"
"TRAIN,gs://fruit-recognition/fruit-recognition/Mango/Mango001563.png,mango"
"TRAIN,gs://fruit-recognition/fruit-recognition/Mango/Mango001564.png,mango"
"TRAIN,gs://fruit-recognition/fruit-recognition/Mango/Mango001565.png,mango"
"TRAIN,gs://fruit-recognition/fruit-recognition/Mango/Mango001566.png,mango"
"TRAIN,gs://fruit-recognition/fruit-recognition/Mango/Mango001567.png,mango"
"TRAIN,gs://fruit-recognition/fruit-recognition/Mango/Mango001568.png,mango"
"TRAIN,gs://fruit-recognition/fruit-recognition/Mango/Mango001569.png,mango"
"TRAIN,gs://fruit-recognition/fruit-recognition/Mango/Mango00157.png,mango"
"TRAIN,gs://fruit-recognition/fruit-recognition/Mango/Mango001570.png,mango"
"TRAIN,gs://fruit-recognition/fruit-recognition/Mango/Mango001571.png,mango"
"TRAIN,gs://fruit-recognition/fruit-recognition/Mango/Mango001572.png,mango"
"TRAIN,gs://fruit-recognition/fruit-recognition/Mango/Mango001573.png,mango"
"TRAIN,gs://fruit-recognition/fruit-recognition/Mango/Mango001574.png,mango"
"TRAIN,gs://fruit-recognition/fruit-recognition/Mango/Mango001575.png,mango"
"TRAIN,gs://fruit-recognition/fruit-recognition/Mango/Mango001576.png,mango"
"TRAIN,gs://fruit-recognition/fruit-recognition/Mango/Mango001577.png,mango"
"TRAIN,gs://fruit-recognition/fruit-recognition/Mango/Mango001578.png,mango"
"TRAIN,gs://fruit-recognition/fruit-recognition/Mango/Mango001579.png,mango"
"TRAIN,gs://fruit-recognition/fruit-recognition/Mango/Mango00158.png,mango"
"TRAIN,gs://fruit-recognition/fruit-recognition/Mango/Mango001580.png,mango"
"TRAIN,gs://fruit-recognition/fruit-recognition/Mango/Mango001581.png,mango"
"TRAIN,gs://fruit-recognition/fruit-recognition/Mango/Mango001582.png,mango"
"TRAIN,gs://fruit-recognition/fruit-recognition/Mango/Mango001583.png,mango"
"TRAIN,gs://fruit-recognition/fruit-recognition/Mango/Mango001584.png,mango"
"TRAIN,gs://fruit-recognition/fruit-recognition/Mango/Mango001585.png,mango"
"TRAIN,gs://fruit-recognition/fruit-recognition/Mango/Mango001586.png,mango"
"TRAIN,gs://fruit-recognition/fruit-recognition/Mango/Mango001587.png,mango"
"TRAIN,gs://fruit-recognition/fruit-recognition/Mango/Mango001588.png,mango"
"TRAIN,gs://fruit-recognition/fruit-recognition/Mango/Mango001589.png,mango"
"TRAIN,gs://fruit-recognition/fruit-recognition/Mango/Mango00159.png,mango"
"TRAIN,gs://fruit-recognition/fruit-recognition/Mango/Mango001590.png,mango"
"TRAIN,gs://fruit-recognition/fruit-recognition/Mango/Mango001591.png,mango"
"TRAIN,gs://fruit-recognition/fruit-recognition/Mango/Mango001592.png,mango"
"TRAIN,gs://fruit-recognition/fruit-recognition/Mango/Mango001593.png,mango"
"TRAIN,gs://fruit-recognition/fruit-recognition/Mango/Mango001594.png,mango"
"TRAIN,gs://fruit-recognition/fruit-recognition/Mango/Mango001595.png,mango"
"TRAIN,gs://fruit-recognition/fruit-recognition/Mango/Mango001596.png,mango"
"TRAIN,gs://fruit-recognition/fruit-recognition/Mango/Mango001597.png,mango"
"TRAIN,gs://fruit-recognition/fruit-recognition/Mango/Mango001598.png,mango"
"TRAIN,gs://fruit-recognition/fruit-recognition/Mango/Mango001599.png,mango"
"TRAIN,gs://fruit-recognition/fruit-recognition/Mango/Mango0016.png,mango"
"TRAIN,gs://fruit-recognition/fruit-recognition/Mango/Mango00160.png,mango"
"TRAIN,gs://fruit-recognition/fruit-recognition/Mango/Mango001600.png,mango"
"TRAIN,gs://fruit-recognition/fruit-recognition/Mango/Mango001601.png,mango"
"TRAIN,gs://fruit-recognition/fruit-recognition/Mango/Mango001602.png,mango"
"TRAIN,gs://fruit-recognition/fruit-recognition/Mango/Mango001603.png,mango"
"TRAIN,gs://fruit-recognition/fruit-recognition/Mango/Mango001604.png,mango"
"TRAIN,gs://fruit-recognition/fruit-recognition/Mango/Mango001605.png,mango"
"TRAIN,gs://fruit-recognition/fruit-recognition/Mango/Mango001606.png,mango"
"TRAIN,gs://fruit-recognition/fruit-recognition/Mango/Mango001607.png,mango"
"TRAIN,gs://fruit-recognition/fruit-recognition/Mango/Mango001608.png,mango"
"TRAIN,gs://fruit-recognition/fruit-recognition/Mango/Mango001609.png,mango"
"TRAIN,gs://fruit-recognition/fruit-recognition/Mango/Mango00161.png,mango"
"TRAIN,gs://fruit-recognition/fruit-recognition/Mango/Mango001610.png,mango"
"TRAIN,gs://fruit-recognition/fruit-recognition/Mango/Mango001611.png,mango"
"TRAIN,gs://fruit-recognition/fruit-recognition/Mango/Mango001612.png,mango"
"TRAIN,gs://fruit-recognition/fruit-recognition/Mango/Mango001613.png,mango"
"TRAIN,gs://fruit-recognition/fruit-recognition/Mango/Mango001614.png,mango"
"TRAIN,gs://fruit-recognition/fruit-recognition/Mango/Mango001615.png,mango"
"TRAIN,gs://fruit-recognition/fruit-recognition/Mango/Mango001616.png,mango"
"TRAIN,gs://fruit-recognition/fruit-recognition/Mango/Mango001617.png,mango"
"TRAIN,gs://fruit-recognition/fruit-recognition/Mango/Mango001618.png,mango"
"TRAIN,gs://fruit-recognition/fruit-recognition/Mango/Mango001619.png,mango"
"TRAIN,gs://fruit-recognition/fruit-recognition/Mango/Mango00162.png,mango"
"TRAIN,gs://fruit-recognition/fruit-recognition/Mango/Mango001620.png,mango"
"TRAIN,gs://fruit-recognition/fruit-recognition/Mango/Mango001621.png,mango"
"TRAIN,gs://fruit-recognition/fruit-recognition/Mango/Mango001622.png,mango"
"TRAIN,gs://fruit-recognition/fruit-recognition/Mango/Mango001623.png,mango"
"TRAIN,gs://fruit-recognition/fruit-recognition/Mango/Mango001624.png,mango"
"TRAIN,gs://fruit-recognition/fruit-recognition/Mango/Mango001625.png,mango"
"TRAIN,gs://fruit-recognition/fruit-recognition/Mango/Mango001626.png,mango"
"TRAIN,gs://fruit-recognition/fruit-recognition/Mango/Mango001627.png,mango"
"TRAIN,gs://fruit-recognition/fruit-recognition/Mango/Mango001628.png,mango"
"TRAIN,gs://fruit-recognition/fruit-recognition/Mango/Mango001629.png,mango"
"TRAIN,gs://fruit-recognition/fruit-recognition/Mango/Mango00163.png,mango"
"TRAIN,gs://fruit-recognition/fruit-recognition/Mango/Mango001630.png,mango"
"TRAIN,gs://fruit-recognition/fruit-recognition/Mango/Mango001631.png,mango"
"TRAIN,gs://fruit-recognition/fruit-recognition/Mango/Mango001632.png,mango"
"TRAIN,gs://fruit-recognition/fruit-recognition/Mango/Mango001633.png,mango"
"TRAIN,gs://fruit-recognition/fruit-recognition/Mango/Mango001634.png,mango"
"TRAIN,gs://fruit-recognition/fruit-recognition/Mango/Mango001635.png,mango"
"TRAIN,gs://fruit-recognition/fruit-recognition/Mango/Mango001636.png,mango"
"TRAIN,gs://fruit-recognition/fruit-recognition/Mango/Mango001637.png,mango"
"TRAIN,gs://fruit-recognition/fruit-recognition/Mango/Mango001638.png,mango"
"TRAIN,gs://fruit-recognition/fruit-recognition/Mango/Mango001639.png,mango"
"TRAIN,gs://fruit-recognition/fruit-recognition/Mango/Mango00164.png,mango"
"TRAIN,gs://fruit-recognition/fruit-recognition/Mango/Mango001640.png,mango"
"TRAIN,gs://fruit-recognition/fruit-recognition/Mango/Mango001641.png,mango"
"TRAIN,gs://fruit-recognition/fruit-recognition/Mango/Mango001642.png,mango"
"TRAIN,gs://fruit-recognition/fruit-recognition/Mango/Mango001643.png,mango"
"TRAIN,gs://fruit-recognition/fruit-recognition/Mango/Mango001644.png,mango"
"TRAIN,gs://fruit-recognition/fruit-recognition/Mango/Mango001645.png,mango"
"TRAIN,gs://fruit-recognition/fruit-recognition/Mango/Mango001646.png,mango"
"TRAIN,gs://fruit-recognition/fruit-recognition/Mango/Mango001647.png,mango"
"TRAIN,gs://fruit-recognition/fruit-recognition/Mango/Mango001648.png,mango"
"TRAIN,gs://fruit-recognition/fruit-recognition/Mango/Mango001649.png,mango"
"TRAIN,gs://fruit-recognition/fruit-recognition/Mango/Mango00165.png,mango"
"TRAIN,gs://fruit-recognition/fruit-recognition/Mango/Mango001650.png,mango"
"TRAIN,gs://fruit-recognition/fruit-recognition/Mango/Mango001651.png,mango"
"TRAIN,gs://fruit-recognition/fruit-recognition/Mango/Mango001652.png,mango"
"TRAIN,gs://fruit-recognition/fruit-recognition/Mango/Mango001653.png,mango"
"TRAIN,gs://fruit-recognition/fruit-recognition/Mango/Mango001654.png,mango"
"TRAIN,gs://fruit-recognition/fruit-recognition/Mango/Mango001655.png,mango"
"TRAIN,gs://fruit-recognition/fruit-recognition/Mango/Mango001656.png,mango"
"TRAIN,gs://fruit-recognition/fruit-recognition/Mango/Mango001657.png,mango"
"TRAIN,gs://fruit-recognition/fruit-recognition/Mango/Mango001658.png,mango"
"TRAIN,gs://fruit-recognition/fruit-recognition/Mango/Mango001659.png,mango"
"TRAIN,gs://fruit-recognition/fruit-recognition/Mango/Mango00166.png,mango"
"TRAIN,gs://fruit-recognition/fruit-recognition/Mango/Mango001660.png,mango"
"TRAIN,gs://fruit-recognition/fruit-recognition/Mango/Mango001661.png,mango"
"TRAIN,gs://fruit-recognition/fruit-recognition/Mango/Mango001662.png,mango"
"TRAIN,gs://fruit-recognition/fruit-recognition/Mango/Mango001663.png,mango"
"TRAIN,gs://fruit-recognition/fruit-recognition/Mango/Mango001664.png,mango"
"TRAIN,gs://fruit-recognition/fruit-recognition/Mango/Mango001665.png,mango"
"TRAIN,gs://fruit-recognition/fruit-recognition/Mango/Mango001666.png,mango"
"TRAIN,gs://fruit-recognition/fruit-recognition/Mango/Mango001667.png,mango"
"TRAIN,gs://fruit-recognition/fruit-recognition/Mango/Mango001668.png,mango"
"TRAIN,gs://fruit-recognition/fruit-recognition/Mango/Mango001669.png,mango"
"TRAIN,gs://fruit-recognition/fruit-recognition/Mango/Mango00167.png,mango"
"TRAIN,gs://fruit-recognition/fruit-recognition/Mango/Mango001670.png,mango"
"TRAIN,gs://fruit-recognition/fruit-recognition/Mango/Mango001671.png,mango"
"TRAIN,gs://fruit-recognition/fruit-recognition/Mango/Mango001672.png,mango"
"TRAIN,gs://fruit-recognition/fruit-recognition/Mango/Mango001673.png,mango"
"TRAIN,gs://fruit-recognition/fruit-recognition/Mango/Mango001674.png,mango"
"TRAIN,gs://fruit-recognition/fruit-recognition/Mango/Mango001675.png,mango"
"TRAIN,gs://fruit-recognition/fruit-recognition/Mango/Mango001676.png,mango"
"TRAIN,gs://fruit-recognition/fruit-recognition/Mango/Mango001677.png,mango"
"TRAIN,gs://fruit-recognition/fruit-recognition/Mango/Mango001678.png,mango"
"TRAIN,gs://fruit-recognition/fruit-recognition/Mango/Mango001679.png,mango"
"TRAIN,gs://fruit-recognition/fruit-recognition/Mango/Mango00168.png,mango"
"TRAIN,gs://fruit-recognition/fruit-recognition/Mango/Mango001680.png,mango"
"TRAIN,gs://fruit-recognition/fruit-recognition/Mango/Mango001681.png,mango"
"TRAIN,gs://fruit-recognition/fruit-recognition/Mango/Mango001682.png,mango"
"TRAIN,gs://fruit-recognition/fruit-recognition/Mango/Mango001683.png,mango"
"TRAIN,gs://fruit-recognition/fruit-recognition/Mango/Mango001684.png,mango"
"TRAIN,gs://fruit-recognition/fruit-recognition/Mango/Mango001685.png,mango"
"TRAIN,gs://fruit-recognition/fruit-recognition/Mango/Mango001686.png,mango"
"TRAIN,gs://fruit-recognition/fruit-recognition/Mango/Mango001687.png,mango"
"TRAIN,gs://fruit-recognition/fruit-recognition/Mango/Mango001688.png,mango"
"TRAIN,gs://fruit-recognition/fruit-recognition/Mango/Mango001689.png,mango"
"TRAIN,gs://fruit-recognition/fruit-recognition/Mango/Mango00169.png,mango"
"TRAIN,gs://fruit-recognition/fruit-recognition/Mango/Mango001690.png,mango"
"TRAIN,gs://fruit-recognition/fruit-recognition/Mango/Mango001691.png,mango"
"TRAIN,gs://fruit-recognition/fruit-recognition/Mango/Mango001692.png,mango"
"TRAIN,gs://fruit-recognition/fruit-recognition/Mango/Mango001693.png,mango"
"TRAIN,gs://fruit-recognition/fruit-recognition/Mango/Mango001694.png,mango"
"TRAIN,gs://fruit-recognition/fruit-recognition/Mango/Mango001695.png,mango"
"TRAIN,gs://fruit-recognition/fruit-recognition/Mango/Mango001696.png,mango"
"TRAIN,gs://fruit-recognition/fruit-recognition/Mango/Mango001697.png,mango"
"TRAIN,gs://fruit-recognition/fruit-recognition/Mango/Mango001698.png,mango"
"TRAIN,gs://fruit-recognition/fruit-recognition/Mango/Mango001699.png,mango"
"TRAIN,gs://fruit-recognition/fruit-recognition/Mango/Mango0017.png,mango"
"TRAIN,gs://fruit-recognition/fruit-recognition/Mango/Mango00170.png,mango"
"TRAIN,gs://fruit-recognition/fruit-recognition/Mango/Mango001700.png,mango"
"TRAIN,gs://fruit-recognition/fruit-recognition/Mango/Mango001701.png,mango"
"TRAIN,gs://fruit-recognition/fruit-recognition/Mango/Mango001702.png,mango"
"TRAIN,gs://fruit-recognition/fruit-recognition/Mango/Mango001703.png,mango"
"TRAIN,gs://fruit-recognition/fruit-recognition/Mango/Mango001704.png,mango"
"TRAIN,gs://fruit-recognition/fruit-recognition/Mango/Mango001705.png,mango"
"TRAIN,gs://fruit-recognition/fruit-recognition/Mango/Mango001706.png,mango"
"TRAIN,gs://fruit-recognition/fruit-recognition/Mango/Mango001707.png,mango"
"TRAIN,gs://fruit-recognition/fruit-recognition/Mango/Mango001708.png,mango"
"TRAIN,gs://fruit-recognition/fruit-recognition/Mango/Mango001709.png,mango"
"TRAIN,gs://fruit-recognition/fruit-recognition/Mango/Mango00171.png,mango"
"TRAIN,gs://fruit-recognition/fruit-recognition/Mango/Mango001710.png,mango"
"TRAIN,gs://fruit-recognition/fruit-recognition/Mango/Mango001711.png,mango"
"TRAIN,gs://fruit-recognition/fruit-recognition/Mango/Mango001712.png,mango"
"TRAIN,gs://fruit-recognition/fruit-recognition/Mango/Mango001713.png,mango"
"TRAIN,gs://fruit-recognition/fruit-recognition/Mango/Mango001714.png,mango"
"TRAIN,gs://fruit-recognition/fruit-recognition/Mango/Mango001715.png,mango"
"TRAIN,gs://fruit-recognition/fruit-recognition/Mango/Mango001716.png,mango"
"TRAIN,gs://fruit-recognition/fruit-recognition/Mango/Mango001717.png,mango"
"TRAIN,gs://fruit-recognition/fruit-recognition/Mango/Mango001718.png,mango"
"TRAIN,gs://fruit-recognition/fruit-recognition/Mango/Mango001719.png,mango"
"TRAIN,gs://fruit-recognition/fruit-recognition/Mango/Mango00172.png,mango"
"TRAIN,gs://fruit-recognition/fruit-recognition/Mango/Mango001720.png,mango"
"TRAIN,gs://fruit-recognition/fruit-recognition/Mango/Mango001721.png,mango"
"TRAIN,gs://fruit-recognition/fruit-recognition/Mango/Mango001722.png,mango"
"TRAIN,gs://fruit-recognition/fruit-recognition/Mango/Mango001723.png,mango"
"TRAIN,gs://fruit-recognition/fruit-recognition/Mango/Mango001724.png,mango"
"TRAIN,gs://fruit-recognition/fruit-recognition/Mango/Mango001725.png,mango"
"TRAIN,gs://fruit-recognition/fruit-recognition/Mango/Mango001726.png,mango"
"TRAIN,gs://fruit-recognition/fruit-recognition/Mango/Mango001727.png,mango"
"TRAIN,gs://fruit-recognition/fruit-recognition/Mango/Mango001728.png,mango"
"TRAIN,gs://fruit-recognition/fruit-recognition/Mango/Mango001729.png,mango"
"TRAIN,gs://fruit-recognition/fruit-recognition/Mango/Mango00173.png,mango"
"TRAIN,gs://fruit-recognition/fruit-recognition/Mango/Mango001730.png,mango"
"TRAIN,gs://fruit-recognition/fruit-recognition/Mango/Mango001731.png,mango"
"TRAIN,gs://fruit-recognition/fruit-recognition/Mango/Mango001732.png,mango"
"TRAIN,gs://fruit-recognition/fruit-recognition/Mango/Mango001733.png,mango"
"TRAIN,gs://fruit-recognition/fruit-recognition/Mango/Mango001734.png,mango"
"TRAIN,gs://fruit-recognition/fruit-recognition/Mango/Mango001735.png,mango"
"TRAIN,gs://fruit-recognition/fruit-recognition/Mango/Mango001736.png,mango"
"TRAIN,gs://fruit-recognition/fruit-recognition/Mango/Mango001737.png,mango"
"TRAIN,gs://fruit-recognition/fruit-recognition/Mango/Mango001738.png,mango"
"TRAIN,gs://fruit-recognition/fruit-recognition/Mango/Mango001739.png,mango"
"TRAIN,gs://fruit-recognition/fruit-recognition/Mango/Mango00174.png,mango"
"TRAIN,gs://fruit-recognition/fruit-recognition/Mango/Mango001740.png,mango"
"TRAIN,gs://fruit-recognition/fruit-recognition/Mango/Mango001741.png,mango"
"TRAIN,gs://fruit-recognition/fruit-recognition/Mango/Mango001742.png,mango"
"TRAIN,gs://fruit-recognition/fruit-recognition/Mango/Mango001743.png,mango"
"TRAIN,gs://fruit-recognition/fruit-recognition/Mango/Mango001744.png,mango"
"TRAIN,gs://fruit-recognition/fruit-recognition/Mango/Mango001745.png,mango"
"TRAIN,gs://fruit-recognition/fruit-recognition/Mango/Mango001746.png,mango"
"TRAIN,gs://fruit-recognition/fruit-recognition/Mango/Mango001747.png,mango"
"TRAIN,gs://fruit-recognition/fruit-recognition/Mango/Mango001748.png,mango"
"TRAIN,gs://fruit-recognition/fruit-recognition/Mango/Mango001749.png,mango"
"TRAIN,gs://fruit-recognition/fruit-recognition/Mango/Mango00175.png,mango"
"TRAIN,gs://fruit-recognition/fruit-recognition/Mango/Mango001750.png,mango"
"TRAIN,gs://fruit-recognition/fruit-recognition/Mango/Mango001751.png,mango"
"TRAIN,gs://fruit-recognition/fruit-recognition/Mango/Mango001752.png,mango"
"TRAIN,gs://fruit-recognition/fruit-recognition/Mango/Mango001753.png,mango"
"TRAIN,gs://fruit-recognition/fruit-recognition/Mango/Mango001754.png,mango"
"TRAIN,gs://fruit-recognition/fruit-recognition/Mango/Mango001755.png,mango"
"TRAIN,gs://fruit-recognition/fruit-recognition/Mango/Mango001756.png,mango"
"TRAIN,gs://fruit-recognition/fruit-recognition/Mango/Mango001757.png,mango"
"TRAIN,gs://fruit-recognition/fruit-recognition/Mango/Mango001758.png,mango"
"TRAIN,gs://fruit-recognition/fruit-recognition/Mango/Mango001759.png,mango"
"TRAIN,gs://fruit-recognition/fruit-recognition/Mango/Mango00176.png,mango"
"TRAIN,gs://fruit-recognition/fruit-recognition/Mango/Mango001760.png,mango"
"TRAIN,gs://fruit-recognition/fruit-recognition/Mango/Mango001761.png,mango"
"TRAIN,gs://fruit-recognition/fruit-recognition/Mango/Mango001762.png,mango"
"TRAIN,gs://fruit-recognition/fruit-recognition/Mango/Mango001763.png,mango"
"TRAIN,gs://fruit-recognition/fruit-recognition/Mango/Mango001764.png,mango"
"TRAIN,gs://fruit-recognition/fruit-recognition/Mango/Mango001765.png,mango"
"TRAIN,gs://fruit-recognition/fruit-recognition/Mango/Mango001766.png,mango"
"TRAIN,gs://fruit-recognition/fruit-recognition/Mango/Mango001767.png,mango"
"TRAIN,gs://fruit-recognition/fruit-recognition/Mango/Mango001768.png,mango"
"TRAIN,gs://fruit-recognition/fruit-recognition/Mango/Mango001769.png,mango"
"TRAIN,gs://fruit-recognition/fruit-recognition/Mango/Mango00177.png,mango"
"TRAIN,gs://fruit-recognition/fruit-recognition/Mango/Mango001770.png,mango"
"TRAIN,gs://fruit-recognition/fruit-recognition/Mango/Mango001771.png,mango"
"TRAIN,gs://fruit-recognition/fruit-recognition/Mango/Mango001772.png,mango"
"TRAIN,gs://fruit-recognition/fruit-recognition/Mango/Mango001773.png,mango"
"TRAIN,gs://fruit-recognition/fruit-recognition/Mango/Mango001774.png,mango"
"TRAIN,gs://fruit-recognition/fruit-recognition/Mango/Mango001775.png,mango"
"TRAIN,gs://fruit-recognition/fruit-recognition/Mango/Mango001776.png,mango"
"TRAIN,gs://fruit-recognition/fruit-recognition/Mango/Mango001777.png,mango"
"TRAIN,gs://fruit-recognition/fruit-recognition/Mango/Mango001778.png,mango"
"TRAIN,gs://fruit-recognition/fruit-recognition/Mango/Mango001779.png,mango"
"TRAIN,gs://fruit-recognition/fruit-recognition/Mango/Mango00178.png,mango"
"TRAIN,gs://fruit-recognition/fruit-recognition/Mango/Mango001780.png,mango"
"TRAIN,gs://fruit-recognition/fruit-recognition/Mango/Mango001781.png,mango"
"TRAIN,gs://fruit-recognition/fruit-recognition/Mango/Mango001782.png,mango"
"TRAIN,gs://fruit-recognition/fruit-recognition/Mango/Mango001783.png,mango"
"TRAIN,gs://fruit-recognition/fruit-recognition/Mango/Mango001784.png,mango"
"TRAIN,gs://fruit-recognition/fruit-recognition/Mango/Mango001785.png,mango"
"TRAIN,gs://fruit-recognition/fruit-recognition/Mango/Mango001786.png,mango"
"TRAIN,gs://fruit-recognition/fruit-recognition/Mango/Mango001787.png,mango"
"TRAIN,gs://fruit-recognition/fruit-recognition/Mango/Mango001788.png,mango"
"TRAIN,gs://fruit-recognition/fruit-recognition/Mango/Mango001789.png,mango"
"TRAIN,gs://fruit-recognition/fruit-recognition/Mango/Mango00179.png,mango"
"TRAIN,gs://fruit-recognition/fruit-recognition/Mango/Mango001790.png,mango"
"TRAIN,gs://fruit-recognition/fruit-recognition/Mango/Mango001791.png,mango"
"TRAIN,gs://fruit-recognition/fruit-recognition/Mango/Mango001792.png,mango"
"TRAIN,gs://fruit-recognition/fruit-recognition/Mango/Mango001793.png,mango"
"TRAIN,gs://fruit-recognition/fruit-recognition/Mango/Mango001794.png,mango"
"TRAIN,gs://fruit-recognition/fruit-recognition/Mango/Mango001795.png,mango"
"TRAIN,gs://fruit-recognition/fruit-recognition/Mango/Mango001796.png,mango"
"TRAIN,gs://fruit-recognition/fruit-recognition/Mango/Mango001797.png,mango"
"TRAIN,gs://fruit-recognition/fruit-recognition/Mango/Mango001798.png,mango"
"TRAIN,gs://fruit-recognition/fruit-recognition/Mango/Mango001799.png,mango"
"TRAIN,gs://fruit-recognition/fruit-recognition/Mango/Mango0018.png,mango"
"TRAIN,gs://fruit-recognition/fruit-recognition/Mango/Mango00180.png,mango"
"TRAIN,gs://fruit-recognition/fruit-recognition/Mango/Mango001800.png,mango"
"TRAIN,gs://fruit-recognition/fruit-recognition/Mango/Mango001801.png,mango"
"TRAIN,gs://fruit-recognition/fruit-recognition/Mango/Mango001802.png,mango"
"TRAIN,gs://fruit-recognition/fruit-recognition/Mango/Mango001803.png,mango"
"TRAIN,gs://fruit-recognition/fruit-recognition/Mango/Mango001804.png,mango"
"TRAIN,gs://fruit-recognition/fruit-recognition/Mango/Mango001805.png,mango"
"TRAIN,gs://fruit-recognition/fruit-recognition/Mango/Mango001806.png,mango"
"TRAIN,gs://fruit-recognition/fruit-recognition/Mango/Mango001807.png,mango"
"TRAIN,gs://fruit-recognition/fruit-recognition/Mango/Mango001808.png,mango"
"TRAIN,gs://fruit-recognition/fruit-recognition/Mango/Mango001809.png,mango"
"TRAIN,gs://fruit-recognition/fruit-recognition/Mango/Mango00181.png,mango"
"TRAIN,gs://fruit-recognition/fruit-recognition/Mango/Mango001810.png,mango"
"TRAIN,gs://fruit-recognition/fruit-recognition/Mango/Mango001811.png,mango"
"TRAIN,gs://fruit-recognition/fruit-recognition/Mango/Mango001812.png,mango"
"TRAIN,gs://fruit-recognition/fruit-recognition/Mango/Mango001813.png,mango"
"TRAIN,gs://fruit-recognition/fruit-recognition/Mango/Mango001814.png,mango"
"TRAIN,gs://fruit-recognition/fruit-recognition/Mango/Mango001815.png,mango"
"TRAIN,gs://fruit-recognition/fruit-recognition/Mango/Mango001816.png,mango"
"TRAIN,gs://fruit-recognition/fruit-recognition/Mango/Mango001817.png,mango"
"TRAIN,gs://fruit-recognition/fruit-recognition/Mango/Mango001818.png,mango"
"TRAIN,gs://fruit-recognition/fruit-recognition/Mango/Mango001819.png,mango"
"TRAIN,gs://fruit-recognition/fruit-recognition/Mango/Mango00182.png,mango"
"TRAIN,gs://fruit-recognition/fruit-recognition/Mango/Mango001820.png,mango"
"TRAIN,gs://fruit-recognition/fruit-recognition/Mango/Mango001821.png,mango"
"TRAIN,gs://fruit-recognition/fruit-recognition/Mango/Mango001822.png,mango"
"TRAIN,gs://fruit-recognition/fruit-recognition/Mango/Mango001823.png,mango"
"TRAIN,gs://fruit-recognition/fruit-recognition/Mango/Mango001824.png,mango"
"TRAIN,gs://fruit-recognition/fruit-recognition/Mango/Mango001825.png,mango"
"TRAIN,gs://fruit-recognition/fruit-recognition/Mango/Mango001826.png,mango"
"TRAIN,gs://fruit-recognition/fruit-recognition/Mango/Mango001827.png,mango"
"TRAIN,gs://fruit-recognition/fruit-recognition/Mango/Mango001828.png,mango"
"TRAIN,gs://fruit-recognition/fruit-recognition/Mango/Mango001829.png,mango"
"TRAIN,gs://fruit-recognition/fruit-recognition/Mango/Mango00183.png,mango"
"TRAIN,gs://fruit-recognition/fruit-recognition/Mango/Mango001830.png,mango"
"TRAIN,gs://fruit-recognition/fruit-recognition/Mango/Mango001831.png,mango"
"TRAIN,gs://fruit-recognition/fruit-recognition/Mango/Mango001832.png,mango"
"TRAIN,gs://fruit-recognition/fruit-recognition/Mango/Mango001833.png,mango"
"TRAIN,gs://fruit-recognition/fruit-recognition/Mango/Mango001834.png,mango"
"TRAIN,gs://fruit-recognition/fruit-recognition/Mango/Mango001835.png,mango"
"TRAIN,gs://fruit-recognition/fruit-recognition/Mango/Mango001836.png,mango"
"TRAIN,gs://fruit-recognition/fruit-recognition/Mango/Mango001837.png,mango"
"TRAIN,gs://fruit-recognition/fruit-recognition/Mango/Mango001838.png,mango"
"TRAIN,gs://fruit-recognition/fruit-recognition/Mango/Mango001839.png,mango"
"TRAIN,gs://fruit-recognition/fruit-recognition/Mango/Mango00184.png,mango"
"TRAIN,gs://fruit-recognition/fruit-recognition/Mango/Mango001840.png,mango"
"TRAIN,gs://fruit-recognition/fruit-recognition/Mango/Mango001841.png,mango"
"TRAIN,gs://fruit-recognition/fruit-recognition/Mango/Mango001842.png,mango"
"TRAIN,gs://fruit-recognition/fruit-recognition/Mango/Mango001843.png,mango"
"TRAIN,gs://fruit-recognition/fruit-recognition/Mango/Mango001844.png,mango"
"TRAIN,gs://fruit-recognition/fruit-recognition/Mango/Mango001845.png,mango"
"TRAIN,gs://fruit-recognition/fruit-recognition/Mango/Mango001846.png,mango"
"TRAIN,gs://fruit-recognition/fruit-recognition/Mango/Mango001847.png,mango"
"TRAIN,gs://fruit-recognition/fruit-recognition/Mango/Mango001848.png,mango"
"TRAIN,gs://fruit-recognition/fruit-recognition/Mango/Mango001849.png,mango"
"TRAIN,gs://fruit-recognition/fruit-recognition/Mango/Mango00185.png,mango"
"TRAIN,gs://fruit-recognition/fruit-recognition/Mango/Mango001850.png,mango"
"TRAIN,gs://fruit-recognition/fruit-recognition/Mango/Mango001851.png,mango"
"TRAIN,gs://fruit-recognition/fruit-recognition/Mango/Mango001852.png,mango"
"TRAIN,gs://fruit-recognition/fruit-recognition/Mango/Mango001853.png,mango"
"TRAIN,gs://fruit-recognition/fruit-recognition/Mango/Mango001854.png,mango"
"TRAIN,gs://fruit-recognition/fruit-recognition/Mango/Mango001855.png,mango"
"TRAIN,gs://fruit-recognition/fruit-recognition/Mango/Mango001856.png,mango"
"TRAIN,gs://fruit-recognition/fruit-recognition/Mango/Mango001857.png,mango"
"TRAIN,gs://fruit-recognition/fruit-recognition/Mango/Mango001858.png,mango"
"TRAIN,gs://fruit-recognition/fruit-recognition/Mango/Mango001859.png,mango"
"TRAIN,gs://fruit-recognition/fruit-recognition/Mango/Mango00186.png,mango"
"TRAIN,gs://fruit-recognition/fruit-recognition/Mango/Mango001860.png,mango"
"TRAIN,gs://fruit-recognition/fruit-recognition/Mango/Mango001861.png,mango"
"TRAIN,gs://fruit-recognition/fruit-recognition/Mango/Mango001862.png,mango"
"TRAIN,gs://fruit-recognition/fruit-recognition/Mango/Mango001863.png,mango"
"TRAIN,gs://fruit-recognition/fruit-recognition/Mango/Mango001864.png,mango"
"TRAIN,gs://fruit-recognition/fruit-recognition/Mango/Mango001865.png,mango"
"TRAIN,gs://fruit-recognition/fruit-recognition/Mango/Mango001866.png,mango"
"TRAIN,gs://fruit-recognition/fruit-recognition/Mango/Mango001867.png,mango"
"TRAIN,gs://fruit-recognition/fruit-recognition/Mango/Mango001868.png,mango"
"TRAIN,gs://fruit-recognition/fruit-recognition/Mango/Mango001869.png,mango"
"TRAIN,gs://fruit-recognition/fruit-recognition/Mango/Mango00187.png,mango"
"TRAIN,gs://fruit-recognition/fruit-recognition/Mango/Mango001870.png,mango"
"TRAIN,gs://fruit-recognition/fruit-recognition/Mango/Mango001871.png,mango"
"TRAIN,gs://fruit-recognition/fruit-recognition/Mango/Mango001872.png,mango"
"TRAIN,gs://fruit-recognition/fruit-recognition/Mango/Mango001873.png,mango"
"TRAIN,gs://fruit-recognition/fruit-recognition/Mango/Mango001874.png,mango"
"TRAIN,gs://fruit-recognition/fruit-recognition/Mango/Mango001875.png,mango"
"TRAIN,gs://fruit-recognition/fruit-recognition/Mango/Mango001876.png,mango"
"TRAIN,gs://fruit-recognition/fruit-recognition/Mango/Mango001877.png,mango"
"TRAIN,gs://fruit-recognition/fruit-recognition/Mango/Mango001878.png,mango"
"TRAIN,gs://fruit-recognition/fruit-recognition/Mango/Mango001879.png,mango"
"TRAIN,gs://fruit-recognition/fruit-recognition/Mango/Mango00188.png,mango"
"TRAIN,gs://fruit-recognition/fruit-recognition/Mango/Mango001880.png,mango"
"TRAIN,gs://fruit-recognition/fruit-recognition/Mango/Mango001881.png,mango"
"TRAIN,gs://fruit-recognition/fruit-recognition/Mango/Mango001882.png,mango"
"TRAIN,gs://fruit-recognition/fruit-recognition/Mango/Mango001883.png,mango"
"TRAIN,gs://fruit-recognition/fruit-recognition/Mango/Mango001884.png,mango"
"TRAIN,gs://fruit-recognition/fruit-recognition/Mango/Mango001885.png,mango"
"TRAIN,gs://fruit-recognition/fruit-recognition/Mango/Mango001886.png,mango"
"TRAIN,gs://fruit-recognition/fruit-recognition/Mango/Mango001887.png,mango"
"TRAIN,gs://fruit-recognition/fruit-recognition/Mango/Mango001888.png,mango"
"TRAIN,gs://fruit-recognition/fruit-recognition/Mango/Mango001889.png,mango"
"TRAIN,gs://fruit-recognition/fruit-recognition/Mango/Mango00189.png,mango"
"TRAIN,gs://fruit-recognition/fruit-recognition/Mango/Mango001890.png,mango"
"TRAIN,gs://fruit-recognition/fruit-recognition/Mango/Mango001891.png,mango"
"TRAIN,gs://fruit-recognition/fruit-recognition/Mango/Mango001892.png,mango"
"TRAIN,gs://fruit-recognition/fruit-recognition/Mango/Mango001893.png,mango"
"TRAIN,gs://fruit-recognition/fruit-recognition/Mango/Mango001894.png,mango"
"TRAIN,gs://fruit-recognition/fruit-recognition/Mango/Mango001895.png,mango"
"TRAIN,gs://fruit-recognition/fruit-recognition/Mango/Mango001896.png,mango"
"TRAIN,gs://fruit-recognition/fruit-recognition/Mango/Mango001897.png,mango"
"TRAIN,gs://fruit-recognition/fruit-recognition/Mango/Mango001898.png,mango"
"TRAIN,gs://fruit-recognition/fruit-recognition/Mango/Mango001899.png,mango"