"TRAIN,gs://fruit-recognition/fruit-recognition/Banana/71Banana02034.png,banana"
"TRAIN,gs://fruit-recognition/fruit-recognition/Banana/79Banana02063.png,banana"
"TRAIN,gs://fruit-recognition/fruit-recognition/Banana/87Banana02109.png,banana"
"TRAIN,gs://fruit-recognition/fruit-recognition/Banana/Banana01.png,banana"
"TRAIN,gs://fruit-recognition/fruit-recognition/Banana/Banana010.png,banana"
"TRAIN,gs://fruit-recognition/fruit-recognition/Banana/Banana0100.png,banana"
"TRAIN,gs://fruit-recognition/fruit-recognition/Banana/Banana01000.png,banana"
"TRAIN,gs://fruit-recognition/fruit-recognition/Banana/Banana01001.png,banana"
"TRAIN,gs://fruit-recognition/fruit-recognition/Banana/Banana01002.png,banana"
"TRAIN,gs://fruit-recognition/fruit-recognition/Banana/Banana01003.png,banana"
"TRAIN,gs://fruit-recognition/fruit-recognition/Banana/Banana01004.png,banana"
"TRAIN,gs://fruit-recognition/fruit-recognition/Banana/Banana01005.png,banana"
"TRAIN,gs://fruit-recognition/fruit-recognition/Banana/Banana01006.png,banana"
"TRAIN,gs://fruit-recognition/fruit-recognition/Banana/Banana01007.png,banana"
"TRAIN,gs://fruit-recognition/fruit-recognition/Banana/Banana01008.png,banana"
"TRAIN,gs://fruit-recognition/fruit-recognition/Banana/Banana01009.png,banana"
"TRAIN,gs://fruit-recognition/fruit-recognition/Banana/Banana0101.png,banana"
"TRAIN,gs://fruit-recognition/fruit-recognition/Banana/Banana01010.png,banana"
"TRAIN,gs://fruit-recognition/fruit-recognition/Banana/Banana01011.png,banana"
"TRAIN,gs://fruit-recognition/fruit-recognition/Banana/Banana01012.png,banana"
"TRAIN,gs://fruit-recognition/fruit-recognition/Banana/Banana01013.png,banana"
"TRAIN,gs://fruit-recognition/fruit-recognition/Banana/Banana01014.png,banana"
"TRAIN,gs://fruit-recognition/fruit-recognition/Banana/Banana01015.png,banana"
"TRAIN,gs://fruit-recognition/fruit-recognition/Banana/Banana01016.png,banana"
"TRAIN,gs://fruit-recognition/fruit-recognition/Banana/Banana01017.png,banana"
"TRAIN,gs://fruit-recognition/fruit-recognition/Banana/Banana01018.png,banana"
"TRAIN,gs://fruit-recognition/fruit-recognition/Banana/Banana01019.png,banana"
"TRAIN,gs://fruit-recognition/fruit-recognition/Banana/Banana0102.png,banana"
"TRAIN,gs://fruit-recognition/fruit-recognition/Banana/Banana01020.png,banana"
"TRAIN,gs://fruit-recognition/fruit-recognition/Banana/Banana01021.png,banana"
"TRAIN,gs://fruit-recognition/fruit-recognition/Banana/Banana01022.png,banana"
"TRAIN,gs://fruit-recognition/fruit-recognition/Banana/Banana01023.png,banana"
"TRAIN,gs://fruit-recognition/fruit-recognition/Banana/Banana01024.png,banana"
"TRAIN,gs://fruit-recognition/fruit-recognition/Banana/Banana01025.png,banana"
"TRAIN,gs://fruit-recognition/fruit-recognition/Banana/Banana01026.png,banana"
"TRAIN,gs://fruit-recognition/fruit-recognition/Banana/Banana01027.png,banana"
"TRAIN,gs://fruit-recognition/fruit-recognition/Banana/Banana01028.png,banana"
"TRAIN,gs://fruit-recognition/fruit-recognition/Banana/Banana01029.png,banana"
"TRAIN,gs://fruit-recognition/fruit-recognition/Banana/Banana0103.png,banana"
"TRAIN,gs://fruit-recognition/fruit-recognition/Banana/Banana01030.png,banana"
"TRAIN,gs://fruit-recognition/fruit-recognition/Banana/Banana01031.png,banana"
"TRAIN,gs://fruit-recognition/fruit-recognition/Banana/Banana01032.png,banana"
"TRAIN,gs://fruit-recognition/fruit-recognition/Banana/Banana01033.png,banana"
"TRAIN,gs://fruit-recognition/fruit-recognition/Banana/Banana01034.png,banana"
"TRAIN,gs://fruit-recognition/fruit-recognition/Banana/Banana01035.png,banana"
"TRAIN,gs://fruit-recognition/fruit-recognition/Banana/Banana01036.png,banana"
"TRAIN,gs://fruit-recognition/fruit-recognition/Banana/Banana01037.png,banana"
"TRAIN,gs://fruit-recognition/fruit-recognition/Banana/Banana01038.png,banana"
"TRAIN,gs://fruit-recognition/fruit-recognition/Banana/Banana01039.png,banana"
"TRAIN,gs://fruit-recognition/fruit-recognition/Banana/Banana0104.png,banana"
"TRAIN,gs://fruit-recognition/fruit-recognition/Banana/Banana01040.png,banana"
"TRAIN,gs://fruit-recognition/fruit-recognition/Banana/Banana01041.png,banana"
"TRAIN,gs://fruit-recognition/fruit-recognition/Banana/Banana01042.png,banana"
"TRAIN,gs://fruit-recognition/fruit-recognition/Banana/Banana01043.png,banana"
"TRAIN,gs://fruit-recognition/fruit-recognition/Banana/Banana01044.png,banana"
"TRAIN,gs://fruit-recognition/fruit-recognition/Banana/Banana01045.png,banana"
"TRAIN,gs://fruit-recognition/fruit-recognition/Banana/Banana01046.png,banana"
"TRAIN,gs://fruit-recognition/fruit-recognition/Banana/Banana01047.png,banana"
"TRAIN,gs://fruit-recognition/fruit-recognition/Banana/Banana01048.png,banana"
"TRAIN,gs://fruit-recognition/fruit-recognition/Banana/Banana01049.png,banana"
"TRAIN,gs://fruit-recognition/fruit-recognition/Banana/Banana0105.png,banana"
"TRAIN,gs://fruit-recognition/fruit-recognition/Banana/Banana01050.png,banana"
"TRAIN,gs://fruit-recognition/fruit-recognition/Banana/Banana01051.png,banana"
"TRAIN,gs://fruit-recognition/fruit-recognition/Banana/Banana01052.png,banana"
"TRAIN,gs://fruit-recognition/fruit-recognition/Banana/Banana01053.png,banana"
"TRAIN,gs://fruit-recognition/fruit-recognition/Banana/Banana01054.png,banana"
"TRAIN,gs://fruit-recognition/fruit-recognition/Banana/Banana01055.png,banana"
"TRAIN,gs://fruit-recognition/fruit-recognition/Banana/Banana01056.png,banana"
"TRAIN,gs://fruit-recognition/fruit-recognition/Banana/Banana01057.png,banana"
"TRAIN,gs://fruit-recognition/fruit-recognition/Banana/Banana01058.png,banana"
"TRAIN,gs://fruit-recognition/fruit-recognition/Banana/Banana01059.png,banana"
"TRAIN,gs://fruit-recognition/fruit-recognition/Banana/Banana0106.png,banana"
"TRAIN,gs://fruit-recognition/fruit-recognition/Banana/Banana01060.png,banana"
"TRAIN,gs://fruit-recognition/fruit-recognition/Banana/Banana01061.png,banana"
"TRAIN,gs://fruit-recognition/fruit-recognition/Banana/Banana01062.png,banana"
"TRAIN,gs://fruit-recognition/fruit-recognition/Banana/Banana01063.png,banana"
"TRAIN,gs://fruit-recognition/fruit-recognition/Banana/Banana01064.png,banana"
"TRAIN,gs://fruit-recognition/fruit-recognition/Banana/Banana01065.png,banana"
"TRAIN,gs://fruit-recognition/fruit-recognition/Banana/Banana01066.png,banana"
"TRAIN,gs://fruit-recognition/fruit-recognition/Banana/Banana01067.png,banana"
"TRAIN,gs://fruit-recognition/fruit-recognition/Banana/Banana01068.png,banana"
"TRAIN,gs://fruit-recognition/fruit-recognition/Banana/Banana01069.png,banana"
"TRAIN,gs://fruit-recognition/fruit-recognition/Banana/Banana0107.png,banana"
"TRAIN,gs://fruit-recognition/fruit-recognition/Banana/Banana01070.png,banana"
"TRAIN,gs://fruit-recognition/fruit-recognition/Banana/Banana01071.png,banana"
"TRAIN,gs://fruit-recognition/fruit-recognition/Banana/Banana01072.png,banana"
"TRAIN,gs://fruit-recognition/fruit-recognition/Banana/Banana01073.png,banana"
"TRAIN,gs://fruit-recognition/fruit-recognition/Banana/Banana01074.png,banana"
"TRAIN,gs://fruit-recognition/fruit-recognition/Banana/Banana01075.png,banana"
"TRAIN,gs://fruit-recognition/fruit-recognition/Banana/Banana01076.png,banana"
"TRAIN,gs://fruit-recognition/fruit-recognition/Banana/Banana01077.png,banana"
"TRAIN,gs://fruit-recognition/fruit-recognition/Banana/Banana01078.png,banana"
"TRAIN,gs://fruit-recognition/fruit-recognition/Banana/Banana01079.png,banana"
"TRAIN,gs://fruit-recognition/fruit-recognition/Banana/Banana0108.png,banana"
"TRAIN,gs://fruit-recognition/fruit-recognition/Banana/Banana01080.png,banana"
"TRAIN,gs://fruit-recognition/fruit-recognition/Banana/Banana01081.png,banana"
"TRAIN,gs://fruit-recognition/fruit-recognition/Banana/Banana01082.png,banana"
"TRAIN,gs://fruit-recognition/fruit-recognition/Banana/Banana01083.png,banana"
"TRAIN,gs://fruit-recognition/fruit-recognition/Banana/Banana01084.png,banana"
"TRAIN,gs://fruit-recognition/fruit-recognition/Banana/Banana01085.png,banana"
"TRAIN,gs://fruit-recognition/fruit-recognition/Banana/Banana01086.png,banana"
"TRAIN,gs://fruit-recognition/fruit-recognition/Banana/Banana01087.png,banana"
"TRAIN,gs://fruit-recognition/fruit-recognition/Banana/Banana01088.png,banana"
"TRAIN,gs://fruit-recognition/fruit-recognition/Banana/Banana01089.png,banana"
"TRAIN,gs://fruit-recognition/fruit-recognition/Banana/Banana0109.png,banana"
"TRAIN,gs://fruit-recognition/fruit-recognition/Banana/Banana01090.png,banana"
"TRAIN,gs://fruit-recognition/fruit-recognition/Banana/Banana01091.png,banana"
"TRAIN,gs://fruit-recognition/fruit-recognition/Banana/Banana01092.png,banana"
"TRAIN,gs://fruit-recognition/fruit-recognition/Banana/Banana01093.png,banana"
"TRAIN,gs://fruit-recognition/fruit-recognition/Banana/Banana01094.png,banana"
"TRAIN,gs://fruit-recognition/fruit-recognition/Banana/Banana01095.png,banana"
"TRAIN,gs://fruit-recognition/fruit-recognition/Banana/Banana01096.png,banana"
"TRAIN,gs://fruit-recognition/fruit-recognition/Banana/Banana01097.png,banana"
"TRAIN,gs://fruit-recognition/fruit-recognition/Banana/Banana01098.png,banana"
"TRAIN,gs://fruit-recognition/fruit-recognition/Banana/Banana01099.png,banana"
"TRAIN,gs://fruit-recognition/fruit-recognition/Banana/Banana011.png,banana"
"TRAIN,gs://fruit-recognition/fruit-recognition/Banana/Banana0110.png,banana"
"TRAIN,gs://fruit-recognition/fruit-recognition/Banana/Banana01100.png,banana"
"TRAIN,gs://fruit-recognition/fruit-recognition/Banana/Banana01101.png,banana"
"TRAIN,gs://fruit-recognition/fruit-recognition/Banana/Banana01102.png,banana"
"TRAIN,gs://fruit-recognition/fruit-recognition/Banana/Banana01103.png,banana"
"TRAIN,gs://fruit-recognition/fruit-recognition/Banana/Banana01104.png,banana"
"TRAIN,gs://fruit-recognition/fruit-recognition/Banana/Banana01105.png,banana"
"TRAIN,gs://fruit-recognition/fruit-recognition/Banana/Banana01106.png,banana"
"TRAIN,gs://fruit-recognition/fruit-recognition/Banana/Banana01107.png,banana"
"TRAIN,gs://fruit-recognition/fruit-recognition/Banana/Banana01108.png,banana"
"TRAIN,gs://fruit-recognition/fruit-recognition/Banana/Banana01109.png,banana"
"TRAIN,gs://fruit-recognition/fruit-recognition/Banana/Banana0111.png,banana"
"TRAIN,gs://fruit-recognition/fruit-recognition/Banana/Banana01110.png,banana"
"TRAIN,gs://fruit-recognition/fruit-recognition/Banana/Banana01111.png,banana"
"TRAIN,gs://fruit-recognition/fruit-recognition/Banana/Banana01112.png,banana"
"TRAIN,gs://fruit-recognition/fruit-recognition/Banana/Banana01113.png,banana"
"TRAIN,gs://fruit-recognition/fruit-recognition/Banana/Banana01114.png,banana"
"TRAIN,gs://fruit-recognition/fruit-recognition/Banana/Banana01115.png,banana"
"TRAIN,gs://fruit-recognition/fruit-recognition/Banana/Banana01116.png,banana"
"TRAIN,gs://fruit-recognition/fruit-recognition/Banana/Banana01117.png,banana"
"TRAIN,gs://fruit-recognition/fruit-recognition/Banana/Banana01118.png,banana"
"TRAIN,gs://fruit-recognition/fruit-recognition/Banana/Banana01119.png,banana"
"TRAIN,gs://fruit-recognition/fruit-recognition/Banana/Banana0112.png,banana"
"TRAIN,gs://fruit-recognition/fruit-recognition/Banana/Banana01120.png,banana"
"TRAIN,gs://fruit-recognition/fruit-recognition/Banana/Banana01121.png,banana"
"TRAIN,gs://fruit-recognition/fruit-recognition/Banana/Banana01122.png,banana"
"TRAIN,gs://fruit-recognition/fruit-recognition/Banana/Banana01123.png,banana"
"TRAIN,gs://fruit-recognition/fruit-recognition/Banana/Banana01124.png,banana"
"TRAIN,gs://fruit-recognition/fruit-recognition/Banana/Banana01125.png,banana"
"TRAIN,gs://fruit-recognition/fruit-recognition/Banana/Banana01126.png,banana"
"TRAIN,gs://fruit-recognition/fruit-recognition/Banana/Banana01127.png,banana"
"TRAIN,gs://fruit-recognition/fruit-recognition/Banana/Banana01128.png,banana"
"TRAIN,gs://fruit-recognition/fruit-recognition/Banana/Banana01129.png,banana"
"TRAIN,gs://fruit-recognition/fruit-recognition/Banana/Banana0113.png,banana"
"TRAIN,gs://fruit-recognition/fruit-recognition/Banana/Banana01130.png,banana"
"TRAIN,gs://fruit-recognition/fruit-recognition/Banana/Banana01131.png,banana"
"TRAIN,gs://fruit-recognition/fruit-recognition/Banana/Banana01132.png,banana"
"TRAIN,gs://fruit-recognition/fruit-recognition/Banana/Banana01133.png,banana"
"TRAIN,gs://fruit-recognition/fruit-recognition/Banana/Banana01134.png,banana"
"TRAIN,gs://fruit-recognition/fruit-recognition/Banana/Banana01135.png,banana"
"TRAIN,gs://fruit-recognition/fruit-recognition/Banana/Banana01136.png,banana"
"TRAIN,gs://fruit-recognition/fruit-recognition/Banana/Banana01137.png,banana"
"TRAIN,gs://fruit-recognition/fruit-recognition/Banana/Banana01138.png,banana"
"TRAIN,gs://fruit-recognition/fruit-recognition/Banana/Banana01139.png,banana"
"TRAIN,gs://fruit-recognition/fruit-recognition/Banana/Banana0114.png,banana"
"TRAIN,gs://fruit-recognition/fruit-recognition/Banana/Banana01140.png,banana"
"TRAIN,gs://fruit-recognition/fruit-recognition/Banana/Banana01141.png,banana"
"TRAIN,gs://fruit-recognition/fruit-recognition/Banana/Banana01142.png,banana"
"TRAIN,gs://fruit-recognition/fruit-recognition/Banana/Banana01143.png,banana"
"TRAIN,gs://fruit-recognition/fruit-recognition/Banana/Banana01144.png,banana"
"TRAIN,gs://fruit-recognition/fruit-recognition/Banana/Banana01145.png,banana"
"TRAIN,gs://fruit-recognition/fruit-recognition/Banana/Banana01146.png,banana"
"TRAIN,gs://fruit-recognition/fruit-recognition/Banana/Banana01147.png,banana"
"TRAIN,gs://fruit-recognition/fruit-recognition/Banana/Banana01148.png,banana"
"TRAIN,gs://fruit-recognition/fruit-recognition/Banana/Banana01149.png,banana"
"TRAIN,gs://fruit-recognition/fruit-recognition/Banana/Banana0115.png,banana"
"TRAIN,gs://fruit-recognition/fruit-recognition/Banana/Banana01150.png,banana"
"TRAIN,gs://fruit-recognition/fruit-recognition/Banana/Banana01151.png,banana"
"TRAIN,gs://fruit-recognition/fruit-recognition/Banana/Banana01152.png,banana"
"TRAIN,gs://fruit-recognition/fruit-recognition/Banana/Banana01153.png,banana"
"TRAIN,gs://fruit-recognition/fruit-recognition/Banana/Banana01154.png,banana"
"TRAIN,gs://fruit-recognition/fruit-recognition/Banana/Banana01155.png,banana"
"TRAIN,gs://fruit-recognition/fruit-recognition/Banana/Banana01156.png,banana"
"TRAIN,gs://fruit-recognition/fruit-recognition/Banana/Banana01157.png,banana"
"TRAIN,gs://fruit-recognition/fruit-recognition/Banana/Banana01158.png,banana"
"TRAIN,gs://fruit-recognition/fruit-recognition/Banana/Banana01159.png,banana"
"TRAIN,gs://fruit-recognition/fruit-recognition/Banana/Banana0116.png,banana"
"TRAIN,gs://fruit-recognition/fruit-recognition/Banana/Banana01160.png,banana"
"TRAIN,gs://fruit-recognition/fruit-recognition/Banana/Banana01161.png,banana"
"TRAIN,gs://fruit-recognition/fruit-recognition/Banana/Banana01162.png,banana"
"TRAIN,gs://fruit-recognition/fruit-recognition/Banana/Banana01163.png,banana"
"TRAIN,gs://fruit-recognition/fruit-recognition/Banana/Banana01164.png,banana"
"TRAIN,gs://fruit-recognition/fruit-recognition/Banana/Banana01165.png,banana"
"TRAIN,gs://fruit-recognition/fruit-recognition/Banana/Banana01166.png,banana"
"TRAIN,gs://fruit-recognition/fruit-recognition/Banana/Banana01167.png,banana"
"TRAIN,gs://fruit-recognition/fruit-recognition/Banana/Banana01168.png,banana"
"TRAIN,gs://fruit-recognition/fruit-recognition/Banana/Banana01169.png,banana"
"TRAIN,gs://fruit-recognition/fruit-recognition/Banana/Banana0117.png,banana"
"TRAIN,gs://fruit-recognition/fruit-recognition/Banana/Banana01170.png,banana"
"TRAIN,gs://fruit-recognition/fruit-recognition/Banana/Banana01171.png,banana"
"TRAIN,gs://fruit-recognition/fruit-recognition/Banana/Banana01172.png,banana"
"TRAIN,gs://fruit-recognition/fruit-recognition/Banana/Banana01173.png,banana"
"TRAIN,gs://fruit-recognition/fruit-recognition/Banana/Banana01174.png,banana"
"TRAIN,gs://fruit-recognition/fruit-recognition/Banana/Banana01175.png,banana"
"TRAIN,gs://fruit-recognition/fruit-recognition/Banana/Banana01176.png,banana"
"TRAIN,gs://fruit-recognition/fruit-recognition/Banana/Banana01177.png,banana"
"TRAIN,gs://fruit-recognition/fruit-recognition/Banana/Banana01178.png,banana"
"TRAIN,gs://fruit-recognition/fruit-recognition/Banana/Banana01179.png,banana"
"TRAIN,gs://fruit-recognition/fruit-recognition/Banana/Banana0118.png,banana"
"TRAIN,gs://fruit-recognition/fruit-recognition/Banana/Banana01180.png,banana"
"TRAIN,gs://fruit-recognition/fruit-recognition/Banana/Banana01181.png,banana"
"TRAIN,gs://fruit-recognition/fruit-recognition/Banana/Banana01182.png,banana"
"TRAIN,gs://fruit-recognition/fruit-recognition/Banana/Banana01183.png,banana"
"TRAIN,gs://fruit-recognition/fruit-recognition/Banana/Banana01184.png,banana"
"TRAIN,gs://fruit-recognition/fruit-recognition/Banana/Banana01185.png,banana"
"TRAIN,gs://fruit-recognition/fruit-recognition/Banana/Banana01186.png,banana"
"TRAIN,gs://fruit-recognition/fruit-recognition/Banana/Banana01187.png,banana"
"TRAIN,gs://fruit-recognition/fruit-recognition/Banana/Banana01188.png,banana"
"TRAIN,gs://fruit-recognition/fruit-recognition/Banana/Banana01189.png,banana"
"TRAIN,gs://fruit-recognition/fruit-recognition/Banana/Banana0119.png,banana"
"TRAIN,gs://fruit-recognition/fruit-recognition/Banana/Banana01190.png,banana"
"TRAIN,gs://fruit-recognition/fruit-recognition/Banana/Banana01191.png,banana"
"TRAIN,gs://fruit-recognition/fruit-recognition/Banana/Banana01192.png,banana"
"TRAIN,gs://fruit-recognition/fruit-recognition/Banana/Banana01193.png,banana"
"TRAIN,gs://fruit-recognition/fruit-recognition/Banana/Banana01194.png,banana"
"TRAIN,gs://fruit-recognition/fruit-recognition/Banana/Banana01195.png,banana"
"TRAIN,gs://fruit-recognition/fruit-recognition/Banana/Banana01196.png,banana"
"TRAIN,gs://fruit-recognition/fruit-recognition/Banana/Banana01197.png,banana"
"TRAIN,gs://fruit-recognition/fruit-recognition/Banana/Banana01198.png,banana"
"TRAIN,gs://fruit-recognition/fruit-recognition/Banana/Banana01199.png,banana"
"TRAIN,gs://fruit-recognition/fruit-recognition/Banana/Banana012.png,banana"
"TRAIN,gs://fruit-recognition/fruit-recognition/Banana/Banana0120.png,banana"
"TRAIN,gs://fruit-recognition/fruit-recognition/Banana/Banana01200.png,banana"
"TRAIN,gs://fruit-recognition/fruit-recognition/Banana/Banana01201.png,banana"
"TRAIN,gs://fruit-recognition/fruit-recognition/Banana/Banana01202.png,banana"
"TRAIN,gs://fruit-recognition/fruit-recognition/Banana/Banana01203.png,banana"
"TRAIN,gs://fruit-recognition/fruit-recognition/Banana/Banana01204.png,banana"
"TRAIN,gs://fruit-recognition/fruit-recognition/Banana/Banana01205.png,banana"
"TRAIN,gs://fruit-recognition/fruit-recognition/Banana/Banana01206.png,banana"
"TRAIN,gs://fruit-recognition/fruit-recognition/Banana/Banana01207.png,banana"
"TRAIN,gs://fruit-recognition/fruit-recognition/Banana/Banana01208.png,banana"
"TRAIN,gs://fruit-recognition/fruit-recognition/Banana/Banana01209.png,banana"
"TRAIN,gs://fruit-recognition/fruit-recognition/Banana/Banana0121.png,banana"
"TRAIN,gs://fruit-recognition/fruit-recognition/Banana/Banana01210.png,banana"
"TRAIN,gs://fruit-recognition/fruit-recognition/Banana/Banana01211.png,banana"
"TRAIN,gs://fruit-recognition/fruit-recognition/Banana/Banana01212.png,banana"
"TRAIN,gs://fruit-recognition/fruit-recognition/Banana/Banana01213.png,banana"
"TRAIN,gs://fruit-recognition/fruit-recognition/Banana/Banana01214.png,banana"
"TRAIN,gs://fruit-recognition/fruit-recognition/Banana/Banana01215.png,banana"
"TRAIN,gs://fruit-recognition/fruit-recognition/Banana/Banana01216.png,banana"
"TRAIN,gs://fruit-recognition/fruit-recognition/Banana/Banana01217.png,banana"
"TRAIN,gs://fruit-recognition/fruit-recognition/Banana/Banana01218.png,banana"
"TRAIN,gs://fruit-recognition/fruit-recognition/Banana/Banana01219.png,banana"
"TRAIN,gs://fruit-recognition/fruit-recognition/Banana/Banana0122.png,banana"
"TRAIN,gs://fruit-recognition/fruit-recognition/Banana/Banana01220.png,banana"
"TRAIN,gs://fruit-recognition/fruit-recognition/Banana/Banana01221.png,banana"
"TRAIN,gs://fruit-recognition/fruit-recognition/Banana/Banana01222.png,banana"
"TRAIN,gs://fruit-recognition/fruit-recognition/Banana/Banana01223.png,banana"
"TRAIN,gs://fruit-recognition/fruit-recognition/Banana/Banana01224.png,banana"
"TRAIN,gs://fruit-recognition/fruit-recognition/Banana/Banana01225.png,banana"
"TRAIN,gs://fruit-recognition/fruit-recognition/Banana/Banana01226.png,banana"
"TRAIN,gs://fruit-recognition/fruit-recognition/Banana/Banana01227.png,banana"
"TRAIN,gs://fruit-recognition/fruit-recognition/Banana/Banana01228.png,banana"
"TRAIN,gs://fruit-recognition/fruit-recognition/Banana/Banana01229.png,banana"
"TRAIN,gs://fruit-recognition/fruit-recognition/Banana/Banana0123.png,banana"
"TRAIN,gs://fruit-recognition/fruit-recognition/Banana/Banana01230.png,banana"
"TRAIN,gs://fruit-recognition/fruit-recognition/Banana/Banana01231.png,banana"
"TRAIN,gs://fruit-recognition/fruit-recognition/Banana/Banana01232.png,banana"
"TRAIN,gs://fruit-recognition/fruit-recognition/Banana/Banana01233.png,banana"
"TRAIN,gs://fruit-recognition/fruit-recognition/Banana/Banana01234.png,banana"
"TRAIN,gs://fruit-recognition/fruit-recognition/Banana/Banana01235.png,banana"
"TRAIN,gs://fruit-recognition/fruit-recognition/Banana/Banana01236.png,banana"
"TRAIN,gs://fruit-recognition/fruit-recognition/Banana/Banana01237.png,banana"
"TRAIN,gs://fruit-recognition/fruit-recognition/Banana/Banana01238.png,banana"
"TRAIN,gs://fruit-recognition/fruit-recognition/Banana/Banana01239.png,banana"
"TRAIN,gs://fruit-recognition/fruit-recognition/Banana/Banana0124.png,banana"
"TRAIN,gs://fruit-recognition/fruit-recognition/Banana/Banana01240.png,banana"
"TRAIN,gs://fruit-recognition/fruit-recognition/Banana/Banana01241.png,banana"
"TRAIN,gs://fruit-recognition/fruit-recognition/Banana/Banana01242.png,banana"
"TRAIN,gs://fruit-recognition/fruit-recognition/Banana/Banana01243.png,banana"
"TRAIN,gs://fruit-recognition/fruit-recognition/Banana/Banana01244.png,banana"
"TRAIN,gs://fruit-recognition/fruit-recognition/Banana/Banana01245.png,banana"
"TRAIN,gs://fruit-recognition/fruit-recognition/Banana/Banana01246.png,banana"
"TRAIN,gs://fruit-recognition/fruit-recognition/Banana/Banana01247.png,banana"
"TRAIN,gs://fruit-recognition/fruit-recognition/Banana/Banana01248.png,banana"
"TRAIN,gs://fruit-recognition/fruit-recognition/Banana/Banana01249.png,banana"
"TRAIN,gs://fruit-recognition/fruit-recognition/Banana/Banana0125.png,banana"
"TRAIN,gs://fruit-recognition/fruit-recognition/Banana/Banana01250.png,banana"
"TRAIN,gs://fruit-recognition/fruit-recognition/Banana/Banana01251.png,banana"
"TRAIN,gs://fruit-recognition/fruit-recognition/Banana/Banana01252.png,banana"
"TRAIN,gs://fruit-recognition/fruit-recognition/Banana/Banana01253.png,banana"
"TRAIN,gs://fruit-recognition/fruit-recognition/Banana/Banana01254.png,banana"
"TRAIN,gs://fruit-recognition/fruit-recognition/Banana/Banana01255.png,banana"
"TRAIN,gs://fruit-recognition/fruit-recognition/Banana/Banana01256.png,banana"
"TRAIN,gs://fruit-recognition/fruit-recognition/Banana/Banana01257.png,banana"
"TRAIN,gs://fruit-recognition/fruit-recognition/Banana/Banana01258.png,banana"
"TRAIN,gs://fruit-recognition/fruit-recognition/Banana/Banana01259.png,banana"
"TRAIN,gs://fruit-recognition/fruit-recognition/Banana/Banana0126.png,banana"
"TRAIN,gs://fruit-recognition/fruit-recognition/Banana/Banana01260.png,banana"
"TRAIN,gs://fruit-recognition/fruit-recognition/Banana/Banana01261.png,banana"
"TRAIN,gs://fruit-recognition/fruit-recognition/Banana/Banana01262.png,banana"
"TRAIN,gs://fruit-recognition/fruit-recognition/Banana/Banana01263.png,banana"
"TRAIN,gs://fruit-recognition/fruit-recognition/Banana/Banana01264.png,banana"
"TRAIN,gs://fruit-recognition/fruit-recognition/Banana/Banana01265.png,banana"
"TRAIN,gs://fruit-recognition/fruit-recognition/Banana/Banana01266.png,banana"
"TRAIN,gs://fruit-recognition/fruit-recognition/Banana/Banana01267.png,banana"
"TRAIN,gs://fruit-recognition/fruit-recognition/Banana/Banana01268.png,banana"
"TRAIN,gs://fruit-recognition/fruit-recognition/Banana/Banana01269.png,banana"
"TRAIN,gs://fruit-recognition/fruit-recognition/Banana/Banana0127.png,banana"
"TRAIN,gs://fruit-recognition/fruit-recognition/Banana/Banana01270.png,banana"
"TRAIN,gs://fruit-recognition/fruit-recognition/Banana/Banana01271.png,banana"
"TRAIN,gs://fruit-recognition/fruit-recognition/Banana/Banana01272.png,banana"
"TRAIN,gs://fruit-recognition/fruit-recognition/Banana/Banana01273.png,banana"
"TRAIN,gs://fruit-recognition/fruit-recognition/Banana/Banana01274.png,banana"
"TRAIN,gs://fruit-recognition/fruit-recognition/Banana/Banana01275.png,banana"
"TRAIN,gs://fruit-recognition/fruit-recognition/Banana/Banana01276.png,banana"
"TRAIN,gs://fruit-recognition/fruit-recognition/Banana/Banana01277.png,banana"
"TRAIN,gs://fruit-recognition/fruit-recognition/Banana/Banana01278.png,banana"
"TRAIN,gs://fruit-recognition/fruit-recognition/Banana/Banana01279.png,banana"
"TRAIN,gs://fruit-recognition/fruit-recognition/Banana/Banana0128.png,banana"
"TRAIN,gs://fruit-recognition/fruit-recognition/Banana/Banana01280.png,banana"
"TRAIN,gs://fruit-recognition/fruit-recognition/Banana/Banana01281.png,banana"
"TRAIN,gs://fruit-recognition/fruit-recognition/Banana/Banana01282.png,banana"
"TRAIN,gs://fruit-recognition/fruit-recognition/Banana/Banana01283.png,banana"
"TRAIN,gs://fruit-recognition/fruit-recognition/Banana/Banana01284.png,banana"
"TRAIN,gs://fruit-recognition/fruit-recognition/Banana/Banana01285.png,banana"
"TRAIN,gs://fruit-recognition/fruit-recognition/Banana/Banana01286.png,banana"
"TRAIN,gs://fruit-recognition/fruit-recognition/Banana/Banana01287.png,banana"
"TRAIN,gs://fruit-recognition/fruit-recognition/Banana/Banana01288.png,banana"
"TRAIN,gs://fruit-recognition/fruit-recognition/Banana/Banana01289.png,banana"
"TRAIN,gs://fruit-recognition/fruit-recognition/Banana/Banana0129.png,banana"
"TRAIN,gs://fruit-recognition/fruit-recognition/Banana/Banana01290.png,banana"
"TRAIN,gs://fruit-recognition/fruit-recognition/Banana/Banana01291.png,banana"
"TRAIN,gs://fruit-recognition/fruit-recognition/Banana/Banana01292.png,banana"
"TRAIN,gs://fruit-recognition/fruit-recognition/Banana/Banana01293.png,banana"
"TRAIN,gs://fruit-recognition/fruit-recognition/Banana/Banana01294.png,banana"
"TRAIN,gs://fruit-recognition/fruit-recognition/Banana/Banana01295.png,banana"
"TRAIN,gs://fruit-recognition/fruit-recognition/Banana/Banana01296.png,banana"
"TRAIN,gs://fruit-recognition/fruit-recognition/Banana/Banana01297.png,banana"
"TRAIN,gs://fruit-recognition/fruit-recognition/Banana/Banana01298.png,banana"
"TRAIN,gs://fruit-recognition/fruit-recognition/Banana/Banana01299.png,banana"
"TRAIN,gs://fruit-recognition/fruit-recognition/Banana/Banana013.png,banana"
"TRAIN,gs://fruit-recognition/fruit-recognition/Banana/Banana0130.png,banana"
"TRAIN,gs://fruit-recognition/fruit-recognition/Banana/Banana01300.png,banana"
"TRAIN,gs://fruit-recognition/fruit-recognition/Banana/Banana01301.png,banana"
"TRAIN,gs://fruit-recognition/fruit-recognition/Banana/Banana01302.png,banana"
"TRAIN,gs://fruit-recognition/fruit-recognition/Banana/Banana01303.png,banana"
"TRAIN,gs://fruit-recognition/fruit-recognition/Banana/Banana01304.png,banana"
"TRAIN,gs://fruit-recognition/fruit-recognition/Banana/Banana01305.png,banana"
"TRAIN,gs://fruit-recognition/fruit-recognition/Banana/Banana01306.png,banana"
"TRAIN,gs://fruit-recognition/fruit-recognition/Banana/Banana01307.png,banana"
"TRAIN,gs://fruit-recognition/fruit-recognition/Banana/Banana01308.png,banana"
"TRAIN,gs://fruit-recognition/fruit-recognition/Banana/Banana01309.png,banana"
"TRAIN,gs://fruit-recognition/fruit-recognition/Banana/Banana0131.png,banana"
"TRAIN,gs://fruit-recognition/fruit-recognition/Banana/Banana01310.png,banana"
"TRAIN,gs://fruit-recognition/fruit-recognition/Banana/Banana01311.png,banana"
"TRAIN,gs://fruit-recognition/fruit-recognition/Banana/Banana01312.png,banana"
"TRAIN,gs://fruit-recognition/fruit-recognition/Banana/Banana01313.png,banana"
"TRAIN,gs://fruit-recognition/fruit-recognition/Banana/Banana01314.png,banana"
"TRAIN,gs://fruit-recognition/fruit-recognition/Banana/Banana01315.png,banana"
"TRAIN,gs://fruit-recognition/fruit-recognition/Banana/Banana01316.png,banana"
"TRAIN,gs://fruit-recognition/fruit-recognition/Banana/Banana01317.png,banana"
"TRAIN,gs://fruit-recognition/fruit-recognition/Banana/Banana01318.png,banana"
"TRAIN,gs://fruit-recognition/fruit-recognition/Banana/Banana01319.png,banana"
"TRAIN,gs://fruit-recognition/fruit-recognition/Banana/Banana0132.png,banana"
"TRAIN,gs://fruit-recognition/fruit-recognition/Banana/Banana01320.png,banana"
"TRAIN,gs://fruit-recognition/fruit-recognition/Banana/Banana01321.png,banana"
"TRAIN,gs://fruit-recognition/fruit-recognition/Banana/Banana01322.png,banana"
"TRAIN,gs://fruit-recognition/fruit-recognition/Banana/Banana01323.png,banana"
"TRAIN,gs://fruit-recognition/fruit-recognition/Banana/Banana01324.png,banana"
"TRAIN,gs://fruit-recognition/fruit-recognition/Banana/Banana01325.png,banana"
"TRAIN,gs://fruit-recognition/fruit-recognition/Banana/Banana01326.png,banana"
"TRAIN,gs://fruit-recognition/fruit-recognition/Banana/Banana01327.png,banana"
"TRAIN,gs://fruit-recognition/fruit-recognition/Banana/Banana01328.png,banana"
"TRAIN,gs://fruit-recognition/fruit-recognition/Banana/Banana01329.png,banana"
"TRAIN,gs://fruit-recognition/fruit-recognition/Banana/Banana0133.png,banana"
"TRAIN,gs://fruit-recognition/fruit-recognition/Banana/Banana01330.png,banana"
"TRAIN,gs://fruit-recognition/fruit-recognition/Banana/Banana01331.png,banana"
"TRAIN,gs://fruit-recognition/fruit-recognition/Banana/Banana01332.png,banana"
"TRAIN,gs://fruit-recognition/fruit-recognition/Banana/Banana01333.png,banana"
"TRAIN,gs://fruit-recognition/fruit-recognition/Banana/Banana01334.png,banana"
"TRAIN,gs://fruit-recognition/fruit-recognition/Banana/Banana01335.png,banana"
"TRAIN,gs://fruit-recognition/fruit-recognition/Banana/Banana01336.png,banana"
"TRAIN,gs://fruit-recognition/fruit-recognition/Banana/Banana01337.png,banana"
"TRAIN,gs://fruit-recognition/fruit-recognition/Banana/Banana01338.png,banana"
"TRAIN,gs://fruit-recognition/fruit-recognition/Banana/Banana01339.png,banana"
"TRAIN,gs://fruit-recognition/fruit-recognition/Banana/Banana0134.png,banana"
"TRAIN,gs://fruit-recognition/fruit-recognition/Banana/Banana01340.png,banana"
"TRAIN,gs://fruit-recognition/fruit-recognition/Banana/Banana01341.png,banana"
"TRAIN,gs://fruit-recognition/fruit-recognition/Banana/Banana01342.png,banana"
"TRAIN,gs://fruit-recognition/fruit-recognition/Banana/Banana01343.png,banana"
"TRAIN,gs://fruit-recognition/fruit-recognition/Banana/Banana01344.png,banana"
"TRAIN,gs://fruit-recognition/fruit-recognition/Banana/Banana01345.png,banana"
"TRAIN,gs://fruit-recognition/fruit-recognition/Banana/Banana01346.png,banana"
"TRAIN,gs://fruit-recognition/fruit-recognition/Banana/Banana01347.png,banana"
"TRAIN,gs://fruit-recognition/fruit-recognition/Banana/Banana01348.png,banana"
"TRAIN,gs://fruit-recognition/fruit-recognition/Banana/Banana01349.png,banana"
"TRAIN,gs://fruit-recognition/fruit-recognition/Banana/Banana0135.png,banana"
"TRAIN,gs://fruit-recognition/fruit-recognition/Banana/Banana01350.png,banana"
"TRAIN,gs://fruit-recognition/fruit-recognition/Banana/Banana01351.png,banana"
"TRAIN,gs://fruit-recognition/fruit-recognition/Banana/Banana01352.png,banana"
"TRAIN,gs://fruit-recognition/fruit-recognition/Banana/Banana01353.png,banana"
"TRAIN,gs://fruit-recognition/fruit-recognition/Banana/Banana01354.png,banana"
"TRAIN,gs://fruit-recognition/fruit-recognition/Banana/Banana01355.png,banana"
"TRAIN,gs://fruit-recognition/fruit-recognition/Banana/Banana01356.png,banana"
"TRAIN,gs://fruit-recognition/fruit-recognition/Banana/Banana01357.png,banana"
"TRAIN,gs://fruit-recognition/fruit-recognition/Banana/Banana01358.png,banana"
"TRAIN,gs://fruit-recognition/fruit-recognition/Banana/Banana01359.png,banana"
"TRAIN,gs://fruit-recognition/fruit-recognition/Banana/Banana0136.png,banana"
"TRAIN,gs://fruit-recognition/fruit-recognition/Banana/Banana01360.png,banana"
"TRAIN,gs://fruit-recognition/fruit-recognition/Banana/Banana01361.png,banana"
"TRAIN,gs://fruit-recognition/fruit-recognition/Banana/Banana01362.png,banana"
"TRAIN,gs://fruit-recognition/fruit-recognition/Banana/Banana01363.png,banana"
"TRAIN,gs://fruit-recognition/fruit-recognition/Banana/Banana01364.png,banana"
"TRAIN,gs://fruit-recognition/fruit-recognition/Banana/Banana01365.png,banana"
"TRAIN,gs://fruit-recognition/fruit-recognition/Banana/Banana01366.png,banana"
"TRAIN,gs://fruit-recognition/fruit-recognition/Banana/Banana01367.png,banana"
"TRAIN,gs://fruit-recognition/fruit-recognition/Banana/Banana01368.png,banana"
"TRAIN,gs://fruit-recognition/fruit-recognition/Banana/Banana01369.png,banana"
"TRAIN,gs://fruit-recognition/fruit-recognition/Banana/Banana0137.png,banana"
"TRAIN,gs://fruit-recognition/fruit-recognition/Banana/Banana01370.png,banana"
"TRAIN,gs://fruit-recognition/fruit-recognition/Banana/Banana01371.png,banana"
"TRAIN,gs://fruit-recognition/fruit-recognition/Banana/Banana01372.png,banana"
"TRAIN,gs://fruit-recognition/fruit-recognition/Banana/Banana01373.png,banana"
"TRAIN,gs://fruit-recognition/fruit-recognition/Banana/Banana01374.png,banana"
"TRAIN,gs://fruit-recognition/fruit-recognition/Banana/Banana01375.png,banana"
"TRAIN,gs://fruit-recognition/fruit-recognition/Banana/Banana01376.png,banana"
"TRAIN,gs://fruit-recognition/fruit-recognition/Banana/Banana01377.png,banana"
"TRAIN,gs://fruit-recognition/fruit-recognition/Banana/Banana01378.png,banana"
"TRAIN,gs://fruit-recognition/fruit-recognition/Banana/Banana01379.png,banana"
"TRAIN,gs://fruit-recognition/fruit-recognition/Banana/Banana0138.png,banana"
"TRAIN,gs://fruit-recognition/fruit-recognition/Banana/Banana01380.png,banana"
"TRAIN,gs://fruit-recognition/fruit-recognition/Banana/Banana01381.png,banana"
"TRAIN,gs://fruit-recognition/fruit-recognition/Banana/Banana01382.png,banana"
"TRAIN,gs://fruit-recognition/fruit-recognition/Banana/Banana01383.png,banana"
"TRAIN,gs://fruit-recognition/fruit-recognition/Banana/Banana01384.png,banana"
"TRAIN,gs://fruit-recognition/fruit-recognition/Banana/Banana01385.png,banana"
"TRAIN,gs://fruit-recognition/fruit-recognition/Banana/Banana01386.png,banana"
"TRAIN,gs://fruit-recognition/fruit-recognition/Banana/Banana01387.png,banana"
"TRAIN,gs://fruit-recognition/fruit-recognition/Banana/Banana01388.png,banana"
"TRAIN,gs://fruit-recognition/fruit-recognition/Banana/Banana01389.png,banana"
"TRAIN,gs://fruit-recognition/fruit-recognition/Banana/Banana0139.png,banana"
"TRAIN,gs://fruit-recognition/fruit-recognition/Banana/Banana01390.png,banana"
"TRAIN,gs://fruit-recognition/fruit-recognition/Banana/Banana01391.png,banana"
"TRAIN,gs://fruit-recognition/fruit-recognition/Banana/Banana01392.png,banana"
"TRAIN,gs://fruit-recognition/fruit-recognition/Banana/Banana01393.png,banana"
"TRAIN,gs://fruit-recognition/fruit-recognition/Banana/Banana01394.png,banana"
"TRAIN,gs://fruit-recognition/fruit-recognition/Banana/Banana01395.png,banana"
"TRAIN,gs://fruit-recognition/fruit-recognition/Banana/Banana01396.png,banana"
"TRAIN,gs://fruit-recognition/fruit-recognition/Banana/Banana01397.png,banana"
"TRAIN,gs://fruit-recognition/fruit-recognition/Banana/Banana01398.png,banana"
"TRAIN,gs://fruit-recognition/fruit-recognition/Banana/Banana01399.png,banana"
"TRAIN,gs://fruit-recognition/fruit-recognition/Banana/Banana014.png,banana"
"TRAIN,gs://fruit-recognition/fruit-recognition/Banana/Banana0140.png,banana"
"TRAIN,gs://fruit-recognition/fruit-recognition/Banana/Banana01400.png,banana"
"TRAIN,gs://fruit-recognition/fruit-recognition/Banana/Banana01401.png,banana"
"TRAIN,gs://fruit-recognition/fruit-recognition/Banana/Banana01402.png,banana"
"TRAIN,gs://fruit-recognition/fruit-recognition/Banana/Banana01403.png,banana"
"TRAIN,gs://fruit-recognition/fruit-recognition/Banana/Banana01404.png,banana"
"TRAIN,gs://fruit-recognition/fruit-recognition/Banana/Banana01405.png,banana"
"TRAIN,gs://fruit-recognition/fruit-recognition/Banana/Banana01406.png,banana"
"TRAIN,gs://fruit-recognition/fruit-recognition/Banana/Banana01407.png,banana"
"TRAIN,gs://fruit-recognition/fruit-recognition/Banana/Banana01408.png,banana"
"TRAIN,gs://fruit-recognition/fruit-recognition/Banana/Banana01409.png,banana"
"TRAIN,gs://fruit-recognition/fruit-recognition/Banana/Banana0141.png,banana"
"TRAIN,gs://fruit-recognition/fruit-recognition/Banana/Banana01410.png,banana"
"TRAIN,gs://fruit-recognition/fruit-recognition/Banana/Banana01411.png,banana"
"TRAIN,gs://fruit-recognition/fruit-recognition/Banana/Banana01412.png,banana"
"TRAIN,gs://fruit-recognition/fruit-recognition/Banana/Banana01413.png,banana"
"TRAIN,gs://fruit-recognition/fruit-recognition/Banana/Banana01414.png,banana"
"TRAIN,gs://fruit-recognition/fruit-recognition/Banana/Banana01415.png,banana"
"TRAIN,gs://fruit-recognition/fruit-recognition/Banana/Banana01416.png,banana"
"TRAIN,gs://fruit-recognition/fruit-recognition/Banana/Banana01417.png,banana"
"TRAIN,gs://fruit-recognition/fruit-recognition/Banana/Banana01418.png,banana"
"TRAIN,gs://fruit-recognition/fruit-recognition/Banana/Banana01419.png,banana"
"TRAIN,gs://fruit-recognition/fruit-recognition/Banana/Banana0142.png,banana"
"TRAIN,gs://fruit-recognition/fruit-recognition/Banana/Banana01420.png,banana"
"TRAIN,gs://fruit-recognition/fruit-recognition/Banana/Banana01421.png,banana"
"TRAIN,gs://fruit-recognition/fruit-recognition/Banana/Banana01422.png,banana"
"TRAIN,gs://fruit-recognition/fruit-recognition/Banana/Banana01423.png,banana"
"TRAIN,gs://fruit-recognition/fruit-recognition/Banana/Banana01424.png,banana"
"TRAIN,gs://fruit-recognition/fruit-recognition/Banana/Banana01425.png,banana"
"TRAIN,gs://fruit-recognition/fruit-recognition/Banana/Banana01426.png,banana"
"TRAIN,gs://fruit-recognition/fruit-recognition/Banana/Banana01427.png,banana"
"TRAIN,gs://fruit-recognition/fruit-recognition/Banana/Banana01428.png,banana"
"TRAIN,gs://fruit-recognition/fruit-recognition/Banana/Banana01429.png,banana"
"TRAIN,gs://fruit-recognition/fruit-recognition/Banana/Banana0143.png,banana"
"TRAIN,gs://fruit-recognition/fruit-recognition/Banana/Banana01430.png,banana"
"TRAIN,gs://fruit-recognition/fruit-recognition/Banana/Banana01431.png,banana"
"TRAIN,gs://fruit-recognition/fruit-recognition/Banana/Banana01432.png,banana"
"TRAIN,gs://fruit-recognition/fruit-recognition/Banana/Banana01433.png,banana"
"TRAIN,gs://fruit-recognition/fruit-recognition/Banana/Banana01434.png,banana"
"TRAIN,gs://fruit-recognition/fruit-recognition/Banana/Banana01435.png,banana"
"TRAIN,gs://fruit-recognition/fruit-recognition/Banana/Banana01436.png,banana"
"TRAIN,gs://fruit-recognition/fruit-recognition/Banana/Banana01437.png,banana"
"TRAIN,gs://fruit-recognition/fruit-recognition/Banana/Banana01438.png,banana"
"TRAIN,gs://fruit-recognition/fruit-recognition/Banana/Banana01439.png,banana"
"TRAIN,gs://fruit-recognition/fruit-recognition/Banana/Banana0144.png,banana"
"TRAIN,gs://fruit-recognition/fruit-recognition/Banana/Banana01440.png,banana"
"TRAIN,gs://fruit-recognition/fruit-recognition/Banana/Banana01441.png,banana"
"TRAIN,gs://fruit-recognition/fruit-recognition/Banana/Banana01442.png,banana"
"TRAIN,gs://fruit-recognition/fruit-recognition/Banana/Banana01443.png,banana"
"TRAIN,gs://fruit-recognition/fruit-recognition/Banana/Banana01444.png,banana"
"TRAIN,gs://fruit-recognition/fruit-recognition/Banana/Banana01445.png,banana"
"TRAIN,gs://fruit-recognition/fruit-recognition/Banana/Banana01446.png,banana"
"TRAIN,gs://fruit-recognition/fruit-recognition/Banana/Banana01447.png,banana"
"TRAIN,gs://fruit-recognition/fruit-recognition/Banana/Banana01448.png,banana"
"TRAIN,gs://fruit-recognition/fruit-recognition/Banana/Banana01449.png,banana"
"TRAIN,gs://fruit-recognition/fruit-recognition/Banana/Banana0145.png,banana"
"TRAIN,gs://fruit-recognition/fruit-recognition/Banana/Banana01450.png,banana"
"TRAIN,gs://fruit-recognition/fruit-recognition/Banana/Banana01451.png,banana"
"TRAIN,gs://fruit-recognition/fruit-recognition/Banana/Banana01452.png,banana"
"TRAIN,gs://fruit-recognition/fruit-recognition/Banana/Banana01453.png,banana"
"TRAIN,gs://fruit-recognition/fruit-recognition/Banana/Banana01454.png,banana"
"TRAIN,gs://fruit-recognition/fruit-recognition/Banana/Banana01455.png,banana"
"TRAIN,gs://fruit-recognition/fruit-recognition/Banana/Banana01456.png,banana"
"TRAIN,gs://fruit-recognition/fruit-recognition/Banana/Banana01457.png,banana"
"TRAIN,gs://fruit-recognition/fruit-recognition/Banana/Banana01458.png,banana"
"TRAIN,gs://fruit-recognition/fruit-recognition/Banana/Banana01459.png,banana"
"TRAIN,gs://fruit-recognition/fruit-recognition/Banana/Banana0146.png,banana"
"TRAIN,gs://fruit-recognition/fruit-recognition/Banana/Banana01460.png,banana"
"TRAIN,gs://fruit-recognition/fruit-recognition/Banana/Banana01461.png,banana"
"TRAIN,gs://fruit-recognition/fruit-recognition/Banana/Banana01462.png,banana"
"TRAIN,gs://fruit-recognition/fruit-recognition/Banana/Banana01463.png,banana"
"TRAIN,gs://fruit-recognition/fruit-recognition/Banana/Banana01464.png,banana"
"TRAIN,gs://fruit-recognition/fruit-recognition/Banana/Banana01465.png,banana"
"TRAIN,gs://fruit-recognition/fruit-recognition/Banana/Banana01466.png,banana"
"TRAIN,gs://fruit-recognition/fruit-recognition/Banana/Banana01467.png,banana"
"TRAIN,gs://fruit-recognition/fruit-recognition/Banana/Banana01468.png,banana"
"TRAIN,gs://fruit-recognition/fruit-recognition/Banana/Banana01469.png,banana"
"TRAIN,gs://fruit-recognition/fruit-recognition/Banana/Banana0147.png,banana"
"TRAIN,gs://fruit-recognition/fruit-recognition/Banana/Banana01470.png,banana"
"TRAIN,gs://fruit-recognition/fruit-recognition/Banana/Banana01471.png,banana"
"TRAIN,gs://fruit-recognition/fruit-recognition/Banana/Banana01472.png,banana"
"TRAIN,gs://fruit-recognition/fruit-recognition/Banana/Banana01473.png,banana"
"TRAIN,gs://fruit-recognition/fruit-recognition/Banana/Banana01474.png,banana"
"TRAIN,gs://fruit-recognition/fruit-recognition/Banana/Banana01475.png,banana"
"TRAIN,gs://fruit-recognition/fruit-recognition/Banana/Banana01476.png,banana"
"TRAIN,gs://fruit-recognition/fruit-recognition/Banana/Banana01477.png,banana"
"TRAIN,gs://fruit-recognition/fruit-recognition/Banana/Banana01478.png,banana"
"TRAIN,gs://fruit-recognition/fruit-recognition/Banana/Banana01479.png,banana"
"TRAIN,gs://fruit-recognition/fruit-recognition/Banana/Banana0148.png,banana"
"TRAIN,gs://fruit-recognition/fruit-recognition/Banana/Banana01480.png,banana"
"TRAIN,gs://fruit-recognition/fruit-recognition/Banana/Banana01481.png,banana"
"TRAIN,gs://fruit-recognition/fruit-recognition/Banana/Banana01482.png,banana"
"TRAIN,gs://fruit-recognition/fruit-recognition/Banana/Banana01483.png,banana"
"TRAIN,gs://fruit-recognition/fruit-recognition/Banana/Banana01484.png,banana"
"TRAIN,gs://fruit-recognition/fruit-recognition/Banana/Banana01485.png,banana"
"TRAIN,gs://fruit-recognition/fruit-recognition/Banana/Banana01486.png,banana"
"TRAIN,gs://fruit-recognition/fruit-recognition/Banana/Banana01487.png,banana"
"TRAIN,gs://fruit-recognition/fruit-recognition/Banana/Banana01488.png,banana"
"TRAIN,gs://fruit-recognition/fruit-recognition/Banana/Banana01489.png,banana"
"TRAIN,gs://fruit-recognition/fruit-recognition/Banana/Banana0149.png,banana"
"TRAIN,gs://fruit-recognition/fruit-recognition/Banana/Banana01490.png,banana"
"TRAIN,gs://fruit-recognition/fruit-recognition/Banana/Banana01491.png,banana"
"TRAIN,gs://fruit-recognition/fruit-recognition/Banana/Banana01492.png,banana"
"TRAIN,gs://fruit-recognition/fruit-recognition/Banana/Banana01493.png,banana"
"TRAIN,gs://fruit-recognition/fruit-recognition/Banana/Banana01494.png,banana"
"TRAIN,gs://fruit-recognition/fruit-recognition/Banana/Banana01495.png,banana"
"TRAIN,gs://fruit-recognition/fruit-recognition/Banana/Banana01496.png,banana"
"TRAIN,gs://fruit-recognition/fruit-recognition/Banana/Banana01497.png,banana"
"TRAIN,gs://fruit-recognition/fruit-recognition/Banana/Banana01498.png,banana"
"TRAIN,gs://fruit-recognition/fruit-recognition/Banana/Banana01499.png,banana"
"TRAIN,gs://fruit-recognition/fruit-recognition/Banana/Banana015.png,banana"
"TRAIN,gs://fruit-recognition/fruit-recognition/Banana/Banana0150.png,banana"
"TRAIN,gs://fruit-recognition/fruit-recognition/Banana/Banana01500.png,banana"
"TRAIN,gs://fruit-recognition/fruit-recognition/Banana/Banana01501.png,banana"
"TRAIN,gs://fruit-recognition/fruit-recognition/Banana/Banana01502.png,banana"
"TRAIN,gs://fruit-recognition/fruit-recognition/Banana/Banana01503.png,banana"
"TRAIN,gs://fruit-recognition/fruit-recognition/Banana/Banana01504.png,banana"
"TRAIN,gs://fruit-recognition/fruit-recognition/Banana/Banana01505.png,banana"
"TRAIN,gs://fruit-recognition/fruit-recognition/Banana/Banana01506.png,banana"
"TRAIN,gs://fruit-recognition/fruit-recognition/Banana/Banana01507.png,banana"
"TRAIN,gs://fruit-recognition/fruit-recognition/Banana/Banana01508.png,banana"
"TRAIN,gs://fruit-recognition/fruit-recognition/Banana/Banana01509.png,banana"
"TRAIN,gs://fruit-recognition/fruit-recognition/Banana/Banana0151.png,banana"
"TRAIN,gs://fruit-recognition/fruit-recognition/Banana/Banana01510.png,banana"
"TRAIN,gs://fruit-recognition/fruit-recognition/Banana/Banana01511.png,banana"
"TRAIN,gs://fruit-recognition/fruit-recognition/Banana/Banana01512.png,banana"
"TRAIN,gs://fruit-recognition/fruit-recognition/Banana/Banana01513.png,banana"
"TRAIN,gs://fruit-recognition/fruit-recognition/Banana/Banana01514.png,banana"
"TRAIN,gs://fruit-recognition/fruit-recognition/Banana/Banana01515.png,banana"
"TRAIN,gs://fruit-recognition/fruit-recognition/Banana/Banana01516.png,banana"
"TRAIN,gs://fruit-recognition/fruit-recognition/Banana/Banana01517.png,banana"
"TRAIN,gs://fruit-recognition/fruit-recognition/Banana/Banana01518.png,banana"
"TRAIN,gs://fruit-recognition/fruit-recognition/Banana/Banana01519.png,banana"
"TRAIN,gs://fruit-recognition/fruit-recognition/Banana/Banana0152.png,banana"
"TRAIN,gs://fruit-recognition/fruit-recognition/Banana/Banana01520.png,banana"
"TRAIN,gs://fruit-recognition/fruit-recognition/Banana/Banana01521.png,banana"
"TRAIN,gs://fruit-recognition/fruit-recognition/Banana/Banana01522.png,banana"
"TRAIN,gs://fruit-recognition/fruit-recognition/Banana/Banana01523.png,banana"
"TRAIN,gs://fruit-recognition/fruit-recognition/Banana/Banana01524.png,banana"
"TRAIN,gs://fruit-recognition/fruit-recognition/Banana/Banana01525.png,banana"
"TRAIN,gs://fruit-recognition/fruit-recognition/Banana/Banana01526.png,banana"
"TRAIN,gs://fruit-recognition/fruit-recognition/Banana/Banana01527.png,banana"
"TRAIN,gs://fruit-recognition/fruit-recognition/Banana/Banana01528.png,banana"
"TRAIN,gs://fruit-recognition/fruit-recognition/Banana/Banana01529.png,banana"
"TRAIN,gs://fruit-recognition/fruit-recognition/Banana/Banana0153.png,banana"
"TRAIN,gs://fruit-recognition/fruit-recognition/Banana/Banana01530.png,banana"
"TRAIN,gs://fruit-recognition/fruit-recognition/Banana/Banana01531.png,banana"
"TRAIN,gs://fruit-recognition/fruit-recognition/Banana/Banana01532.png,banana"
"TRAIN,gs://fruit-recognition/fruit-recognition/Banana/Banana01533.png,banana"
"TRAIN,gs://fruit-recognition/fruit-recognition/Banana/Banana01534.png,banana"
"TRAIN,gs://fruit-recognition/fruit-recognition/Banana/Banana01535.png,banana"
"TRAIN,gs://fruit-recognition/fruit-recognition/Banana/Banana01536.png,banana"
"TRAIN,gs://fruit-recognition/fruit-recognition/Banana/Banana01537.png,banana"
"TRAIN,gs://fruit-recognition/fruit-recognition/Banana/Banana01538.png,banana"
"TRAIN,gs://fruit-recognition/fruit-recognition/Banana/Banana01539.png,banana"
"TRAIN,gs://fruit-recognition/fruit-recognition/Banana/Banana0154.png,banana"
"TRAIN,gs://fruit-recognition/fruit-recognition/Banana/Banana01540.png,banana"
"TRAIN,gs://fruit-recognition/fruit-recognition/Banana/Banana01541.png,banana"
"TRAIN,gs://fruit-recognition/fruit-recognition/Banana/Banana01542.png,banana"
"TRAIN,gs://fruit-recognition/fruit-recognition/Banana/Banana01543.png,banana"
"TRAIN,gs://fruit-recognition/fruit-recognition/Banana/Banana01544.png,banana"
"TRAIN,gs://fruit-recognition/fruit-recognition/Banana/Banana01545.png,banana"
"TRAIN,gs://fruit-recognition/fruit-recognition/Banana/Banana01546.png,banana"
"TRAIN,gs://fruit-recognition/fruit-recognition/Banana/Banana01547.png,banana"
"TRAIN,gs://fruit-recognition/fruit-recognition/Banana/Banana01548.png,banana"
"TRAIN,gs://fruit-recognition/fruit-recognition/Banana/Banana01549.png,banana"
"TRAIN,gs://fruit-recognition/fruit-recognition/Banana/Banana0155.png,banana"
"TRAIN,gs://fruit-recognition/fruit-recognition/Banana/Banana01550.png,banana"
"TRAIN,gs://fruit-recognition/fruit-recognition/Banana/Banana01551.png,banana"
"TRAIN,gs://fruit-recognition/fruit-recognition/Banana/Banana01552.png,banana"
"TRAIN,gs://fruit-recognition/fruit-recognition/Banana/Banana01553.png,banana"
"TRAIN,gs://fruit-recognition/fruit-recognition/Banana/Banana01554.png,banana"
"TRAIN,gs://fruit-recognition/fruit-recognition/Banana/Banana01555.png,banana"
"TRAIN,gs://fruit-recognition/fruit-recognition/Banana/Banana01556.png,banana"
"TRAIN,gs://fruit-recognition/fruit-recognition/Banana/Banana01557.png,banana"
"TRAIN,gs://fruit-recognition/fruit-recognition/Banana/Banana01558.png,banana"
"TRAIN,gs://fruit-recognition/fruit-recognition/Banana/Banana01559.png,banana"
"TRAIN,gs://fruit-recognition/fruit-recognition/Banana/Banana0156.png,banana"
"TRAIN,gs://fruit-recognition/fruit-recognition/Banana/Banana01560.png,banana"
"TRAIN,gs://fruit-recognition/fruit-recognition/Banana/Banana01561.png,banana"
"TRAIN,gs://fruit-recognition/fruit-recognition/Banana/Banana01562.png,banana"
"TRAIN,gs://fruit-recognition/fruit-recognition/Banana/Banana01563.png,banana"
"TRAIN,gs://fruit-recognition/fruit-recognition/Banana/Banana01564.png,banana"
"TRAIN,gs://fruit-recognition/fruit-recognition/Banana/Banana01565.png,banana"
"TRAIN,gs://fruit-recognition/fruit-recognition/Banana/Banana01566.png,banana"
"TRAIN,gs://fruit-recognition/fruit-recognition/Banana/Banana01567.png,banana"
"TRAIN,gs://fruit-recognition/fruit-recognition/Banana/Banana01568.png,banana"
"TRAIN,gs://fruit-recognition/fruit-recognition/Banana/Banana01569.png,banana"
"TRAIN,gs://fruit-recognition/fruit-recognition/Banana/Banana0157.png,banana"
"TRAIN,gs://fruit-recognition/fruit-recognition/Banana/Banana01570.png,banana"
"TRAIN,gs://fruit-recognition/fruit-recognition/Banana/Banana01571.png,banana"
"TRAIN,gs://fruit-recognition/fruit-recognition/Banana/Banana01572.png,banana"
"TRAIN,gs://fruit-recognition/fruit-recognition/Banana/Banana01573.png,banana"
"TRAIN,gs://fruit-recognition/fruit-recognition/Banana/Banana01574.png,banana"
"TRAIN,gs://fruit-recognition/fruit-recognition/Banana/Banana01575.png,banana"
"TRAIN,gs://fruit-recognition/fruit-recognition/Banana/Banana01576.png,banana"
"TRAIN,gs://fruit-recognition/fruit-recognition/Banana/Banana01577.png,banana"
"TRAIN,gs://fruit-recognition/fruit-recognition/Banana/Banana01578.png,banana"
"TRAIN,gs://fruit-recognition/fruit-recognition/Banana/Banana01579.png,banana"
"TRAIN,gs://fruit-recognition/fruit-recognition/Banana/Banana0158.png,banana"
"TRAIN,gs://fruit-recognition/fruit-recognition/Banana/Banana01580.png,banana"
"TRAIN,gs://fruit-recognition/fruit-recognition/Banana/Banana01581.png,banana"
"TRAIN,gs://fruit-recognition/fruit-recognition/Banana/Banana01582.png,banana"
"TRAIN,gs://fruit-recognition/fruit-recognition/Banana/Banana01583.png,banana"
"TRAIN,gs://fruit-recognition/fruit-recognition/Banana/Banana01584.png,banana"
"TRAIN,gs://fruit-recognition/fruit-recognition/Banana/Banana01585.png,banana"
"TRAIN,gs://fruit-recognition/fruit-recognition/Banana/Banana01586.png,banana"
"TRAIN,gs://fruit-recognition/fruit-recognition/Banana/Banana01587.png,banana"
"TRAIN,gs://fruit-recognition/fruit-recognition/Banana/Banana01588.png,banana"
"TRAIN,gs://fruit-recognition/fruit-recognition/Banana/Banana01589.png,banana"
"TRAIN,gs://fruit-recognition/fruit-recognition/Banana/Banana0159.png,banana"
"TRAIN,gs://fruit-recognition/fruit-recognition/Banana/Banana01590.png,banana"
"TRAIN,gs://fruit-recognition/fruit-recognition/Banana/Banana01591.png,banana"
"TRAIN,gs://fruit-recognition/fruit-recognition/Banana/Banana01592.png,banana"
"TRAIN,gs://fruit-recognition/fruit-recognition/Banana/Banana01593.png,banana"
"TRAIN,gs://fruit-recognition/fruit-recognition/Banana/Banana01594.png,banana"
"TRAIN,gs://fruit-recognition/fruit-recognition/Banana/Banana01595.png,banana"
"TRAIN,gs://fruit-recognition/fruit-recognition/Banana/Banana01596.png,banana"
"TRAIN,gs://fruit-recognition/fruit-recognition/Banana/Banana01597.png,banana"
"TRAIN,gs://fruit-recognition/fruit-recognition/Banana/Banana01598.png,banana"
"TRAIN,gs://fruit-recognition/fruit-recognition/Banana/Banana01599.png,banana"
"TRAIN,gs://fruit-recognition/fruit-recognition/Banana/Banana016.png,banana"
"TRAIN,gs://fruit-recognition/fruit-recognition/Banana/Banana0160.png,banana"
"TRAIN,gs://fruit-recognition/fruit-recognition/Banana/Banana01600.png,banana"
"TRAIN,gs://fruit-recognition/fruit-recognition/Banana/Banana01601.png,banana"
"TRAIN,gs://fruit-recognition/fruit-recognition/Banana/Banana01602.png,banana"
"TRAIN,gs://fruit-recognition/fruit-recognition/Banana/Banana01603.png,banana"
"TRAIN,gs://fruit-recognition/fruit-recognition/Banana/Banana01604.png,banana"
"TRAIN,gs://fruit-recognition/fruit-recognition/Banana/Banana01605.png,banana"
"TRAIN,gs://fruit-recognition/fruit-recognition/Banana/Banana01606.png,banana"
"TRAIN,gs://fruit-recognition/fruit-recognition/Banana/Banana01607.png,banana"
"TRAIN,gs://fruit-recognition/fruit-recognition/Banana/Banana01608.png,banana"
"TRAIN,gs://fruit-recognition/fruit-recognition/Banana/Banana01609.png,banana"
"TRAIN,gs://fruit-recognition/fruit-recognition/Banana/Banana0161.png,banana"
"TRAIN,gs://fruit-recognition/fruit-recognition/Banana/Banana01610.png,banana"
"TRAIN,gs://fruit-recognition/fruit-recognition/Banana/Banana01611.png,banana"
"TRAIN,gs://fruit-recognition/fruit-recognition/Banana/Banana01612.png,banana"
"TRAIN,gs://fruit-recognition/fruit-recognition/Banana/Banana01613.png,banana"
"TRAIN,gs://fruit-recognition/fruit-recognition/Banana/Banana01614.png,banana"
"TRAIN,gs://fruit-recognition/fruit-recognition/Banana/Banana01615.png,banana"
"TRAIN,gs://fruit-recognition/fruit-recognition/Banana/Banana01616.png,banana"
"TRAIN,gs://fruit-recognition/fruit-recognition/Banana/Banana01617.png,banana"
"TRAIN,gs://fruit-recognition/fruit-recognition/Banana/Banana01618.png,banana"
"TRAIN,gs://fruit-recognition/fruit-recognition/Banana/Banana01619.png,banana"
"TRAIN,gs://fruit-recognition/fruit-recognition/Banana/Banana0162.png,banana"
"TRAIN,gs://fruit-recognition/fruit-recognition/Banana/Banana01620.png,banana"
"TRAIN,gs://fruit-recognition/fruit-recognition/Banana/Banana01621.png,banana"
"TRAIN,gs://fruit-recognition/fruit-recognition/Banana/Banana01622.png,banana"
"TRAIN,gs://fruit-recognition/fruit-recognition/Banana/Banana01623.png,banana"
"TRAIN,gs://fruit-recognition/fruit-recognition/Banana/Banana01624.png,banana"
"TRAIN,gs://fruit-recognition/fruit-recognition/Banana/Banana01625.png,banana"
"TRAIN,gs://fruit-recognition/fruit-recognition/Banana/Banana01626.png,banana"
"TRAIN,gs://fruit-recognition/fruit-recognition/Banana/Banana01627.png,banana"
"TRAIN,gs://fruit-recognition/fruit-recognition/Banana/Banana01628.png,banana"
"TRAIN,gs://fruit-recognition/fruit-recognition/Banana/Banana01629.png,banana"
"TRAIN,gs://fruit-recognition/fruit-recognition/Banana/Banana0163.png,banana"
"TRAIN,gs://fruit-recognition/fruit-recognition/Banana/Banana01630.png,banana"
"TRAIN,gs://fruit-recognition/fruit-recognition/Banana/Banana01631.png,banana"
"TRAIN,gs://fruit-recognition/fruit-recognition/Banana/Banana01632.png,banana"
"TRAIN,gs://fruit-recognition/fruit-recognition/Banana/Banana01633.png,banana"
"TRAIN,gs://fruit-recognition/fruit-recognition/Banana/Banana01634.png,banana"
"TRAIN,gs://fruit-recognition/fruit-recognition/Banana/Banana01635.png,banana"
"TRAIN,gs://fruit-recognition/fruit-recognition/Banana/Banana01636.png,banana"
"TRAIN,gs://fruit-recognition/fruit-recognition/Banana/Banana01637.png,banana"
"TRAIN,gs://fruit-recognition/fruit-recognition/Banana/Banana01638.png,banana"
"TRAIN,gs://fruit-recognition/fruit-recognition/Banana/Banana01639.png,banana"
"TRAIN,gs://fruit-recognition/fruit-recognition/Banana/Banana0164.png,banana"
"TRAIN,gs://fruit-recognition/fruit-recognition/Banana/Banana01640.png,banana"
"TRAIN,gs://fruit-recognition/fruit-recognition/Banana/Banana01641.png,banana"
"TRAIN,gs://fruit-recognition/fruit-recognition/Banana/Banana01642.png,banana"
"TRAIN,gs://fruit-recognition/fruit-recognition/Banana/Banana01643.png,banana"
"TRAIN,gs://fruit-recognition/fruit-recognition/Banana/Banana01644.png,banana"
"TRAIN,gs://fruit-recognition/fruit-recognition/Banana/Banana01645.png,banana"
"TRAIN,gs://fruit-recognition/fruit-recognition/Banana/Banana01646.png,banana"
"TRAIN,gs://fruit-recognition/fruit-recognition/Banana/Banana01647.png,banana"
"TRAIN,gs://fruit-recognition/fruit-recognition/Banana/Banana01648.png,banana"
"TRAIN,gs://fruit-recognition/fruit-recognition/Banana/Banana01649.png,banana"
"TRAIN,gs://fruit-recognition/fruit-recognition/Banana/Banana0165.png,banana"
"TRAIN,gs://fruit-recognition/fruit-recognition/Banana/Banana01650.png,banana"
"TRAIN,gs://fruit-recognition/fruit-recognition/Banana/Banana01651.png,banana"
"TRAIN,gs://fruit-recognition/fruit-recognition/Banana/Banana01652.png,banana"
"TRAIN,gs://fruit-recognition/fruit-recognition/Banana/Banana01653.png,banana"
"TRAIN,gs://fruit-recognition/fruit-recognition/Banana/Banana01654.png,banana"
"TRAIN,gs://fruit-recognition/fruit-recognition/Banana/Banana01655.png,banana"
"TRAIN,gs://fruit-recognition/fruit-recognition/Banana/Banana01656.png,banana"
"TRAIN,gs://fruit-recognition/fruit-recognition/Banana/Banana01657.png,banana"
"TRAIN,gs://fruit-recognition/fruit-recognition/Banana/Banana01658.png,banana"
"TRAIN,gs://fruit-recognition/fruit-recognition/Banana/Banana01659.png,banana"
"TRAIN,gs://fruit-recognition/fruit-recognition/Banana/Banana0166.png,banana"
"TRAIN,gs://fruit-recognition/fruit-recognition/Banana/Banana01660.png,banana"
"TRAIN,gs://fruit-recognition/fruit-recognition/Banana/Banana01661.png,banana"
"TRAIN,gs://fruit-recognition/fruit-recognition/Banana/Banana01662.png,banana"
"TRAIN,gs://fruit-recognition/fruit-recognition/Banana/Banana01663.png,banana"
"TRAIN,gs://fruit-recognition/fruit-recognition/Banana/Banana01664.png,banana"
"TRAIN,gs://fruit-recognition/fruit-recognition/Banana/Banana01665.png,banana"
"TRAIN,gs://fruit-recognition/fruit-recognition/Banana/Banana01666.png,banana"
"TRAIN,gs://fruit-recognition/fruit-recognition/Banana/Banana01667.png,banana"
"TRAIN,gs://fruit-recognition/fruit-recognition/Banana/Banana01668.png,banana"
"TRAIN,gs://fruit-recognition/fruit-recognition/Banana/Banana01669.png,banana"
"TRAIN,gs://fruit-recognition/fruit-recognition/Banana/Banana0167.png,banana"
"TRAIN,gs://fruit-recognition/fruit-recognition/Banana/Banana01670.png,banana"
"TRAIN,gs://fruit-recognition/fruit-recognition/Banana/Banana01671.png,banana"
"TRAIN,gs://fruit-recognition/fruit-recognition/Banana/Banana01672.png,banana"
"TRAIN,gs://fruit-recognition/fruit-recognition/Banana/Banana01673.png,banana"
"TRAIN,gs://fruit-recognition/fruit-recognition/Banana/Banana01674.png,banana"
"TRAIN,gs://fruit-recognition/fruit-recognition/Banana/Banana01675.png,banana"
"TRAIN,gs://fruit-recognition/fruit-recognition/Banana/Banana01676.png,banana"
"TRAIN,gs://fruit-recognition/fruit-recognition/Banana/Banana01677.png,banana"
"TRAIN,gs://fruit-recognition/fruit-recognition/Banana/Banana01678.png,banana"
"TRAIN,gs://fruit-recognition/fruit-recognition/Banana/Banana01679.png,banana"
"TRAIN,gs://fruit-recognition/fruit-recognition/Banana/Banana0168.png,banana"
"TRAIN,gs://fruit-recognition/fruit-recognition/Banana/Banana01680.png,banana"
"TRAIN,gs://fruit-recognition/fruit-recognition/Banana/Banana01681.png,banana"
"TRAIN,gs://fruit-recognition/fruit-recognition/Banana/Banana01682.png,banana"
"TRAIN,gs://fruit-recognition/fruit-recognition/Banana/Banana01683.png,banana"
"TRAIN,gs://fruit-recognition/fruit-recognition/Banana/Banana01684.png,banana"
"TRAIN,gs://fruit-recognition/fruit-recognition/Banana/Banana01685.png,banana"
"TRAIN,gs://fruit-recognition/fruit-recognition/Banana/Banana01686.png,banana"
"TRAIN,gs://fruit-recognition/fruit-recognition/Banana/Banana01687.png,banana"
"TRAIN,gs://fruit-recognition/fruit-recognition/Banana/Banana01688.png,banana"
"TRAIN,gs://fruit-recognition/fruit-recognition/Banana/Banana01689.png,banana"
"TRAIN,gs://fruit-recognition/fruit-recognition/Banana/Banana0169.png,banana"
"TRAIN,gs://fruit-recognition/fruit-recognition/Banana/Banana01690.png,banana"
"TRAIN,gs://fruit-recognition/fruit-recognition/Banana/Banana01691.png,banana"
"TRAIN,gs://fruit-recognition/fruit-recognition/Banana/Banana01692.png,banana"
"TRAIN,gs://fruit-recognition/fruit-recognition/Banana/Banana01693.png,banana"
"TRAIN,gs://fruit-recognition/fruit-recognition/Banana/Banana01694.png,banana"
"TRAIN,gs://fruit-recognition/fruit-recognition/Banana/Banana01695.png,banana"
"TRAIN,gs://fruit-recognition/fruit-recognition/Banana/Banana01696.png,banana"
"TRAIN,gs://fruit-recognition/fruit-recognition/Banana/Banana01697.png,banana"
"TRAIN,gs://fruit-recognition/fruit-recognition/Banana/Banana01698.png,banana"
"TRAIN,gs://fruit-recognition/fruit-recognition/Banana/Banana01699.png,banana"
"TRAIN,gs://fruit-recognition/fruit-recognition/Banana/Banana017.png,banana"
"TRAIN,gs://fruit-recognition/fruit-recognition/Banana/Banana0170.png,banana"
"TRAIN,gs://fruit-recognition/fruit-recognition/Banana/Banana01700.png,banana"
"TRAIN,gs://fruit-recognition/fruit-recognition/Banana/Banana01701.png,banana"
"TRAIN,gs://fruit-recognition/fruit-recognition/Banana/Banana01702.png,banana"
"TRAIN,gs://fruit-recognition/fruit-recognition/Banana/Banana01703.png,banana"
"TRAIN,gs://fruit-recognition/fruit-recognition/Banana/Banana01704.png,banana"
"TRAIN,gs://fruit-recognition/fruit-recognition/Banana/Banana01705.png,banana"
"TRAIN,gs://fruit-recognition/fruit-recognition/Banana/Banana01706.png,banana"
"TRAIN,gs://fruit-recognition/fruit-recognition/Banana/Banana01707.png,banana"
"TRAIN,gs://fruit-recognition/fruit-recognition/Banana/Banana01708.png,banana"
"TRAIN,gs://fruit-recognition/fruit-recognition/Banana/Banana01709.png,banana"
"TRAIN,gs://fruit-recognition/fruit-recognition/Banana/Banana0171.png,banana"
"TRAIN,gs://fruit-recognition/fruit-recognition/Banana/Banana01710.png,banana"
"TRAIN,gs://fruit-recognition/fruit-recognition/Banana/Banana01711.png,banana"
"TRAIN,gs://fruit-recognition/fruit-recognition/Banana/Banana01712.png,banana"
"TRAIN,gs://fruit-recognition/fruit-recognition/Banana/Banana01713.png,banana"
"TRAIN,gs://fruit-recognition/fruit-recognition/Banana/Banana01714.png,banana"
"TRAIN,gs://fruit-recognition/fruit-recognition/Banana/Banana01715.png,banana"
"TRAIN,gs://fruit-recognition/fruit-recognition/Banana/Banana01716.png,banana"
"TRAIN,gs://fruit-recognition/fruit-recognition/Banana/Banana01717.png,banana"
"TRAIN,gs://fruit-recognition/fruit-recognition/Banana/Banana01718.png,banana"
"TRAIN,gs://fruit-recognition/fruit-recognition/Banana/Banana01719.png,banana"
"TRAIN,gs://fruit-recognition/fruit-recognition/Banana/Banana0172.png,banana"
"TRAIN,gs://fruit-recognition/fruit-recognition/Banana/Banana01720.png,banana"
"TRAIN,gs://fruit-recognition/fruit-recognition/Banana/Banana01721.png,banana"
"TRAIN,gs://fruit-recognition/fruit-recognition/Banana/Banana01722.png,banana"
"TRAIN,gs://fruit-recognition/fruit-recognition/Banana/Banana01723.png,banana"
"TRAIN,gs://fruit-recognition/fruit-recognition/Banana/Banana01724.png,banana"
"TRAIN,gs://fruit-recognition/fruit-recognition/Banana/Banana01725.png,banana"
"TRAIN,gs://fruit-recognition/fruit-recognition/Banana/Banana01726.png,banana"
"TRAIN,gs://fruit-recognition/fruit-recognition/Banana/Banana01727.png,banana"
"TRAIN,gs://fruit-recognition/fruit-recognition/Banana/Banana01728.png,banana"
"TRAIN,gs://fruit-recognition/fruit-recognition/Banana/Banana01729.png,banana"
"TRAIN,gs://fruit-recognition/fruit-recognition/Banana/Banana0173.png,banana"
"TRAIN,gs://fruit-recognition/fruit-recognition/Banana/Banana01730.png,banana"
"TRAIN,gs://fruit-recognition/fruit-recognition/Banana/Banana01731.png,banana"
"TRAIN,gs://fruit-recognition/fruit-recognition/Banana/Banana01732.png,banana"
"TRAIN,gs://fruit-recognition/fruit-recognition/Banana/Banana01733.png,banana"
"TRAIN,gs://fruit-recognition/fruit-recognition/Banana/Banana01734.png,banana"
"TRAIN,gs://fruit-recognition/fruit-recognition/Banana/Banana01735.png,banana"
"TRAIN,gs://fruit-recognition/fruit-recognition/Banana/Banana01736.png,banana"
"TRAIN,gs://fruit-recognition/fruit-recognition/Banana/Banana01737.png,banana"
"TRAIN,gs://fruit-recognition/fruit-recognition/Banana/Banana01738.png,banana"
"TRAIN,gs://fruit-recognition/fruit-recognition/Banana/Banana01739.png,banana"
"TRAIN,gs://fruit-recognition/fruit-recognition/Banana/Banana0174.png,banana"
"TRAIN,gs://fruit-recognition/fruit-recognition/Banana/Banana01740.png,banana"
"TRAIN,gs://fruit-recognition/fruit-recognition/Banana/Banana01741.png,banana"
"TRAIN,gs://fruit-recognition/fruit-recognition/Banana/Banana01742.png,banana"
"TRAIN,gs://fruit-recognition/fruit-recognition/Banana/Banana01743.png,banana"
"TRAIN,gs://fruit-recognition/fruit-recognition/Banana/Banana01744.png,banana"
"TRAIN,gs://fruit-recognition/fruit-recognition/Banana/Banana01745.png,banana"
"TRAIN,gs://fruit-recognition/fruit-recognition/Banana/Banana01746.png,banana"
"TRAIN,gs://fruit-recognition/fruit-recognition/Banana/Banana01747.png,banana"
"TRAIN,gs://fruit-recognition/fruit-recognition/Banana/Banana01748.png,banana"
"TRAIN,gs://fruit-recognition/fruit-recognition/Banana/Banana01749.png,banana"
"TRAIN,gs://fruit-recognition/fruit-recognition/Banana/Banana0175.png,banana"
"TRAIN,gs://fruit-recognition/fruit-recognition/Banana/Banana01750.png,banana"
"TRAIN,gs://fruit-recognition/fruit-recognition/Banana/Banana01751.png,banana"
"TRAIN,gs://fruit-recognition/fruit-recognition/Banana/Banana01752.png,banana"
"TRAIN,gs://fruit-recognition/fruit-recognition/Banana/Banana01753.png,banana"
"TRAIN,gs://fruit-recognition/fruit-recognition/Banana/Banana01754.png,banana"
"TRAIN,gs://fruit-recognition/fruit-recognition/Banana/Banana01755.png,banana"
"TRAIN,gs://fruit-recognition/fruit-recognition/Banana/Banana01756.png,banana"
"TRAIN,gs://fruit-recognition/fruit-recognition/Banana/Banana01757.png,banana"
"TRAIN,gs://fruit-recognition/fruit-recognition/Banana/Banana01758.png,banana"
"TRAIN,gs://fruit-recognition/fruit-recognition/Banana/Banana01759.png,banana"
"TRAIN,gs://fruit-recognition/fruit-recognition/Banana/Banana0176.png,banana"
"TRAIN,gs://fruit-recognition/fruit-recognition/Banana/Banana01760.png,banana"
"TRAIN,gs://fruit-recognition/fruit-recognition/Banana/Banana01761.png,banana"
"TRAIN,gs://fruit-recognition/fruit-recognition/Banana/Banana01762.png,banana"
"TRAIN,gs://fruit-recognition/fruit-recognition/Banana/Banana01763.png,banana"
"TRAIN,gs://fruit-recognition/fruit-recognition/Banana/Banana01764.png,banana"
"TRAIN,gs://fruit-recognition/fruit-recognition/Banana/Banana01765.png,banana"
"TRAIN,gs://fruit-recognition/fruit-recognition/Banana/Banana01766.png,banana"
"TRAIN,gs://fruit-recognition/fruit-recognition/Banana/Banana01767.png,banana"
"TRAIN,gs://fruit-recognition/fruit-recognition/Banana/Banana01768.png,banana"
"TRAIN,gs://fruit-recognition/fruit-recognition/Banana/Banana01769.png,banana"
"TRAIN,gs://fruit-recognition/fruit-recognition/Banana/Banana0177.png,banana"
"TRAIN,gs://fruit-recognition/fruit-recognition/Banana/Banana01770.png,banana"
"TRAIN,gs://fruit-recognition/fruit-recognition/Banana/Banana01771.png,banana"
"TRAIN,gs://fruit-recognition/fruit-recognition/Banana/Banana01772.png,banana"
"TRAIN,gs://fruit-recognition/fruit-recognition/Banana/Banana01773.png,banana"
"TRAIN,gs://fruit-recognition/fruit-recognition/Banana/Banana01774.png,banana"
"TRAIN,gs://fruit-recognition/fruit-recognition/Banana/Banana01775.png,banana"
"TRAIN,gs://fruit-recognition/fruit-recognition/Banana/Banana01776.png,banana"
"TRAIN,gs://fruit-recognition/fruit-recognition/Banana/Banana01777.png,banana"
"TRAIN,gs://fruit-recognition/fruit-recognition/Banana/Banana01778.png,banana"
"TRAIN,gs://fruit-recognition/fruit-recognition/Banana/Banana01779.png,banana"
"TRAIN,gs://fruit-recognition/fruit-recognition/Banana/Banana0178.png,banana"
"TRAIN,gs://fruit-recognition/fruit-recognition/Banana/Banana01780.png,banana"
"TRAIN,gs://fruit-recognition/fruit-recognition/Banana/Banana01781.png,banana"
"TRAIN,gs://fruit-recognition/fruit-recognition/Banana/Banana01782.png,banana"
"TRAIN,gs://fruit-recognition/fruit-recognition/Banana/Banana01783.png,banana"
"TRAIN,gs://fruit-recognition/fruit-recognition/Banana/Banana01784.png,banana"
"TRAIN,gs://fruit-recognition/fruit-recognition/Banana/Banana01785.png,banana"
"TRAIN,gs://fruit-recognition/fruit-recognition/Banana/Banana01786.png,banana"
"TRAIN,gs://fruit-recognition/fruit-recognition/Banana/Banana01787.png,banana"
"TRAIN,gs://fruit-recognition/fruit-recognition/Banana/Banana01788.png,banana"
"TRAIN,gs://fruit-recognition/fruit-recognition/Banana/Banana01789.png,banana"
"TRAIN,gs://fruit-recognition/fruit-recognition/Banana/Banana0179.png,banana"
"TRAIN,gs://fruit-recognition/fruit-recognition/Banana/Banana01790.png,banana"
"TRAIN,gs://fruit-recognition/fruit-recognition/Banana/Banana01791.png,banana"
"TRAIN,gs://fruit-recognition/fruit-recognition/Banana/Banana01792.png,banana"
"TRAIN,gs://fruit-recognition/fruit-recognition/Banana/Banana01793.png,banana"
"TRAIN,gs://fruit-recognition/fruit-recognition/Banana/Banana01794.png,banana"
"TRAIN,gs://fruit-recognition/fruit-recognition/Banana/Banana01795.png,banana"
"TRAIN,gs://fruit-recognition/fruit-recognition/Banana/Banana01796.png,banana"
"TRAIN,gs://fruit-recognition/fruit-recognition/Banana/Banana01797.png,banana"
"TRAIN,gs://fruit-recognition/fruit-recognition/Banana/Banana01798.png,banana"
"TRAIN,gs://fruit-recognition/fruit-recognition/Banana/Banana01799.png,banana"
"TRAIN,gs://fruit-recognition/fruit-recognition/Banana/Banana018.png,banana"
"TRAIN,gs://fruit-recognition/fruit-recognition/Banana/Banana0180.png,banana"
"TRAIN,gs://fruit-recognition/fruit-recognition/Banana/Banana01800.png,banana"
"TRAIN,gs://fruit-recognition/fruit-recognition/Banana/Banana01801.png,banana"
"TRAIN,gs://fruit-recognition/fruit-recognition/Banana/Banana01802.png,banana"
"TRAIN,gs://fruit-recognition/fruit-recognition/Banana/Banana01803.png,banana"
"TRAIN,gs://fruit-recognition/fruit-recognition/Banana/Banana01804.png,banana"
"TRAIN,gs://fruit-recognition/fruit-recognition/Banana/Banana01805.png,banana"
"TRAIN,gs://fruit-recognition/fruit-recognition/Banana/Banana01806.png,banana"
"TRAIN,gs://fruit-recognition/fruit-recognition/Banana/Banana01807.png,banana"
"TRAIN,gs://fruit-recognition/fruit-recognition/Banana/Banana01808.png,banana"
"TRAIN,gs://fruit-recognition/fruit-recognition/Banana/Banana01809.png,banana"
"TRAIN,gs://fruit-recognition/fruit-recognition/Banana/Banana0181.png,banana"
"TRAIN,gs://fruit-recognition/fruit-recognition/Banana/Banana01810.png,banana"
"TRAIN,gs://fruit-recognition/fruit-recognition/Banana/Banana01811.png,banana"
"TRAIN,gs://fruit-recognition/fruit-recognition/Banana/Banana01812.png,banana"
"TRAIN,gs://fruit-recognition/fruit-recognition/Banana/Banana01813.png,banana"
"TRAIN,gs://fruit-recognition/fruit-recognition/Banana/Banana01814.png,banana"
"TRAIN,gs://fruit-recognition/fruit-recognition/Banana/Banana01815.png,banana"
"TRAIN,gs://fruit-recognition/fruit-recognition/Banana/Banana01816.png,banana"
"TRAIN,gs://fruit-recognition/fruit-recognition/Banana/Banana01817.png,banana"
"TRAIN,gs://fruit-recognition/fruit-recognition/Banana/Banana01818.png,banana"
"TRAIN,gs://fruit-recognition/fruit-recognition/Banana/Banana01819.png,banana"
"TRAIN,gs://fruit-recognition/fruit-recognition/Banana/Banana0182.png,banana"
"TRAIN,gs://fruit-recognition/fruit-recognition/Banana/Banana01820.png,banana"
"TRAIN,gs://fruit-recognition/fruit-recognition/Banana/Banana01821.png,banana"
"TRAIN,gs://fruit-recognition/fruit-recognition/Banana/Banana01822.png,banana"
"TRAIN,gs://fruit-recognition/fruit-recognition/Banana/Banana01823.png,banana"
"TRAIN,gs://fruit-recognition/fruit-recognition/Banana/Banana01824.png,banana"
"TRAIN,gs://fruit-recognition/fruit-recognition/Banana/Banana01825.png,banana"
"TRAIN,gs://fruit-recognition/fruit-recognition/Banana/Banana01826.png,banana"
"TRAIN,gs://fruit-recognition/fruit-recognition/Banana/Banana01827.png,banana"
"TRAIN,gs://fruit-recognition/fruit-recognition/Banana/Banana01828.png,banana"
"TRAIN,gs://fruit-recognition/fruit-recognition/Banana/Banana01829.png,banana"
"TRAIN,gs://fruit-recognition/fruit-recognition/Banana/Banana0183.png,banana"
"TRAIN,gs://fruit-recognition/fruit-recognition/Banana/Banana01830.png,banana"
"TRAIN,gs://fruit-recognition/fruit-recognition/Banana/Banana01831.png,banana"
"TRAIN,gs://fruit-recognition/fruit-recognition/Banana/Banana01832.png,banana"
"TRAIN,gs://fruit-recognition/fruit-recognition/Banana/Banana01833.png,banana"
"TRAIN,gs://fruit-recognition/fruit-recognition/Banana/Banana01834.png,banana"
"TRAIN,gs://fruit-recognition/fruit-recognition/Banana/Banana01835.png,banana"
"TRAIN,gs://fruit-recognition/fruit-recognition/Banana/Banana01836.png,banana"
"TRAIN,gs://fruit-recognition/fruit-recognition/Banana/Banana01837.png,banana"
"TRAIN,gs://fruit-recognition/fruit-recognition/Banana/Banana01838.png,banana"
"TRAIN,gs://fruit-recognition/fruit-recognition/Banana/Banana01839.png,banana"
"TRAIN,gs://fruit-recognition/fruit-recognition/Banana/Banana0184.png,banana"
"TRAIN,gs://fruit-recognition/fruit-recognition/Banana/Banana01840.png,banana"
"TRAIN,gs://fruit-recognition/fruit-recognition/Banana/Banana01841.png,banana"
"TRAIN,gs://fruit-recognition/fruit-recognition/Banana/Banana01842.png,banana"
"TRAIN,gs://fruit-recognition/fruit-recognition/Banana/Banana01843.png,banana"
"TRAIN,gs://fruit-recognition/fruit-recognition/Banana/Banana01844.png,banana"
"TRAIN,gs://fruit-recognition/fruit-recognition/Banana/Banana01845.png,banana"
"TRAIN,gs://fruit-recognition/fruit-recognition/Banana/Banana01846.png,banana"
"TRAIN,gs://fruit-recognition/fruit-recognition/Banana/Banana01847.png,banana"
"TRAIN,gs://fruit-recognition/fruit-recognition/Banana/Banana01848.png,banana"
"TRAIN,gs://fruit-recognition/fruit-recognition/Banana/Banana01849.png,banana"
"TRAIN,gs://fruit-recognition/fruit-recognition/Banana/Banana0185.png,banana"
"TRAIN,gs://fruit-recognition/fruit-recognition/Banana/Banana01850.png,banana"
"TRAIN,gs://fruit-recognition/fruit-recognition/Banana/Banana01851.png,banana"
"TRAIN,gs://fruit-recognition/fruit-recognition/Banana/Banana01852.png,banana"
"TRAIN,gs://fruit-recognition/fruit-recognition/Banana/Banana01853.png,banana"
"TRAIN,gs://fruit-recognition/fruit-recognition/Banana/Banana01854.png,banana"
"TRAIN,gs://fruit-recognition/fruit-recognition/Banana/Banana01855.png,banana"
"TRAIN,gs://fruit-recognition/fruit-recognition/Banana/Banana01856.png,banana"
"TRAIN,gs://fruit-recognition/fruit-recognition/Banana/Banana01857.png,banana"
"TRAIN,gs://fruit-recognition/fruit-recognition/Banana/Banana01858.png,banana"
"TRAIN,gs://fruit-recognition/fruit-recognition/Banana/Banana01859.png,banana"
"TRAIN,gs://fruit-recognition/fruit-recognition/Banana/Banana0186.png,banana"
"TRAIN,gs://fruit-recognition/fruit-recognition/Banana/Banana01860.png,banana"
"TRAIN,gs://fruit-recognition/fruit-recognition/Banana/Banana01861.png,banana"
"TRAIN,gs://fruit-recognition/fruit-recognition/Banana/Banana01862.png,banana"
"TRAIN,gs://fruit-recognition/fruit-recognition/Banana/Banana01863.png,banana"
"TRAIN,gs://fruit-recognition/fruit-recognition/Banana/Banana01864.png,banana"
"TRAIN,gs://fruit-recognition/fruit-recognition/Banana/Banana01865.png,banana"
"TRAIN,gs://fruit-recognition/fruit-recognition/Banana/Banana01866.png,banana"
"TRAIN,gs://fruit-recognition/fruit-recognition/Banana/Banana01867.png,banana"
"TRAIN,gs://fruit-recognition/fruit-recognition/Banana/Banana01868.png,banana"
"TRAIN,gs://fruit-recognition/fruit-recognition/Banana/Banana01869.png,banana"
"TRAIN,gs://fruit-recognition/fruit-recognition/Banana/Banana0187.png,banana"
"TRAIN,gs://fruit-recognition/fruit-recognition/Banana/Banana01870.png,banana"
"TRAIN,gs://fruit-recognition/fruit-recognition/Banana/Banana01871.png,banana"
"TRAIN,gs://fruit-recognition/fruit-recognition/Banana/Banana01872.png,banana"
"TRAIN,gs://fruit-recognition/fruit-recognition/Banana/Banana01873.png,banana"
"TRAIN,gs://fruit-recognition/fruit-recognition/Banana/Banana01874.png,banana"
"TRAIN,gs://fruit-recognition/fruit-recognition/Banana/Banana01875.png,banana"
"TRAIN,gs://fruit-recognition/fruit-recognition/Banana/Banana01876.png,banana"
"TRAIN,gs://fruit-recognition/fruit-recognition/Banana/Banana01877.png,banana"
"TRAIN,gs://fruit-recognition/fruit-recognition/Banana/Banana01878.png,banana"
"TRAIN,gs://fruit-recognition/fruit-recognition/Banana/Banana01879.png,banana"
"TRAIN,gs://fruit-recognition/fruit-recognition/Banana/Banana0188.png,banana"
"TRAIN,gs://fruit-recognition/fruit-recognition/Banana/Banana01880.png,banana"
"TRAIN,gs://fruit-recognition/fruit-recognition/Banana/Banana01881.png,banana"
"TRAIN,gs://fruit-recognition/fruit-recognition/Banana/Banana01882.png,banana"
"TRAIN,gs://fruit-recognition/fruit-recognition/Banana/Banana01883.png,banana"
"TRAIN,gs://fruit-recognition/fruit-recognition/Banana/Banana01884.png,banana"
"TRAIN,gs://fruit-recognition/fruit-recognition/Banana/Banana01885.png,banana"
"TRAIN,gs://fruit-recognition/fruit-recognition/Banana/Banana01886.png,banana"
"TRAIN,gs://fruit-recognition/fruit-recognition/Banana/Banana01887.png,banana"
"TRAIN,gs://fruit-recognition/fruit-recognition/Banana/Banana01888.png,banana"
"TRAIN,gs://fruit-recognition/fruit-recognition/Banana/Banana01889.png,banana"
"TRAIN,gs://fruit-recognition/fruit-recognition/Banana/Banana0189.png,banana"
"TRAIN,gs://fruit-recognition/fruit-recognition/Banana/Banana01890.png,banana"
"TRAIN,gs://fruit-recognition/fruit-recognition/Banana/Banana01891.png,banana"
"TRAIN,gs://fruit-recognition/fruit-recognition/Banana/Banana01892.png,banana"
"TRAIN,gs://fruit-recognition/fruit-recognition/Banana/Banana01893.png,banana"
"TRAIN,gs://fruit-recognition/fruit-recognition/Banana/Banana01894.png,banana"
"TRAIN,gs://fruit-recognition/fruit-recognition/Banana/Banana01895.png,banana"
"TRAIN,gs://fruit-recognition/fruit-recognition/Banana/Banana01896.png,banana"
