"TRAIN,gs://fruit-recognition/fruit-recognition/Tomatoes/Tamotoes001.png,tomatoes"
"TRAIN,gs://fruit-recognition/fruit-recognition/Tomatoes/Tamotoes0010.png,tomatoes"
"TRAIN,gs://fruit-recognition/fruit-recognition/Tomatoes/Tamotoes00100.png,tomatoes"
"TRAIN,gs://fruit-recognition/fruit-recognition/Tomatoes/Tamotoes001000.png,tomatoes"
"TRAIN,gs://fruit-recognition/fruit-recognition/Tomatoes/Tamotoes001001.png,tomatoes"
"TRAIN,gs://fruit-recognition/fruit-recognition/Tomatoes/Tamotoes001002.png,tomatoes"
"TRAIN,gs://fruit-recognition/fruit-recognition/Tomatoes/Tamotoes001003.png,tomatoes"
"TRAIN,gs://fruit-recognition/fruit-recognition/Tomatoes/Tamotoes001004.png,tomatoes"
"TRAIN,gs://fruit-recognition/fruit-recognition/Tomatoes/Tamotoes001005.png,tomatoes"
"TRAIN,gs://fruit-recognition/fruit-recognition/Tomatoes/Tamotoes001006.png,tomatoes"
"TRAIN,gs://fruit-recognition/fruit-recognition/Tomatoes/Tamotoes001007.png,tomatoes"
"TRAIN,gs://fruit-recognition/fruit-recognition/Tomatoes/Tamotoes001008.png,tomatoes"
"TRAIN,gs://fruit-recognition/fruit-recognition/Tomatoes/Tamotoes001009.png,tomatoes"
"TRAIN,gs://fruit-recognition/fruit-recognition/Tomatoes/Tamotoes00101.png,tomatoes"
"TRAIN,gs://fruit-recognition/fruit-recognition/Tomatoes/Tamotoes001010.png,tomatoes"
"TRAIN,gs://fruit-recognition/fruit-recognition/Tomatoes/Tamotoes001011.png,tomatoes"
"TRAIN,gs://fruit-recognition/fruit-recognition/Tomatoes/Tamotoes001012.png,tomatoes"
"TRAIN,gs://fruit-recognition/fruit-recognition/Tomatoes/Tamotoes001013.png,tomatoes"
"TRAIN,gs://fruit-recognition/fruit-recognition/Tomatoes/Tamotoes001014.png,tomatoes"
"TRAIN,gs://fruit-recognition/fruit-recognition/Tomatoes/Tamotoes001015.png,tomatoes"
"TRAIN,gs://fruit-recognition/fruit-recognition/Tomatoes/Tamotoes001016.png,tomatoes"
"TRAIN,gs://fruit-recognition/fruit-recognition/Tomatoes/Tamotoes001017.png,tomatoes"
"TRAIN,gs://fruit-recognition/fruit-recognition/Tomatoes/Tamotoes001018.png,tomatoes"
"TRAIN,gs://fruit-recognition/fruit-recognition/Tomatoes/Tamotoes001019.png,tomatoes"
"TRAIN,gs://fruit-recognition/fruit-recognition/Tomatoes/Tamotoes00102.png,tomatoes"
"TRAIN,gs://fruit-recognition/fruit-recognition/Tomatoes/Tamotoes001020.png,tomatoes"
"TRAIN,gs://fruit-recognition/fruit-recognition/Tomatoes/Tamotoes001021.png,tomatoes"
"TRAIN,gs://fruit-recognition/fruit-recognition/Tomatoes/Tamotoes001022.png,tomatoes"
"TRAIN,gs://fruit-recognition/fruit-recognition/Tomatoes/Tamotoes001023.png,tomatoes"
"TRAIN,gs://fruit-recognition/fruit-recognition/Tomatoes/Tamotoes001024.png,tomatoes"
"TRAIN,gs://fruit-recognition/fruit-recognition/Tomatoes/Tamotoes001025.png,tomatoes"
"TRAIN,gs://fruit-recognition/fruit-recognition/Tomatoes/Tamotoes001026.png,tomatoes"
"TRAIN,gs://fruit-recognition/fruit-recognition/Tomatoes/Tamotoes001027.png,tomatoes"
"TRAIN,gs://fruit-recognition/fruit-recognition/Tomatoes/Tamotoes001028.png,tomatoes"
"TRAIN,gs://fruit-recognition/fruit-recognition/Tomatoes/Tamotoes001029.png,tomatoes"
"TRAIN,gs://fruit-recognition/fruit-recognition/Tomatoes/Tamotoes00103.png,tomatoes"
"TRAIN,gs://fruit-recognition/fruit-recognition/Tomatoes/Tamotoes001030.png,tomatoes"
"TRAIN,gs://fruit-recognition/fruit-recognition/Tomatoes/Tamotoes001031.png,tomatoes"
"TRAIN,gs://fruit-recognition/fruit-recognition/Tomatoes/Tamotoes001032.png,tomatoes"
"TRAIN,gs://fruit-recognition/fruit-recognition/Tomatoes/Tamotoes001033.png,tomatoes"
"TRAIN,gs://fruit-recognition/fruit-recognition/Tomatoes/Tamotoes001034.png,tomatoes"
"TRAIN,gs://fruit-recognition/fruit-recognition/Tomatoes/Tamotoes001035.png,tomatoes"
"TRAIN,gs://fruit-recognition/fruit-recognition/Tomatoes/Tamotoes001036.png,tomatoes"
"TRAIN,gs://fruit-recognition/fruit-recognition/Tomatoes/Tamotoes001037.png,tomatoes"
"TRAIN,gs://fruit-recognition/fruit-recognition/Tomatoes/Tamotoes001038.png,tomatoes"
"TRAIN,gs://fruit-recognition/fruit-recognition/Tomatoes/Tamotoes001039.png,tomatoes"
"TRAIN,gs://fruit-recognition/fruit-recognition/Tomatoes/Tamotoes00104.png,tomatoes"
"TRAIN,gs://fruit-recognition/fruit-recognition/Tomatoes/Tamotoes001040.png,tomatoes"
"TRAIN,gs://fruit-recognition/fruit-recognition/Tomatoes/Tamotoes001041.png,tomatoes"
"TRAIN,gs://fruit-recognition/fruit-recognition/Tomatoes/Tamotoes001042.png,tomatoes"
"TRAIN,gs://fruit-recognition/fruit-recognition/Tomatoes/Tamotoes001043.png,tomatoes"
"TRAIN,gs://fruit-recognition/fruit-recognition/Tomatoes/Tamotoes001044.png,tomatoes"
"TRAIN,gs://fruit-recognition/fruit-recognition/Tomatoes/Tamotoes001045.png,tomatoes"
"TRAIN,gs://fruit-recognition/fruit-recognition/Tomatoes/Tamotoes001046.png,tomatoes"
"TRAIN,gs://fruit-recognition/fruit-recognition/Tomatoes/Tamotoes001047.png,tomatoes"
"TRAIN,gs://fruit-recognition/fruit-recognition/Tomatoes/Tamotoes001048.png,tomatoes"
"TRAIN,gs://fruit-recognition/fruit-recognition/Tomatoes/Tamotoes001049.png,tomatoes"
"TRAIN,gs://fruit-recognition/fruit-recognition/Tomatoes/Tamotoes00105.png,tomatoes"
"TRAIN,gs://fruit-recognition/fruit-recognition/Tomatoes/Tamotoes001050.png,tomatoes"
"TRAIN,gs://fruit-recognition/fruit-recognition/Tomatoes/Tamotoes001051.png,tomatoes"
"TRAIN,gs://fruit-recognition/fruit-recognition/Tomatoes/Tamotoes001052.png,tomatoes"
"TRAIN,gs://fruit-recognition/fruit-recognition/Tomatoes/Tamotoes001053.png,tomatoes"
"TRAIN,gs://fruit-recognition/fruit-recognition/Tomatoes/Tamotoes001054.png,tomatoes"
"TRAIN,gs://fruit-recognition/fruit-recognition/Tomatoes/Tamotoes001055.png,tomatoes"
"TRAIN,gs://fruit-recognition/fruit-recognition/Tomatoes/Tamotoes001056.png,tomatoes"
"TRAIN,gs://fruit-recognition/fruit-recognition/Tomatoes/Tamotoes001057.png,tomatoes"
"TRAIN,gs://fruit-recognition/fruit-recognition/Tomatoes/Tamotoes001058.png,tomatoes"
"TRAIN,gs://fruit-recognition/fruit-recognition/Tomatoes/Tamotoes001059.png,tomatoes"
"TRAIN,gs://fruit-recognition/fruit-recognition/Tomatoes/Tamotoes00106.png,tomatoes"
"TRAIN,gs://fruit-recognition/fruit-recognition/Tomatoes/Tamotoes001060.png,tomatoes"
"TRAIN,gs://fruit-recognition/fruit-recognition/Tomatoes/Tamotoes001061.png,tomatoes"
"TRAIN,gs://fruit-recognition/fruit-recognition/Tomatoes/Tamotoes001062.png,tomatoes"
"TRAIN,gs://fruit-recognition/fruit-recognition/Tomatoes/Tamotoes001063.png,tomatoes"
"TRAIN,gs://fruit-recognition/fruit-recognition/Tomatoes/Tamotoes001064.png,tomatoes"
"TRAIN,gs://fruit-recognition/fruit-recognition/Tomatoes/Tamotoes001065.png,tomatoes"
"TRAIN,gs://fruit-recognition/fruit-recognition/Tomatoes/Tamotoes001066.png,tomatoes"
"TRAIN,gs://fruit-recognition/fruit-recognition/Tomatoes/Tamotoes001067.png,tomatoes"
"TRAIN,gs://fruit-recognition/fruit-recognition/Tomatoes/Tamotoes001068.png,tomatoes"
"TRAIN,gs://fruit-recognition/fruit-recognition/Tomatoes/Tamotoes001069.png,tomatoes"
"TRAIN,gs://fruit-recognition/fruit-recognition/Tomatoes/Tamotoes00107.png,tomatoes"
"TRAIN,gs://fruit-recognition/fruit-recognition/Tomatoes/Tamotoes001070.png,tomatoes"
"TRAIN,gs://fruit-recognition/fruit-recognition/Tomatoes/Tamotoes001071.png,tomatoes"
"TRAIN,gs://fruit-recognition/fruit-recognition/Tomatoes/Tamotoes001072.png,tomatoes"
"TRAIN,gs://fruit-recognition/fruit-recognition/Tomatoes/Tamotoes001073.png,tomatoes"
"TRAIN,gs://fruit-recognition/fruit-recognition/Tomatoes/Tamotoes001074.png,tomatoes"
"TRAIN,gs://fruit-recognition/fruit-recognition/Tomatoes/Tamotoes001075.png,tomatoes"
"TRAIN,gs://fruit-recognition/fruit-recognition/Tomatoes/Tamotoes001076.png,tomatoes"
"TRAIN,gs://fruit-recognition/fruit-recognition/Tomatoes/Tamotoes001077.png,tomatoes"
"TRAIN,gs://fruit-recognition/fruit-recognition/Tomatoes/Tamotoes001078.png,tomatoes"
"TRAIN,gs://fruit-recognition/fruit-recognition/Tomatoes/Tamotoes001079.png,tomatoes"
"TRAIN,gs://fruit-recognition/fruit-recognition/Tomatoes/Tamotoes00108.png,tomatoes"
"TRAIN,gs://fruit-recognition/fruit-recognition/Tomatoes/Tamotoes001080.png,tomatoes"
"TRAIN,gs://fruit-recognition/fruit-recognition/Tomatoes/Tamotoes001081.png,tomatoes"
"TRAIN,gs://fruit-recognition/fruit-recognition/Tomatoes/Tamotoes001082.png,tomatoes"
"TRAIN,gs://fruit-recognition/fruit-recognition/Tomatoes/Tamotoes001083.png,tomatoes"
"TRAIN,gs://fruit-recognition/fruit-recognition/Tomatoes/Tamotoes001084.png,tomatoes"
"TRAIN,gs://fruit-recognition/fruit-recognition/Tomatoes/Tamotoes001085.png,tomatoes"
"TRAIN,gs://fruit-recognition/fruit-recognition/Tomatoes/Tamotoes001086.png,tomatoes"
"TRAIN,gs://fruit-recognition/fruit-recognition/Tomatoes/Tamotoes001087.png,tomatoes"
"TRAIN,gs://fruit-recognition/fruit-recognition/Tomatoes/Tamotoes001088.png,tomatoes"
"TRAIN,gs://fruit-recognition/fruit-recognition/Tomatoes/Tamotoes001089.png,tomatoes"
"TRAIN,gs://fruit-recognition/fruit-recognition/Tomatoes/Tamotoes00109.png,tomatoes"
"TRAIN,gs://fruit-recognition/fruit-recognition/Tomatoes/Tamotoes001090.png,tomatoes"
"TRAIN,gs://fruit-recognition/fruit-recognition/Tomatoes/Tamotoes001091.png,tomatoes"
"TRAIN,gs://fruit-recognition/fruit-recognition/Tomatoes/Tamotoes001092.png,tomatoes"
"TRAIN,gs://fruit-recognition/fruit-recognition/Tomatoes/Tamotoes001093.png,tomatoes"
"TRAIN,gs://fruit-recognition/fruit-recognition/Tomatoes/Tamotoes001094.png,tomatoes"
"TRAIN,gs://fruit-recognition/fruit-recognition/Tomatoes/Tamotoes001095.png,tomatoes"
"TRAIN,gs://fruit-recognition/fruit-recognition/Tomatoes/Tamotoes001096.png,tomatoes"
"TRAIN,gs://fruit-recognition/fruit-recognition/Tomatoes/Tamotoes001097.png,tomatoes"
"TRAIN,gs://fruit-recognition/fruit-recognition/Tomatoes/Tamotoes001098.png,tomatoes"
"TRAIN,gs://fruit-recognition/fruit-recognition/Tomatoes/Tamotoes001099.png,tomatoes"
"TRAIN,gs://fruit-recognition/fruit-recognition/Tomatoes/Tamotoes0011.png,tomatoes"
"TRAIN,gs://fruit-recognition/fruit-recognition/Tomatoes/Tamotoes00110.png,tomatoes"
"TRAIN,gs://fruit-recognition/fruit-recognition/Tomatoes/Tamotoes001100.png,tomatoes"
"TRAIN,gs://fruit-recognition/fruit-recognition/Tomatoes/Tamotoes001101.png,tomatoes"
"TRAIN,gs://fruit-recognition/fruit-recognition/Tomatoes/Tamotoes001102.png,tomatoes"
"TRAIN,gs://fruit-recognition/fruit-recognition/Tomatoes/Tamotoes001103.png,tomatoes"
"TRAIN,gs://fruit-recognition/fruit-recognition/Tomatoes/Tamotoes001104.png,tomatoes"
"TRAIN,gs://fruit-recognition/fruit-recognition/Tomatoes/Tamotoes001105.png,tomatoes"
"TRAIN,gs://fruit-recognition/fruit-recognition/Tomatoes/Tamotoes001106.png,tomatoes"
"TRAIN,gs://fruit-recognition/fruit-recognition/Tomatoes/Tamotoes001107.png,tomatoes"
"TRAIN,gs://fruit-recognition/fruit-recognition/Tomatoes/Tamotoes001108.png,tomatoes"
"TRAIN,gs://fruit-recognition/fruit-recognition/Tomatoes/Tamotoes001109.png,tomatoes"
"TRAIN,gs://fruit-recognition/fruit-recognition/Tomatoes/Tamotoes00111.png,tomatoes"
"TRAIN,gs://fruit-recognition/fruit-recognition/Tomatoes/Tamotoes001110.png,tomatoes"
"TRAIN,gs://fruit-recognition/fruit-recognition/Tomatoes/Tamotoes001111.png,tomatoes"
"TRAIN,gs://fruit-recognition/fruit-recognition/Tomatoes/Tamotoes001112.png,tomatoes"
"TRAIN,gs://fruit-recognition/fruit-recognition/Tomatoes/Tamotoes001113.png,tomatoes"
"TRAIN,gs://fruit-recognition/fruit-recognition/Tomatoes/Tamotoes001114.png,tomatoes"
"TRAIN,gs://fruit-recognition/fruit-recognition/Tomatoes/Tamotoes001115.png,tomatoes"
"TRAIN,gs://fruit-recognition/fruit-recognition/Tomatoes/Tamotoes001116.png,tomatoes"
"TRAIN,gs://fruit-recognition/fruit-recognition/Tomatoes/Tamotoes001117.png,tomatoes"
"TRAIN,gs://fruit-recognition/fruit-recognition/Tomatoes/Tamotoes001118.png,tomatoes"
"TRAIN,gs://fruit-recognition/fruit-recognition/Tomatoes/Tamotoes001119.png,tomatoes"
"TRAIN,gs://fruit-recognition/fruit-recognition/Tomatoes/Tamotoes00112.png,tomatoes"
"TRAIN,gs://fruit-recognition/fruit-recognition/Tomatoes/Tamotoes001120.png,tomatoes"
"TRAIN,gs://fruit-recognition/fruit-recognition/Tomatoes/Tamotoes001121.png,tomatoes"
"TRAIN,gs://fruit-recognition/fruit-recognition/Tomatoes/Tamotoes001122.png,tomatoes"
"TRAIN,gs://fruit-recognition/fruit-recognition/Tomatoes/Tamotoes001123.png,tomatoes"
"TRAIN,gs://fruit-recognition/fruit-recognition/Tomatoes/Tamotoes001124.png,tomatoes"
"TRAIN,gs://fruit-recognition/fruit-recognition/Tomatoes/Tamotoes001125.png,tomatoes"
"TRAIN,gs://fruit-recognition/fruit-recognition/Tomatoes/Tamotoes001126.png,tomatoes"
"TRAIN,gs://fruit-recognition/fruit-recognition/Tomatoes/Tamotoes001127.png,tomatoes"
"TRAIN,gs://fruit-recognition/fruit-recognition/Tomatoes/Tamotoes001128.png,tomatoes"
"TRAIN,gs://fruit-recognition/fruit-recognition/Tomatoes/Tamotoes001129.png,tomatoes"
"TRAIN,gs://fruit-recognition/fruit-recognition/Tomatoes/Tamotoes00113.png,tomatoes"
"TRAIN,gs://fruit-recognition/fruit-recognition/Tomatoes/Tamotoes001130.png,tomatoes"
"TRAIN,gs://fruit-recognition/fruit-recognition/Tomatoes/Tamotoes001131.png,tomatoes"
"TRAIN,gs://fruit-recognition/fruit-recognition/Tomatoes/Tamotoes001132.png,tomatoes"
"TRAIN,gs://fruit-recognition/fruit-recognition/Tomatoes/Tamotoes001133.png,tomatoes"
"TRAIN,gs://fruit-recognition/fruit-recognition/Tomatoes/Tamotoes001134.png,tomatoes"
"TRAIN,gs://fruit-recognition/fruit-recognition/Tomatoes/Tamotoes001135.png,tomatoes"
"TRAIN,gs://fruit-recognition/fruit-recognition/Tomatoes/Tamotoes001136.png,tomatoes"
"TRAIN,gs://fruit-recognition/fruit-recognition/Tomatoes/Tamotoes001137.png,tomatoes"
"TRAIN,gs://fruit-recognition/fruit-recognition/Tomatoes/Tamotoes001138.png,tomatoes"
"TRAIN,gs://fruit-recognition/fruit-recognition/Tomatoes/Tamotoes001139.png,tomatoes"
"TRAIN,gs://fruit-recognition/fruit-recognition/Tomatoes/Tamotoes00114.png,tomatoes"
"TRAIN,gs://fruit-recognition/fruit-recognition/Tomatoes/Tamotoes001140.png,tomatoes"
"TRAIN,gs://fruit-recognition/fruit-recognition/Tomatoes/Tamotoes001141.png,tomatoes"
"TRAIN,gs://fruit-recognition/fruit-recognition/Tomatoes/Tamotoes001142.png,tomatoes"
"TRAIN,gs://fruit-recognition/fruit-recognition/Tomatoes/Tamotoes001143.png,tomatoes"
"TRAIN,gs://fruit-recognition/fruit-recognition/Tomatoes/Tamotoes001144.png,tomatoes"
"TRAIN,gs://fruit-recognition/fruit-recognition/Tomatoes/Tamotoes001145.png,tomatoes"
"TRAIN,gs://fruit-recognition/fruit-recognition/Tomatoes/Tamotoes001146.png,tomatoes"
"TRAIN,gs://fruit-recognition/fruit-recognition/Tomatoes/Tamotoes001147.png,tomatoes"
"TRAIN,gs://fruit-recognition/fruit-recognition/Tomatoes/Tamotoes001148.png,tomatoes"
"TRAIN,gs://fruit-recognition/fruit-recognition/Tomatoes/Tamotoes001149.png,tomatoes"
"TRAIN,gs://fruit-recognition/fruit-recognition/Tomatoes/Tamotoes00115.png,tomatoes"
"TRAIN,gs://fruit-recognition/fruit-recognition/Tomatoes/Tamotoes001150.png,tomatoes"
"TRAIN,gs://fruit-recognition/fruit-recognition/Tomatoes/Tamotoes001151.png,tomatoes"
"TRAIN,gs://fruit-recognition/fruit-recognition/Tomatoes/Tamotoes001152.png,tomatoes"
"TRAIN,gs://fruit-recognition/fruit-recognition/Tomatoes/Tamotoes001153.png,tomatoes"
"TRAIN,gs://fruit-recognition/fruit-recognition/Tomatoes/Tamotoes001154.png,tomatoes"
"TRAIN,gs://fruit-recognition/fruit-recognition/Tomatoes/Tamotoes001155.png,tomatoes"
"TRAIN,gs://fruit-recognition/fruit-recognition/Tomatoes/Tamotoes001156.png,tomatoes"
"TRAIN,gs://fruit-recognition/fruit-recognition/Tomatoes/Tamotoes001157.png,tomatoes"
"TRAIN,gs://fruit-recognition/fruit-recognition/Tomatoes/Tamotoes001158.png,tomatoes"
"TRAIN,gs://fruit-recognition/fruit-recognition/Tomatoes/Tamotoes001159.png,tomatoes"
"TRAIN,gs://fruit-recognition/fruit-recognition/Tomatoes/Tamotoes00116.png,tomatoes"
"TRAIN,gs://fruit-recognition/fruit-recognition/Tomatoes/Tamotoes001160.png,tomatoes"
"TRAIN,gs://fruit-recognition/fruit-recognition/Tomatoes/Tamotoes001161.png,tomatoes"
"TRAIN,gs://fruit-recognition/fruit-recognition/Tomatoes/Tamotoes001162.png,tomatoes"
"TRAIN,gs://fruit-recognition/fruit-recognition/Tomatoes/Tamotoes001163.png,tomatoes"
"TRAIN,gs://fruit-recognition/fruit-recognition/Tomatoes/Tamotoes001164.png,tomatoes"
"TRAIN,gs://fruit-recognition/fruit-recognition/Tomatoes/Tamotoes001165.png,tomatoes"
"TRAIN,gs://fruit-recognition/fruit-recognition/Tomatoes/Tamotoes001166.png,tomatoes"
"TRAIN,gs://fruit-recognition/fruit-recognition/Tomatoes/Tamotoes001167.png,tomatoes"
"TRAIN,gs://fruit-recognition/fruit-recognition/Tomatoes/Tamotoes001168.png,tomatoes"
"TRAIN,gs://fruit-recognition/fruit-recognition/Tomatoes/Tamotoes001169.png,tomatoes"
"TRAIN,gs://fruit-recognition/fruit-recognition/Tomatoes/Tamotoes00117.png,tomatoes"
"TRAIN,gs://fruit-recognition/fruit-recognition/Tomatoes/Tamotoes001170.png,tomatoes"
"TRAIN,gs://fruit-recognition/fruit-recognition/Tomatoes/Tamotoes001171.png,tomatoes"
"TRAIN,gs://fruit-recognition/fruit-recognition/Tomatoes/Tamotoes001172.png,tomatoes"
"TRAIN,gs://fruit-recognition/fruit-recognition/Tomatoes/Tamotoes001173.png,tomatoes"
"TRAIN,gs://fruit-recognition/fruit-recognition/Tomatoes/Tamotoes001174.png,tomatoes"
"TRAIN,gs://fruit-recognition/fruit-recognition/Tomatoes/Tamotoes001175.png,tomatoes"
"TRAIN,gs://fruit-recognition/fruit-recognition/Tomatoes/Tamotoes001176.png,tomatoes"
"TRAIN,gs://fruit-recognition/fruit-recognition/Tomatoes/Tamotoes001177.png,tomatoes"
"TRAIN,gs://fruit-recognition/fruit-recognition/Tomatoes/Tamotoes001178.png,tomatoes"
"TRAIN,gs://fruit-recognition/fruit-recognition/Tomatoes/Tamotoes001179.png,tomatoes"
"TRAIN,gs://fruit-recognition/fruit-recognition/Tomatoes/Tamotoes00118.png,tomatoes"
"TRAIN,gs://fruit-recognition/fruit-recognition/Tomatoes/Tamotoes001180.png,tomatoes"
"TRAIN,gs://fruit-recognition/fruit-recognition/Tomatoes/Tamotoes001181.png,tomatoes"
"TRAIN,gs://fruit-recognition/fruit-recognition/Tomatoes/Tamotoes001182.png,tomatoes"
"TRAIN,gs://fruit-recognition/fruit-recognition/Tomatoes/Tamotoes001183.png,tomatoes"
"TRAIN,gs://fruit-recognition/fruit-recognition/Tomatoes/Tamotoes001184.png,tomatoes"
"TRAIN,gs://fruit-recognition/fruit-recognition/Tomatoes/Tamotoes001185.png,tomatoes"
"TRAIN,gs://fruit-recognition/fruit-recognition/Tomatoes/Tamotoes001186.png,tomatoes"
"TRAIN,gs://fruit-recognition/fruit-recognition/Tomatoes/Tamotoes001187.png,tomatoes"
"TRAIN,gs://fruit-recognition/fruit-recognition/Tomatoes/Tamotoes001188.png,tomatoes"
"TRAIN,gs://fruit-recognition/fruit-recognition/Tomatoes/Tamotoes001189.png,tomatoes"
"TRAIN,gs://fruit-recognition/fruit-recognition/Tomatoes/Tamotoes00119.png,tomatoes"
"TRAIN,gs://fruit-recognition/fruit-recognition/Tomatoes/Tamotoes001190.png,tomatoes"
"TRAIN,gs://fruit-recognition/fruit-recognition/Tomatoes/Tamotoes001191.png,tomatoes"
"TRAIN,gs://fruit-recognition/fruit-recognition/Tomatoes/Tamotoes001192.png,tomatoes"
"TRAIN,gs://fruit-recognition/fruit-recognition/Tomatoes/Tamotoes001193.png,tomatoes"
"TRAIN,gs://fruit-recognition/fruit-recognition/Tomatoes/Tamotoes001194.png,tomatoes"
"TRAIN,gs://fruit-recognition/fruit-recognition/Tomatoes/Tamotoes001195.png,tomatoes"
"TRAIN,gs://fruit-recognition/fruit-recognition/Tomatoes/Tamotoes001196.png,tomatoes"
"TRAIN,gs://fruit-recognition/fruit-recognition/Tomatoes/Tamotoes001197.png,tomatoes"
"TRAIN,gs://fruit-recognition/fruit-recognition/Tomatoes/Tamotoes001198.png,tomatoes"
"TRAIN,gs://fruit-recognition/fruit-recognition/Tomatoes/Tamotoes001199.png,tomatoes"
"TRAIN,gs://fruit-recognition/fruit-recognition/Tomatoes/Tamotoes0012.png,tomatoes"
"TRAIN,gs://fruit-recognition/fruit-recognition/Tomatoes/Tamotoes00120.png,tomatoes"
"TRAIN,gs://fruit-recognition/fruit-recognition/Tomatoes/Tamotoes001200.png,tomatoes"
"TRAIN,gs://fruit-recognition/fruit-recognition/Tomatoes/Tamotoes001201.png,tomatoes"
"TRAIN,gs://fruit-recognition/fruit-recognition/Tomatoes/Tamotoes001202.png,tomatoes"
"TRAIN,gs://fruit-recognition/fruit-recognition/Tomatoes/Tamotoes001203.png,tomatoes"
"TRAIN,gs://fruit-recognition/fruit-recognition/Tomatoes/Tamotoes001204.png,tomatoes"
"TRAIN,gs://fruit-recognition/fruit-recognition/Tomatoes/Tamotoes001205.png,tomatoes"
"TRAIN,gs://fruit-recognition/fruit-recognition/Tomatoes/Tamotoes001206.png,tomatoes"
"TRAIN,gs://fruit-recognition/fruit-recognition/Tomatoes/Tamotoes001207.png,tomatoes"
"TRAIN,gs://fruit-recognition/fruit-recognition/Tomatoes/Tamotoes001208.png,tomatoes"
"TRAIN,gs://fruit-recognition/fruit-recognition/Tomatoes/Tamotoes001209.png,tomatoes"
"TRAIN,gs://fruit-recognition/fruit-recognition/Tomatoes/Tamotoes00121.png,tomatoes"
"TRAIN,gs://fruit-recognition/fruit-recognition/Tomatoes/Tamotoes001210.png,tomatoes"
"TRAIN,gs://fruit-recognition/fruit-recognition/Tomatoes/Tamotoes001211.png,tomatoes"
"TRAIN,gs://fruit-recognition/fruit-recognition/Tomatoes/Tamotoes001212.png,tomatoes"
"TRAIN,gs://fruit-recognition/fruit-recognition/Tomatoes/Tamotoes001213.png,tomatoes"
"TRAIN,gs://fruit-recognition/fruit-recognition/Tomatoes/Tamotoes001214.png,tomatoes"
"TRAIN,gs://fruit-recognition/fruit-recognition/Tomatoes/Tamotoes001215.png,tomatoes"
"TRAIN,gs://fruit-recognition/fruit-recognition/Tomatoes/Tamotoes001216.png,tomatoes"
"TRAIN,gs://fruit-recognition/fruit-recognition/Tomatoes/Tamotoes001217.png,tomatoes"
"TRAIN,gs://fruit-recognition/fruit-recognition/Tomatoes/Tamotoes001218.png,tomatoes"
"TRAIN,gs://fruit-recognition/fruit-recognition/Tomatoes/Tamotoes001219.png,tomatoes"
"TRAIN,gs://fruit-recognition/fruit-recognition/Tomatoes/Tamotoes00122.png,tomatoes"
"TRAIN,gs://fruit-recognition/fruit-recognition/Tomatoes/Tamotoes001220.png,tomatoes"
"TRAIN,gs://fruit-recognition/fruit-recognition/Tomatoes/Tamotoes001221.png,tomatoes"
"TRAIN,gs://fruit-recognition/fruit-recognition/Tomatoes/Tamotoes001222.png,tomatoes"
"TRAIN,gs://fruit-recognition/fruit-recognition/Tomatoes/Tamotoes001223.png,tomatoes"
"TRAIN,gs://fruit-recognition/fruit-recognition/Tomatoes/Tamotoes001224.png,tomatoes"
"TRAIN,gs://fruit-recognition/fruit-recognition/Tomatoes/Tamotoes001225.png,tomatoes"
"TRAIN,gs://fruit-recognition/fruit-recognition/Tomatoes/Tamotoes001226.png,tomatoes"
"TRAIN,gs://fruit-recognition/fruit-recognition/Tomatoes/Tamotoes001227.png,tomatoes"
"TRAIN,gs://fruit-recognition/fruit-recognition/Tomatoes/Tamotoes001228.png,tomatoes"
"TRAIN,gs://fruit-recognition/fruit-recognition/Tomatoes/Tamotoes001229.png,tomatoes"
"TRAIN,gs://fruit-recognition/fruit-recognition/Tomatoes/Tamotoes00123.png,tomatoes"
"TRAIN,gs://fruit-recognition/fruit-recognition/Tomatoes/Tamotoes001230.png,tomatoes"
"TRAIN,gs://fruit-recognition/fruit-recognition/Tomatoes/Tamotoes001231.png,tomatoes"
"TRAIN,gs://fruit-recognition/fruit-recognition/Tomatoes/Tamotoes001232.png,tomatoes"
"TRAIN,gs://fruit-recognition/fruit-recognition/Tomatoes/Tamotoes001233.png,tomatoes"
"TRAIN,gs://fruit-recognition/fruit-recognition/Tomatoes/Tamotoes001234.png,tomatoes"
"TRAIN,gs://fruit-recognition/fruit-recognition/Tomatoes/Tamotoes001235.png,tomatoes"
"TRAIN,gs://fruit-recognition/fruit-recognition/Tomatoes/Tamotoes001236.png,tomatoes"
"TRAIN,gs://fruit-recognition/fruit-recognition/Tomatoes/Tamotoes001237.png,tomatoes"
"TRAIN,gs://fruit-recognition/fruit-recognition/Tomatoes/Tamotoes001238.png,tomatoes"
"TRAIN,gs://fruit-recognition/fruit-recognition/Tomatoes/Tamotoes001239.png,tomatoes"
"TRAIN,gs://fruit-recognition/fruit-recognition/Tomatoes/Tamotoes00124.png,tomatoes"
"TRAIN,gs://fruit-recognition/fruit-recognition/Tomatoes/Tamotoes001240.png,tomatoes"
"TRAIN,gs://fruit-recognition/fruit-recognition/Tomatoes/Tamotoes001241.png,tomatoes"
"TRAIN,gs://fruit-recognition/fruit-recognition/Tomatoes/Tamotoes001242.png,tomatoes"
"TRAIN,gs://fruit-recognition/fruit-recognition/Tomatoes/Tamotoes001243.png,tomatoes"
"TRAIN,gs://fruit-recognition/fruit-recognition/Tomatoes/Tamotoes001244.png,tomatoes"
"TRAIN,gs://fruit-recognition/fruit-recognition/Tomatoes/Tamotoes001245.png,tomatoes"
"TRAIN,gs://fruit-recognition/fruit-recognition/Tomatoes/Tamotoes001246.png,tomatoes"
"TRAIN,gs://fruit-recognition/fruit-recognition/Tomatoes/Tamotoes001247.png,tomatoes"
"TRAIN,gs://fruit-recognition/fruit-recognition/Tomatoes/Tamotoes001248.png,tomatoes"
"TRAIN,gs://fruit-recognition/fruit-recognition/Tomatoes/Tamotoes001249.png,tomatoes"
"TRAIN,gs://fruit-recognition/fruit-recognition/Tomatoes/Tamotoes00125.png,tomatoes"
"TRAIN,gs://fruit-recognition/fruit-recognition/Tomatoes/Tamotoes001250.png,tomatoes"
"TRAIN,gs://fruit-recognition/fruit-recognition/Tomatoes/Tamotoes001251.png,tomatoes"
"TRAIN,gs://fruit-recognition/fruit-recognition/Tomatoes/Tamotoes001252.png,tomatoes"
"TRAIN,gs://fruit-recognition/fruit-recognition/Tomatoes/Tamotoes001253.png,tomatoes"
"TRAIN,gs://fruit-recognition/fruit-recognition/Tomatoes/Tamotoes001254.png,tomatoes"
"TRAIN,gs://fruit-recognition/fruit-recognition/Tomatoes/Tamotoes001255.png,tomatoes"
"TRAIN,gs://fruit-recognition/fruit-recognition/Tomatoes/Tamotoes001256.png,tomatoes"
"TRAIN,gs://fruit-recognition/fruit-recognition/Tomatoes/Tamotoes001257.png,tomatoes"
"TRAIN,gs://fruit-recognition/fruit-recognition/Tomatoes/Tamotoes001258.png,tomatoes"
"TRAIN,gs://fruit-recognition/fruit-recognition/Tomatoes/Tamotoes001259.png,tomatoes"
"TRAIN,gs://fruit-recognition/fruit-recognition/Tomatoes/Tamotoes00126.png,tomatoes"
"TRAIN,gs://fruit-recognition/fruit-recognition/Tomatoes/Tamotoes001260.png,tomatoes"
"TRAIN,gs://fruit-recognition/fruit-recognition/Tomatoes/Tamotoes001261.png,tomatoes"
"TRAIN,gs://fruit-recognition/fruit-recognition/Tomatoes/Tamotoes001262.png,tomatoes"
"TRAIN,gs://fruit-recognition/fruit-recognition/Tomatoes/Tamotoes001263.png,tomatoes"
"TRAIN,gs://fruit-recognition/fruit-recognition/Tomatoes/Tamotoes001264.png,tomatoes"
"TRAIN,gs://fruit-recognition/fruit-recognition/Tomatoes/Tamotoes001265.png,tomatoes"
"TRAIN,gs://fruit-recognition/fruit-recognition/Tomatoes/Tamotoes001266.png,tomatoes"
"TRAIN,gs://fruit-recognition/fruit-recognition/Tomatoes/Tamotoes001267.png,tomatoes"
"TRAIN,gs://fruit-recognition/fruit-recognition/Tomatoes/Tamotoes001268.png,tomatoes"
"TRAIN,gs://fruit-recognition/fruit-recognition/Tomatoes/Tamotoes001269.png,tomatoes"
"TRAIN,gs://fruit-recognition/fruit-recognition/Tomatoes/Tamotoes00127.png,tomatoes"
"TRAIN,gs://fruit-recognition/fruit-recognition/Tomatoes/Tamotoes001270.png,tomatoes"
"TRAIN,gs://fruit-recognition/fruit-recognition/Tomatoes/Tamotoes001271.png,tomatoes"
"TRAIN,gs://fruit-recognition/fruit-recognition/Tomatoes/Tamotoes001272.png,tomatoes"
"TRAIN,gs://fruit-recognition/fruit-recognition/Tomatoes/Tamotoes001273.png,tomatoes"
"TRAIN,gs://fruit-recognition/fruit-recognition/Tomatoes/Tamotoes001274.png,tomatoes"
"TRAIN,gs://fruit-recognition/fruit-recognition/Tomatoes/Tamotoes001275.png,tomatoes"
"TRAIN,gs://fruit-recognition/fruit-recognition/Tomatoes/Tamotoes001276.png,tomatoes"
"TRAIN,gs://fruit-recognition/fruit-recognition/Tomatoes/Tamotoes001277.png,tomatoes"
"TRAIN,gs://fruit-recognition/fruit-recognition/Tomatoes/Tamotoes001278.png,tomatoes"
"TRAIN,gs://fruit-recognition/fruit-recognition/Tomatoes/Tamotoes001279.png,tomatoes"
"TRAIN,gs://fruit-recognition/fruit-recognition/Tomatoes/Tamotoes00128.png,tomatoes"
"TRAIN,gs://fruit-recognition/fruit-recognition/Tomatoes/Tamotoes001280.png,tomatoes"
"TRAIN,gs://fruit-recognition/fruit-recognition/Tomatoes/Tamotoes001281.png,tomatoes"
"TRAIN,gs://fruit-recognition/fruit-recognition/Tomatoes/Tamotoes001282.png,tomatoes"
"TRAIN,gs://fruit-recognition/fruit-recognition/Tomatoes/Tamotoes001283.png,tomatoes"
"TRAIN,gs://fruit-recognition/fruit-recognition/Tomatoes/Tamotoes001284.png,tomatoes"
"TRAIN,gs://fruit-recognition/fruit-recognition/Tomatoes/Tamotoes001285.png,tomatoes"
"TRAIN,gs://fruit-recognition/fruit-recognition/Tomatoes/Tamotoes001286.png,tomatoes"
"TRAIN,gs://fruit-recognition/fruit-recognition/Tomatoes/Tamotoes001287.png,tomatoes"
"TRAIN,gs://fruit-recognition/fruit-recognition/Tomatoes/Tamotoes001288.png,tomatoes"
"TRAIN,gs://fruit-recognition/fruit-recognition/Tomatoes/Tamotoes001289.png,tomatoes"
"TRAIN,gs://fruit-recognition/fruit-recognition/Tomatoes/Tamotoes00129.png,tomatoes"
"TRAIN,gs://fruit-recognition/fruit-recognition/Tomatoes/Tamotoes001290.png,tomatoes"
"TRAIN,gs://fruit-recognition/fruit-recognition/Tomatoes/Tamotoes001291.png,tomatoes"
"TRAIN,gs://fruit-recognition/fruit-recognition/Tomatoes/Tamotoes001292.png,tomatoes"
"TRAIN,gs://fruit-recognition/fruit-recognition/Tomatoes/Tamotoes001293.png,tomatoes"
"TRAIN,gs://fruit-recognition/fruit-recognition/Tomatoes/Tamotoes001294.png,tomatoes"
"TRAIN,gs://fruit-recognition/fruit-recognition/Tomatoes/Tamotoes001295.png,tomatoes"
"TRAIN,gs://fruit-recognition/fruit-recognition/Tomatoes/Tamotoes001296.png,tomatoes"
"TRAIN,gs://fruit-recognition/fruit-recognition/Tomatoes/Tamotoes001297.png,tomatoes"
"TRAIN,gs://fruit-recognition/fruit-recognition/Tomatoes/Tamotoes001298.png,tomatoes"
"TRAIN,gs://fruit-recognition/fruit-recognition/Tomatoes/Tamotoes001299.png,tomatoes"
"TRAIN,gs://fruit-recognition/fruit-recognition/Tomatoes/Tamotoes0013.png,tomatoes"
"TRAIN,gs://fruit-recognition/fruit-recognition/Tomatoes/Tamotoes00130.png,tomatoes"
"TRAIN,gs://fruit-recognition/fruit-recognition/Tomatoes/Tamotoes001300.png,tomatoes"
"TRAIN,gs://fruit-recognition/fruit-recognition/Tomatoes/Tamotoes001301.png,tomatoes"
"TRAIN,gs://fruit-recognition/fruit-recognition/Tomatoes/Tamotoes001302.png,tomatoes"
"TRAIN,gs://fruit-recognition/fruit-recognition/Tomatoes/Tamotoes001303.png,tomatoes"
"TRAIN,gs://fruit-recognition/fruit-recognition/Tomatoes/Tamotoes001304.png,tomatoes"
"TRAIN,gs://fruit-recognition/fruit-recognition/Tomatoes/Tamotoes001305.png,tomatoes"
"TRAIN,gs://fruit-recognition/fruit-recognition/Tomatoes/Tamotoes001306.png,tomatoes"
"TRAIN,gs://fruit-recognition/fruit-recognition/Tomatoes/Tamotoes001307.png,tomatoes"
"TRAIN,gs://fruit-recognition/fruit-recognition/Tomatoes/Tamotoes001308.png,tomatoes"
"TRAIN,gs://fruit-recognition/fruit-recognition/Tomatoes/Tamotoes001309.png,tomatoes"
"TRAIN,gs://fruit-recognition/fruit-recognition/Tomatoes/Tamotoes00131.png,tomatoes"
"TRAIN,gs://fruit-recognition/fruit-recognition/Tomatoes/Tamotoes001310.png,tomatoes"
"TRAIN,gs://fruit-recognition/fruit-recognition/Tomatoes/Tamotoes001311.png,tomatoes"
"TRAIN,gs://fruit-recognition/fruit-recognition/Tomatoes/Tamotoes001312.png,tomatoes"
"TRAIN,gs://fruit-recognition/fruit-recognition/Tomatoes/Tamotoes001313.png,tomatoes"
"TRAIN,gs://fruit-recognition/fruit-recognition/Tomatoes/Tamotoes001314.png,tomatoes"
"TRAIN,gs://fruit-recognition/fruit-recognition/Tomatoes/Tamotoes001315.png,tomatoes"
"TRAIN,gs://fruit-recognition/fruit-recognition/Tomatoes/Tamotoes001316.png,tomatoes"
"TRAIN,gs://fruit-recognition/fruit-recognition/Tomatoes/Tamotoes001317.png,tomatoes"
"TRAIN,gs://fruit-recognition/fruit-recognition/Tomatoes/Tamotoes001318.png,tomatoes"
"TRAIN,gs://fruit-recognition/fruit-recognition/Tomatoes/Tamotoes001319.png,tomatoes"
"TRAIN,gs://fruit-recognition/fruit-recognition/Tomatoes/Tamotoes00132.png,tomatoes"
"TRAIN,gs://fruit-recognition/fruit-recognition/Tomatoes/Tamotoes001320.png,tomatoes"
"TRAIN,gs://fruit-recognition/fruit-recognition/Tomatoes/Tamotoes001321.png,tomatoes"
"TRAIN,gs://fruit-recognition/fruit-recognition/Tomatoes/Tamotoes001322.png,tomatoes"
"TRAIN,gs://fruit-recognition/fruit-recognition/Tomatoes/Tamotoes001323.png,tomatoes"
"TRAIN,gs://fruit-recognition/fruit-recognition/Tomatoes/Tamotoes001324.png,tomatoes"
"TRAIN,gs://fruit-recognition/fruit-recognition/Tomatoes/Tamotoes001325.png,tomatoes"
"TRAIN,gs://fruit-recognition/fruit-recognition/Tomatoes/Tamotoes001326.png,tomatoes"
"TRAIN,gs://fruit-recognition/fruit-recognition/Tomatoes/Tamotoes001327.png,tomatoes"
"TRAIN,gs://fruit-recognition/fruit-recognition/Tomatoes/Tamotoes001328.png,tomatoes"
"TRAIN,gs://fruit-recognition/fruit-recognition/Tomatoes/Tamotoes001329.png,tomatoes"
"TRAIN,gs://fruit-recognition/fruit-recognition/Tomatoes/Tamotoes00133.png,tomatoes"
"TRAIN,gs://fruit-recognition/fruit-recognition/Tomatoes/Tamotoes001330.png,tomatoes"
"TRAIN,gs://fruit-recognition/fruit-recognition/Tomatoes/Tamotoes001331.png,tomatoes"
"TRAIN,gs://fruit-recognition/fruit-recognition/Tomatoes/Tamotoes001332.png,tomatoes"
"TRAIN,gs://fruit-recognition/fruit-recognition/Tomatoes/Tamotoes001333.png,tomatoes"
"TRAIN,gs://fruit-recognition/fruit-recognition/Tomatoes/Tamotoes001334.png,tomatoes"
"TRAIN,gs://fruit-recognition/fruit-recognition/Tomatoes/Tamotoes001335.png,tomatoes"
"TRAIN,gs://fruit-recognition/fruit-recognition/Tomatoes/Tamotoes001336.png,tomatoes"
"TRAIN,gs://fruit-recognition/fruit-recognition/Tomatoes/Tamotoes001337.png,tomatoes"
"TRAIN,gs://fruit-recognition/fruit-recognition/Tomatoes/Tamotoes001338.png,tomatoes"
"TRAIN,gs://fruit-recognition/fruit-recognition/Tomatoes/Tamotoes001339.png,tomatoes"
"TRAIN,gs://fruit-recognition/fruit-recognition/Tomatoes/Tamotoes00134.png,tomatoes"
"TRAIN,gs://fruit-recognition/fruit-recognition/Tomatoes/Tamotoes001340.png,tomatoes"
"TRAIN,gs://fruit-recognition/fruit-recognition/Tomatoes/Tamotoes001341.png,tomatoes"
"TRAIN,gs://fruit-recognition/fruit-recognition/Tomatoes/Tamotoes001342.png,tomatoes"
"TRAIN,gs://fruit-recognition/fruit-recognition/Tomatoes/Tamotoes001343.png,tomatoes"
"TRAIN,gs://fruit-recognition/fruit-recognition/Tomatoes/Tamotoes001344.png,tomatoes"
"TRAIN,gs://fruit-recognition/fruit-recognition/Tomatoes/Tamotoes001345.png,tomatoes"
"TRAIN,gs://fruit-recognition/fruit-recognition/Tomatoes/Tamotoes001346.png,tomatoes"
"TRAIN,gs://fruit-recognition/fruit-recognition/Tomatoes/Tamotoes001347.png,tomatoes"
"TRAIN,gs://fruit-recognition/fruit-recognition/Tomatoes/Tamotoes001348.png,tomatoes"
"TRAIN,gs://fruit-recognition/fruit-recognition/Tomatoes/Tamotoes001349.png,tomatoes"
"TRAIN,gs://fruit-recognition/fruit-recognition/Tomatoes/Tamotoes00135.png,tomatoes"
"TRAIN,gs://fruit-recognition/fruit-recognition/Tomatoes/Tamotoes001350.png,tomatoes"
"TRAIN,gs://fruit-recognition/fruit-recognition/Tomatoes/Tamotoes001351.png,tomatoes"
"TRAIN,gs://fruit-recognition/fruit-recognition/Tomatoes/Tamotoes001352.png,tomatoes"
"TRAIN,gs://fruit-recognition/fruit-recognition/Tomatoes/Tamotoes001353.png,tomatoes"
"TRAIN,gs://fruit-recognition/fruit-recognition/Tomatoes/Tamotoes001354.png,tomatoes"
"TRAIN,gs://fruit-recognition/fruit-recognition/Tomatoes/Tamotoes001355.png,tomatoes"
"TRAIN,gs://fruit-recognition/fruit-recognition/Tomatoes/Tamotoes001356.png,tomatoes"
"TRAIN,gs://fruit-recognition/fruit-recognition/Tomatoes/Tamotoes001357.png,tomatoes"
"TRAIN,gs://fruit-recognition/fruit-recognition/Tomatoes/Tamotoes001358.png,tomatoes"
"TRAIN,gs://fruit-recognition/fruit-recognition/Tomatoes/Tamotoes001359.png,tomatoes"
"TRAIN,gs://fruit-recognition/fruit-recognition/Tomatoes/Tamotoes00136.png,tomatoes"
"TRAIN,gs://fruit-recognition/fruit-recognition/Tomatoes/Tamotoes001360.png,tomatoes"
"TRAIN,gs://fruit-recognition/fruit-recognition/Tomatoes/Tamotoes001361.png,tomatoes"
"TRAIN,gs://fruit-recognition/fruit-recognition/Tomatoes/Tamotoes001362.png,tomatoes"
"TRAIN,gs://fruit-recognition/fruit-recognition/Tomatoes/Tamotoes001363.png,tomatoes"
"TRAIN,gs://fruit-recognition/fruit-recognition/Tomatoes/Tamotoes001364.png,tomatoes"
"TRAIN,gs://fruit-recognition/fruit-recognition/Tomatoes/Tamotoes001365.png,tomatoes"
"TRAIN,gs://fruit-recognition/fruit-recognition/Tomatoes/Tamotoes001366.png,tomatoes"
"TRAIN,gs://fruit-recognition/fruit-recognition/Tomatoes/Tamotoes001367.png,tomatoes"
"TRAIN,gs://fruit-recognition/fruit-recognition/Tomatoes/Tamotoes001368.png,tomatoes"
"TRAIN,gs://fruit-recognition/fruit-recognition/Tomatoes/Tamotoes001369.png,tomatoes"
"TRAIN,gs://fruit-recognition/fruit-recognition/Tomatoes/Tamotoes00137.png,tomatoes"
"TRAIN,gs://fruit-recognition/fruit-recognition/Tomatoes/Tamotoes001370.png,tomatoes"
"TRAIN,gs://fruit-recognition/fruit-recognition/Tomatoes/Tamotoes001371.png,tomatoes"
"TRAIN,gs://fruit-recognition/fruit-recognition/Tomatoes/Tamotoes001372.png,tomatoes"
"TRAIN,gs://fruit-recognition/fruit-recognition/Tomatoes/Tamotoes001373.png,tomatoes"
"TRAIN,gs://fruit-recognition/fruit-recognition/Tomatoes/Tamotoes001374.png,tomatoes"
"TRAIN,gs://fruit-recognition/fruit-recognition/Tomatoes/Tamotoes001375.png,tomatoes"
"TRAIN,gs://fruit-recognition/fruit-recognition/Tomatoes/Tamotoes001376.png,tomatoes"
"TRAIN,gs://fruit-recognition/fruit-recognition/Tomatoes/Tamotoes001377.png,tomatoes"
"TRAIN,gs://fruit-recognition/fruit-recognition/Tomatoes/Tamotoes001378.png,tomatoes"
"TRAIN,gs://fruit-recognition/fruit-recognition/Tomatoes/Tamotoes001379.png,tomatoes"
"TRAIN,gs://fruit-recognition/fruit-recognition/Tomatoes/Tamotoes00138.png,tomatoes"
"TRAIN,gs://fruit-recognition/fruit-recognition/Tomatoes/Tamotoes001380.png,tomatoes"
"TRAIN,gs://fruit-recognition/fruit-recognition/Tomatoes/Tamotoes001381.png,tomatoes"
"TRAIN,gs://fruit-recognition/fruit-recognition/Tomatoes/Tamotoes001382.png,tomatoes"
"TRAIN,gs://fruit-recognition/fruit-recognition/Tomatoes/Tamotoes001383.png,tomatoes"
"TRAIN,gs://fruit-recognition/fruit-recognition/Tomatoes/Tamotoes001384.png,tomatoes"
"TRAIN,gs://fruit-recognition/fruit-recognition/Tomatoes/Tamotoes001385.png,tomatoes"
"TRAIN,gs://fruit-recognition/fruit-recognition/Tomatoes/Tamotoes001386.png,tomatoes"
"TRAIN,gs://fruit-recognition/fruit-recognition/Tomatoes/Tamotoes001387.png,tomatoes"
"TRAIN,gs://fruit-recognition/fruit-recognition/Tomatoes/Tamotoes001388.png,tomatoes"
"TRAIN,gs://fruit-recognition/fruit-recognition/Tomatoes/Tamotoes001389.png,tomatoes"
"TRAIN,gs://fruit-recognition/fruit-recognition/Tomatoes/Tamotoes00139.png,tomatoes"
"TRAIN,gs://fruit-recognition/fruit-recognition/Tomatoes/Tamotoes001390.png,tomatoes"
"TRAIN,gs://fruit-recognition/fruit-recognition/Tomatoes/Tamotoes001391.png,tomatoes"
"TRAIN,gs://fruit-recognition/fruit-recognition/Tomatoes/Tamotoes001392.png,tomatoes"
"TRAIN,gs://fruit-recognition/fruit-recognition/Tomatoes/Tamotoes001393.png,tomatoes"
"TRAIN,gs://fruit-recognition/fruit-recognition/Tomatoes/Tamotoes001394.png,tomatoes"
"TRAIN,gs://fruit-recognition/fruit-recognition/Tomatoes/Tamotoes001395.png,tomatoes"
"TRAIN,gs://fruit-recognition/fruit-recognition/Tomatoes/Tamotoes001396.png,tomatoes"
"TRAIN,gs://fruit-recognition/fruit-recognition/Tomatoes/Tamotoes001397.png,tomatoes"
"TRAIN,gs://fruit-recognition/fruit-recognition/Tomatoes/Tamotoes001398.png,tomatoes"
"TRAIN,gs://fruit-recognition/fruit-recognition/Tomatoes/Tamotoes001399.png,tomatoes"
"TRAIN,gs://fruit-recognition/fruit-recognition/Tomatoes/Tamotoes0014.png,tomatoes"
"TRAIN,gs://fruit-recognition/fruit-recognition/Tomatoes/Tamotoes00140.png,tomatoes"
"TRAIN,gs://fruit-recognition/fruit-recognition/Tomatoes/Tamotoes001400.png,tomatoes"
"TRAIN,gs://fruit-recognition/fruit-recognition/Tomatoes/Tamotoes001401.png,tomatoes"
"TRAIN,gs://fruit-recognition/fruit-recognition/Tomatoes/Tamotoes001402.png,tomatoes"
"TRAIN,gs://fruit-recognition/fruit-recognition/Tomatoes/Tamotoes001403.png,tomatoes"
"TRAIN,gs://fruit-recognition/fruit-recognition/Tomatoes/Tamotoes001404.png,tomatoes"
"TRAIN,gs://fruit-recognition/fruit-recognition/Tomatoes/Tamotoes001405.png,tomatoes"
"TRAIN,gs://fruit-recognition/fruit-recognition/Tomatoes/Tamotoes001406.png,tomatoes"
"TRAIN,gs://fruit-recognition/fruit-recognition/Tomatoes/Tamotoes001407.png,tomatoes"
"TRAIN,gs://fruit-recognition/fruit-recognition/Tomatoes/Tamotoes001408.png,tomatoes"
"TRAIN,gs://fruit-recognition/fruit-recognition/Tomatoes/Tamotoes001409.png,tomatoes"
"TRAIN,gs://fruit-recognition/fruit-recognition/Tomatoes/Tamotoes00141.png,tomatoes"
"TRAIN,gs://fruit-recognition/fruit-recognition/Tomatoes/Tamotoes001410.png,tomatoes"
"TRAIN,gs://fruit-recognition/fruit-recognition/Tomatoes/Tamotoes001411.png,tomatoes"
"TRAIN,gs://fruit-recognition/fruit-recognition/Tomatoes/Tamotoes001412.png,tomatoes"
"TRAIN,gs://fruit-recognition/fruit-recognition/Tomatoes/Tamotoes001413.png,tomatoes"
"TRAIN,gs://fruit-recognition/fruit-recognition/Tomatoes/Tamotoes001414.png,tomatoes"
"TRAIN,gs://fruit-recognition/fruit-recognition/Tomatoes/Tamotoes001415.png,tomatoes"
"TRAIN,gs://fruit-recognition/fruit-recognition/Tomatoes/Tamotoes001416.png,tomatoes"
"TRAIN,gs://fruit-recognition/fruit-recognition/Tomatoes/Tamotoes001417.png,tomatoes"
"TRAIN,gs://fruit-recognition/fruit-recognition/Tomatoes/Tamotoes001418.png,tomatoes"
"TRAIN,gs://fruit-recognition/fruit-recognition/Tomatoes/Tamotoes001419.png,tomatoes"
"TRAIN,gs://fruit-recognition/fruit-recognition/Tomatoes/Tamotoes00142.png,tomatoes"
"TRAIN,gs://fruit-recognition/fruit-recognition/Tomatoes/Tamotoes001420.png,tomatoes"
"TRAIN,gs://fruit-recognition/fruit-recognition/Tomatoes/Tamotoes001421.png,tomatoes"
"TRAIN,gs://fruit-recognition/fruit-recognition/Tomatoes/Tamotoes001422.png,tomatoes"
"TRAIN,gs://fruit-recognition/fruit-recognition/Tomatoes/Tamotoes001423.png,tomatoes"
"TRAIN,gs://fruit-recognition/fruit-recognition/Tomatoes/Tamotoes001424.png,tomatoes"
"TRAIN,gs://fruit-recognition/fruit-recognition/Tomatoes/Tamotoes001425.png,tomatoes"
"TRAIN,gs://fruit-recognition/fruit-recognition/Tomatoes/Tamotoes001426.png,tomatoes"
"TRAIN,gs://fruit-recognition/fruit-recognition/Tomatoes/Tamotoes001427.png,tomatoes"
"TRAIN,gs://fruit-recognition/fruit-recognition/Tomatoes/Tamotoes001428.png,tomatoes"
"TRAIN,gs://fruit-recognition/fruit-recognition/Tomatoes/Tamotoes001429.png,tomatoes"
"TRAIN,gs://fruit-recognition/fruit-recognition/Tomatoes/Tamotoes00143.png,tomatoes"
"TRAIN,gs://fruit-recognition/fruit-recognition/Tomatoes/Tamotoes001430.png,tomatoes"
"TRAIN,gs://fruit-recognition/fruit-recognition/Tomatoes/Tamotoes001431.png,tomatoes"
"TRAIN,gs://fruit-recognition/fruit-recognition/Tomatoes/Tamotoes001432.png,tomatoes"
"TRAIN,gs://fruit-recognition/fruit-recognition/Tomatoes/Tamotoes001433.png,tomatoes"
"TRAIN,gs://fruit-recognition/fruit-recognition/Tomatoes/Tamotoes001434.png,tomatoes"
"TRAIN,gs://fruit-recognition/fruit-recognition/Tomatoes/Tamotoes001435.png,tomatoes"
"TRAIN,gs://fruit-recognition/fruit-recognition/Tomatoes/Tamotoes001436.png,tomatoes"
"TRAIN,gs://fruit-recognition/fruit-recognition/Tomatoes/Tamotoes001437.png,tomatoes"
"TRAIN,gs://fruit-recognition/fruit-recognition/Tomatoes/Tamotoes001438.png,tomatoes"
"TRAIN,gs://fruit-recognition/fruit-recognition/Tomatoes/Tamotoes001439.png,tomatoes"
"TRAIN,gs://fruit-recognition/fruit-recognition/Tomatoes/Tamotoes00144.png,tomatoes"
"TRAIN,gs://fruit-recognition/fruit-recognition/Tomatoes/Tamotoes001440.png,tomatoes"
"TRAIN,gs://fruit-recognition/fruit-recognition/Tomatoes/Tamotoes001441.png,tomatoes"
"TRAIN,gs://fruit-recognition/fruit-recognition/Tomatoes/Tamotoes001442.png,tomatoes"
"TRAIN,gs://fruit-recognition/fruit-recognition/Tomatoes/Tamotoes001443.png,tomatoes"
"TRAIN,gs://fruit-recognition/fruit-recognition/Tomatoes/Tamotoes001444.png,tomatoes"
"TRAIN,gs://fruit-recognition/fruit-recognition/Tomatoes/Tamotoes001445.png,tomatoes"
"TRAIN,gs://fruit-recognition/fruit-recognition/Tomatoes/Tamotoes001446.png,tomatoes"
"TRAIN,gs://fruit-recognition/fruit-recognition/Tomatoes/Tamotoes001447.png,tomatoes"
"TRAIN,gs://fruit-recognition/fruit-recognition/Tomatoes/Tamotoes001448.png,tomatoes"
"TRAIN,gs://fruit-recognition/fruit-recognition/Tomatoes/Tamotoes001449.png,tomatoes"
"TRAIN,gs://fruit-recognition/fruit-recognition/Tomatoes/Tamotoes00145.png,tomatoes"
"TRAIN,gs://fruit-recognition/fruit-recognition/Tomatoes/Tamotoes001450.png,tomatoes"
"TRAIN,gs://fruit-recognition/fruit-recognition/Tomatoes/Tamotoes001451.png,tomatoes"
"TRAIN,gs://fruit-recognition/fruit-recognition/Tomatoes/Tamotoes001452.png,tomatoes"
"TRAIN,gs://fruit-recognition/fruit-recognition/Tomatoes/Tamotoes001453.png,tomatoes"
"TRAIN,gs://fruit-recognition/fruit-recognition/Tomatoes/Tamotoes001454.png,tomatoes"
"TRAIN,gs://fruit-recognition/fruit-recognition/Tomatoes/Tamotoes001455.png,tomatoes"
"TRAIN,gs://fruit-recognition/fruit-recognition/Tomatoes/Tamotoes001456.png,tomatoes"
"TRAIN,gs://fruit-recognition/fruit-recognition/Tomatoes/Tamotoes001457.png,tomatoes"
"TRAIN,gs://fruit-recognition/fruit-recognition/Tomatoes/Tamotoes001458.png,tomatoes"
"TRAIN,gs://fruit-recognition/fruit-recognition/Tomatoes/Tamotoes001459.png,tomatoes"
"TRAIN,gs://fruit-recognition/fruit-recognition/Tomatoes/Tamotoes00146.png,tomatoes"
"TRAIN,gs://fruit-recognition/fruit-recognition/Tomatoes/Tamotoes001460.png,tomatoes"
"TRAIN,gs://fruit-recognition/fruit-recognition/Tomatoes/Tamotoes001461.png,tomatoes"
"TRAIN,gs://fruit-recognition/fruit-recognition/Tomatoes/Tamotoes001462.png,tomatoes"
"TRAIN,gs://fruit-recognition/fruit-recognition/Tomatoes/Tamotoes001463.png,tomatoes"
"TRAIN,gs://fruit-recognition/fruit-recognition/Tomatoes/Tamotoes001464.png,tomatoes"
"TRAIN,gs://fruit-recognition/fruit-recognition/Tomatoes/Tamotoes001465.png,tomatoes"
"TRAIN,gs://fruit-recognition/fruit-recognition/Tomatoes/Tamotoes001466.png,tomatoes"
"TRAIN,gs://fruit-recognition/fruit-recognition/Tomatoes/Tamotoes001467.png,tomatoes"
"TRAIN,gs://fruit-recognition/fruit-recognition/Tomatoes/Tamotoes001468.png,tomatoes"
"TRAIN,gs://fruit-recognition/fruit-recognition/Tomatoes/Tamotoes001469.png,tomatoes"
"TRAIN,gs://fruit-recognition/fruit-recognition/Tomatoes/Tamotoes00147.png,tomatoes"
"TRAIN,gs://fruit-recognition/fruit-recognition/Tomatoes/Tamotoes001470.png,tomatoes"
"TRAIN,gs://fruit-recognition/fruit-recognition/Tomatoes/Tamotoes001471.png,tomatoes"
"TRAIN,gs://fruit-recognition/fruit-recognition/Tomatoes/Tamotoes001472.png,tomatoes"
"TRAIN,gs://fruit-recognition/fruit-recognition/Tomatoes/Tamotoes001473.png,tomatoes"
"TRAIN,gs://fruit-recognition/fruit-recognition/Tomatoes/Tamotoes001474.png,tomatoes"
"TRAIN,gs://fruit-recognition/fruit-recognition/Tomatoes/Tamotoes001475.png,tomatoes"
"TRAIN,gs://fruit-recognition/fruit-recognition/Tomatoes/Tamotoes001476.png,tomatoes"
"TRAIN,gs://fruit-recognition/fruit-recognition/Tomatoes/Tamotoes001477.png,tomatoes"
"TRAIN,gs://fruit-recognition/fruit-recognition/Tomatoes/Tamotoes001478.png,tomatoes"
"TRAIN,gs://fruit-recognition/fruit-recognition/Tomatoes/Tamotoes001479.png,tomatoes"
"TRAIN,gs://fruit-recognition/fruit-recognition/Tomatoes/Tamotoes00148.png,tomatoes"
"TRAIN,gs://fruit-recognition/fruit-recognition/Tomatoes/Tamotoes001480.png,tomatoes"
"TRAIN,gs://fruit-recognition/fruit-recognition/Tomatoes/Tamotoes001481.png,tomatoes"
"TRAIN,gs://fruit-recognition/fruit-recognition/Tomatoes/Tamotoes001482.png,tomatoes"
"TRAIN,gs://fruit-recognition/fruit-recognition/Tomatoes/Tamotoes001483.png,tomatoes"
"TRAIN,gs://fruit-recognition/fruit-recognition/Tomatoes/Tamotoes001484.png,tomatoes"
"TRAIN,gs://fruit-recognition/fruit-recognition/Tomatoes/Tamotoes001485.png,tomatoes"
"TRAIN,gs://fruit-recognition/fruit-recognition/Tomatoes/Tamotoes001486.png,tomatoes"
"TRAIN,gs://fruit-recognition/fruit-recognition/Tomatoes/Tamotoes001487.png,tomatoes"
"TRAIN,gs://fruit-recognition/fruit-recognition/Tomatoes/Tamotoes001488.png,tomatoes"
"TRAIN,gs://fruit-recognition/fruit-recognition/Tomatoes/Tamotoes001489.png,tomatoes"
"TRAIN,gs://fruit-recognition/fruit-recognition/Tomatoes/Tamotoes00149.png,tomatoes"
"TRAIN,gs://fruit-recognition/fruit-recognition/Tomatoes/Tamotoes001490.png,tomatoes"
"TRAIN,gs://fruit-recognition/fruit-recognition/Tomatoes/Tamotoes001491.png,tomatoes"
"TRAIN,gs://fruit-recognition/fruit-recognition/Tomatoes/Tamotoes001492.png,tomatoes"
"TRAIN,gs://fruit-recognition/fruit-recognition/Tomatoes/Tamotoes001493.png,tomatoes"
"TRAIN,gs://fruit-recognition/fruit-recognition/Tomatoes/Tamotoes001494.png,tomatoes"
"TRAIN,gs://fruit-recognition/fruit-recognition/Tomatoes/Tamotoes001495.png,tomatoes"
"TRAIN,gs://fruit-recognition/fruit-recognition/Tomatoes/Tamotoes001496.png,tomatoes"
"TRAIN,gs://fruit-recognition/fruit-recognition/Tomatoes/Tamotoes001497.png,tomatoes"
"TRAIN,gs://fruit-recognition/fruit-recognition/Tomatoes/Tamotoes001498.png,tomatoes"
"TRAIN,gs://fruit-recognition/fruit-recognition/Tomatoes/Tamotoes001499.png,tomatoes"
"TRAIN,gs://fruit-recognition/fruit-recognition/Tomatoes/Tamotoes0015.png,tomatoes"
"TRAIN,gs://fruit-recognition/fruit-recognition/Tomatoes/Tamotoes00150.png,tomatoes"
"TRAIN,gs://fruit-recognition/fruit-recognition/Tomatoes/Tamotoes001500.png,tomatoes"
"TRAIN,gs://fruit-recognition/fruit-recognition/Tomatoes/Tamotoes001501.png,tomatoes"
"TRAIN,gs://fruit-recognition/fruit-recognition/Tomatoes/Tamotoes001502.png,tomatoes"
"TRAIN,gs://fruit-recognition/fruit-recognition/Tomatoes/Tamotoes001503.png,tomatoes"
"TRAIN,gs://fruit-recognition/fruit-recognition/Tomatoes/Tamotoes001504.png,tomatoes"
"TRAIN,gs://fruit-recognition/fruit-recognition/Tomatoes/Tamotoes001505.png,tomatoes"
"TRAIN,gs://fruit-recognition/fruit-recognition/Tomatoes/Tamotoes001506.png,tomatoes"
"TRAIN,gs://fruit-recognition/fruit-recognition/Tomatoes/Tamotoes001507.png,tomatoes"
"TRAIN,gs://fruit-recognition/fruit-recognition/Tomatoes/Tamotoes001508.png,tomatoes"
"TRAIN,gs://fruit-recognition/fruit-recognition/Tomatoes/Tamotoes001509.png,tomatoes"
"TRAIN,gs://fruit-recognition/fruit-recognition/Tomatoes/Tamotoes00151.png,tomatoes"
"TRAIN,gs://fruit-recognition/fruit-recognition/Tomatoes/Tamotoes001510.png,tomatoes"
"TRAIN,gs://fruit-recognition/fruit-recognition/Tomatoes/Tamotoes001511.png,tomatoes"
"TRAIN,gs://fruit-recognition/fruit-recognition/Tomatoes/Tamotoes001512.png,tomatoes"
"TRAIN,gs://fruit-recognition/fruit-recognition/Tomatoes/Tamotoes001513.png,tomatoes"
"TRAIN,gs://fruit-recognition/fruit-recognition/Tomatoes/Tamotoes001514.png,tomatoes"
"TRAIN,gs://fruit-recognition/fruit-recognition/Tomatoes/Tamotoes001515.png,tomatoes"
"TRAIN,gs://fruit-recognition/fruit-recognition/Tomatoes/Tamotoes001516.png,tomatoes"
"TRAIN,gs://fruit-recognition/fruit-recognition/Tomatoes/Tamotoes001517.png,tomatoes"
"TRAIN,gs://fruit-recognition/fruit-recognition/Tomatoes/Tamotoes001518.png,tomatoes"
"TRAIN,gs://fruit-recognition/fruit-recognition/Tomatoes/Tamotoes001519.png,tomatoes"
"TRAIN,gs://fruit-recognition/fruit-recognition/Tomatoes/Tamotoes00152.png,tomatoes"
"TRAIN,gs://fruit-recognition/fruit-recognition/Tomatoes/Tamotoes001520.png,tomatoes"
"TRAIN,gs://fruit-recognition/fruit-recognition/Tomatoes/Tamotoes001521.png,tomatoes"
"TRAIN,gs://fruit-recognition/fruit-recognition/Tomatoes/Tamotoes001522.png,tomatoes"
"TRAIN,gs://fruit-recognition/fruit-recognition/Tomatoes/Tamotoes001523.png,tomatoes"
"TRAIN,gs://fruit-recognition/fruit-recognition/Tomatoes/Tamotoes001524.png,tomatoes"
"TRAIN,gs://fruit-recognition/fruit-recognition/Tomatoes/Tamotoes001525.png,tomatoes"
"TRAIN,gs://fruit-recognition/fruit-recognition/Tomatoes/Tamotoes001526.png,tomatoes"
"TRAIN,gs://fruit-recognition/fruit-recognition/Tomatoes/Tamotoes001527.png,tomatoes"
"TRAIN,gs://fruit-recognition/fruit-recognition/Tomatoes/Tamotoes001528.png,tomatoes"
"TRAIN,gs://fruit-recognition/fruit-recognition/Tomatoes/Tamotoes001529.png,tomatoes"
"TRAIN,gs://fruit-recognition/fruit-recognition/Tomatoes/Tamotoes00153.png,tomatoes"
"TRAIN,gs://fruit-recognition/fruit-recognition/Tomatoes/Tamotoes001530.png,tomatoes"
"TRAIN,gs://fruit-recognition/fruit-recognition/Tomatoes/Tamotoes001531.png,tomatoes"
"TRAIN,gs://fruit-recognition/fruit-recognition/Tomatoes/Tamotoes001532.png,tomatoes"
"TRAIN,gs://fruit-recognition/fruit-recognition/Tomatoes/Tamotoes001533.png,tomatoes"
"TRAIN,gs://fruit-recognition/fruit-recognition/Tomatoes/Tamotoes001534.png,tomatoes"
"TRAIN,gs://fruit-recognition/fruit-recognition/Tomatoes/Tamotoes001535.png,tomatoes"
"TRAIN,gs://fruit-recognition/fruit-recognition/Tomatoes/Tamotoes001536.png,tomatoes"
"TRAIN,gs://fruit-recognition/fruit-recognition/Tomatoes/Tamotoes001537.png,tomatoes"
"TRAIN,gs://fruit-recognition/fruit-recognition/Tomatoes/Tamotoes001538.png,tomatoes"
"TRAIN,gs://fruit-recognition/fruit-recognition/Tomatoes/Tamotoes001539.png,tomatoes"
"TRAIN,gs://fruit-recognition/fruit-recognition/Tomatoes/Tamotoes00154.png,tomatoes"
"TRAIN,gs://fruit-recognition/fruit-recognition/Tomatoes/Tamotoes001540.png,tomatoes"
"TRAIN,gs://fruit-recognition/fruit-recognition/Tomatoes/Tamotoes001541.png,tomatoes"
"TRAIN,gs://fruit-recognition/fruit-recognition/Tomatoes/Tamotoes001542.png,tomatoes"
"TRAIN,gs://fruit-recognition/fruit-recognition/Tomatoes/Tamotoes001543.png,tomatoes"
"TRAIN,gs://fruit-recognition/fruit-recognition/Tomatoes/Tamotoes001544.png,tomatoes"
"TRAIN,gs://fruit-recognition/fruit-recognition/Tomatoes/Tamotoes001545.png,tomatoes"
"TRAIN,gs://fruit-recognition/fruit-recognition/Tomatoes/Tamotoes001546.png,tomatoes"
"TRAIN,gs://fruit-recognition/fruit-recognition/Tomatoes/Tamotoes001547.png,tomatoes"
"TRAIN,gs://fruit-recognition/fruit-recognition/Tomatoes/Tamotoes001548.png,tomatoes"
"TRAIN,gs://fruit-recognition/fruit-recognition/Tomatoes/Tamotoes001549.png,tomatoes"
"TRAIN,gs://fruit-recognition/fruit-recognition/Tomatoes/Tamotoes00155.png,tomatoes"
"TRAIN,gs://fruit-recognition/fruit-recognition/Tomatoes/Tamotoes001550.png,tomatoes"
"TRAIN,gs://fruit-recognition/fruit-recognition/Tomatoes/Tamotoes001551.png,tomatoes"
"TRAIN,gs://fruit-recognition/fruit-recognition/Tomatoes/Tamotoes001552.png,tomatoes"
"TRAIN,gs://fruit-recognition/fruit-recognition/Tomatoes/Tamotoes001553.png,tomatoes"
"TRAIN,gs://fruit-recognition/fruit-recognition/Tomatoes/Tamotoes001554.png,tomatoes"
"TRAIN,gs://fruit-recognition/fruit-recognition/Tomatoes/Tamotoes001555.png,tomatoes"
"TRAIN,gs://fruit-recognition/fruit-recognition/Tomatoes/Tamotoes001556.png,tomatoes"
"TRAIN,gs://fruit-recognition/fruit-recognition/Tomatoes/Tamotoes001557.png,tomatoes"
"TRAIN,gs://fruit-recognition/fruit-recognition/Tomatoes/Tamotoes001558.png,tomatoes"
"TRAIN,gs://fruit-recognition/fruit-recognition/Tomatoes/Tamotoes001559.png,tomatoes"
"TRAIN,gs://fruit-recognition/fruit-recognition/Tomatoes/Tamotoes00156.png,tomatoes"
"TRAIN,gs://fruit-recognition/fruit-recognition/Tomatoes/Tamotoes001560.png,tomatoes"
"TRAIN,gs://fruit-recognition/fruit-recognition/Tomatoes/Tamotoes001561.png,tomatoes"
"TRAIN,gs://fruit-recognition/fruit-recognition/Tomatoes/Tamotoes001562.png,tomatoes"
"TRAIN,gs://fruit-recognition/fruit-recognition/Tomatoes/Tamotoes001563.png,tomatoes"
"TRAIN,gs://fruit-recognition/fruit-recognition/Tomatoes/Tamotoes001564.png,tomatoes"
"TRAIN,gs://fruit-recognition/fruit-recognition/Tomatoes/Tamotoes001565.png,tomatoes"
"TRAIN,gs://fruit-recognition/fruit-recognition/Tomatoes/Tamotoes001566.png,tomatoes"
"TRAIN,gs://fruit-recognition/fruit-recognition/Tomatoes/Tamotoes001567.png,tomatoes"
"TRAIN,gs://fruit-recognition/fruit-recognition/Tomatoes/Tamotoes001568.png,tomatoes"
"TRAIN,gs://fruit-recognition/fruit-recognition/Tomatoes/Tamotoes001569.png,tomatoes"
"TRAIN,gs://fruit-recognition/fruit-recognition/Tomatoes/Tamotoes00157.png,tomatoes"
"TRAIN,gs://fruit-recognition/fruit-recognition/Tomatoes/Tamotoes001570.png,tomatoes"
"TRAIN,gs://fruit-recognition/fruit-recognition/Tomatoes/Tamotoes001571.png,tomatoes"
"TRAIN,gs://fruit-recognition/fruit-recognition/Tomatoes/Tamotoes001572.png,tomatoes"
"TRAIN,gs://fruit-recognition/fruit-recognition/Tomatoes/Tamotoes001573.png,tomatoes"
"TRAIN,gs://fruit-recognition/fruit-recognition/Tomatoes/Tamotoes001574.png,tomatoes"
"TRAIN,gs://fruit-recognition/fruit-recognition/Tomatoes/Tamotoes001575.png,tomatoes"
"TRAIN,gs://fruit-recognition/fruit-recognition/Tomatoes/Tamotoes001576.png,tomatoes"
"TRAIN,gs://fruit-recognition/fruit-recognition/Tomatoes/Tamotoes001577.png,tomatoes"
"TRAIN,gs://fruit-recognition/fruit-recognition/Tomatoes/Tamotoes001578.png,tomatoes"
"TRAIN,gs://fruit-recognition/fruit-recognition/Tomatoes/Tamotoes001579.png,tomatoes"
"TRAIN,gs://fruit-recognition/fruit-recognition/Tomatoes/Tamotoes00158.png,tomatoes"
"TRAIN,gs://fruit-recognition/fruit-recognition/Tomatoes/Tamotoes001580.png,tomatoes"
"TRAIN,gs://fruit-recognition/fruit-recognition/Tomatoes/Tamotoes001581.png,tomatoes"
"TRAIN,gs://fruit-recognition/fruit-recognition/Tomatoes/Tamotoes001582.png,tomatoes"
"TRAIN,gs://fruit-recognition/fruit-recognition/Tomatoes/Tamotoes001583.png,tomatoes"
"TRAIN,gs://fruit-recognition/fruit-recognition/Tomatoes/Tamotoes001584.png,tomatoes"
"TRAIN,gs://fruit-recognition/fruit-recognition/Tomatoes/Tamotoes001585.png,tomatoes"
"TRAIN,gs://fruit-recognition/fruit-recognition/Tomatoes/Tamotoes001586.png,tomatoes"
"TRAIN,gs://fruit-recognition/fruit-recognition/Tomatoes/Tamotoes001587.png,tomatoes"
"TRAIN,gs://fruit-recognition/fruit-recognition/Tomatoes/Tamotoes001588.png,tomatoes"
"TRAIN,gs://fruit-recognition/fruit-recognition/Tomatoes/Tamotoes001589.png,tomatoes"
"TRAIN,gs://fruit-recognition/fruit-recognition/Tomatoes/Tamotoes00159.png,tomatoes"
"TRAIN,gs://fruit-recognition/fruit-recognition/Tomatoes/Tamotoes001590.png,tomatoes"
"TRAIN,gs://fruit-recognition/fruit-recognition/Tomatoes/Tamotoes001591.png,tomatoes"
"TRAIN,gs://fruit-recognition/fruit-recognition/Tomatoes/Tamotoes001592.png,tomatoes"
"TRAIN,gs://fruit-recognition/fruit-recognition/Tomatoes/Tamotoes001593.png,tomatoes"
"TRAIN,gs://fruit-recognition/fruit-recognition/Tomatoes/Tamotoes001594.png,tomatoes"
"TRAIN,gs://fruit-recognition/fruit-recognition/Tomatoes/Tamotoes001595.png,tomatoes"
"TRAIN,gs://fruit-recognition/fruit-recognition/Tomatoes/Tamotoes001596.png,tomatoes"
"TRAIN,gs://fruit-recognition/fruit-recognition/Tomatoes/Tamotoes001597.png,tomatoes"
"TRAIN,gs://fruit-recognition/fruit-recognition/Tomatoes/Tamotoes001598.png,tomatoes"
"TRAIN,gs://fruit-recognition/fruit-recognition/Tomatoes/Tamotoes001599.png,tomatoes"
"TRAIN,gs://fruit-recognition/fruit-recognition/Tomatoes/Tamotoes0016.png,tomatoes"
"TRAIN,gs://fruit-recognition/fruit-recognition/Tomatoes/Tamotoes00160.png,tomatoes"
"TRAIN,gs://fruit-recognition/fruit-recognition/Tomatoes/Tamotoes001600.png,tomatoes"
"TRAIN,gs://fruit-recognition/fruit-recognition/Tomatoes/Tamotoes001601.png,tomatoes"
"TRAIN,gs://fruit-recognition/fruit-recognition/Tomatoes/Tamotoes001602.png,tomatoes"
"TRAIN,gs://fruit-recognition/fruit-recognition/Tomatoes/Tamotoes001603.png,tomatoes"
"TRAIN,gs://fruit-recognition/fruit-recognition/Tomatoes/Tamotoes001604.png,tomatoes"
"TRAIN,gs://fruit-recognition/fruit-recognition/Tomatoes/Tamotoes001605.png,tomatoes"
"TRAIN,gs://fruit-recognition/fruit-recognition/Tomatoes/Tamotoes001606.png,tomatoes"
"TRAIN,gs://fruit-recognition/fruit-recognition/Tomatoes/Tamotoes001607.png,tomatoes"
"TRAIN,gs://fruit-recognition/fruit-recognition/Tomatoes/Tamotoes001608.png,tomatoes"
"TRAIN,gs://fruit-recognition/fruit-recognition/Tomatoes/Tamotoes001609.png,tomatoes"
"TRAIN,gs://fruit-recognition/fruit-recognition/Tomatoes/Tamotoes00161.png,tomatoes"
"TRAIN,gs://fruit-recognition/fruit-recognition/Tomatoes/Tamotoes001610.png,tomatoes"
"TRAIN,gs://fruit-recognition/fruit-recognition/Tomatoes/Tamotoes001611.png,tomatoes"
"TRAIN,gs://fruit-recognition/fruit-recognition/Tomatoes/Tamotoes001612.png,tomatoes"
"TRAIN,gs://fruit-recognition/fruit-recognition/Tomatoes/Tamotoes001613.png,tomatoes"
"TRAIN,gs://fruit-recognition/fruit-recognition/Tomatoes/Tamotoes001614.png,tomatoes"
"TRAIN,gs://fruit-recognition/fruit-recognition/Tomatoes/Tamotoes001615.png,tomatoes"
"TRAIN,gs://fruit-recognition/fruit-recognition/Tomatoes/Tamotoes001616.png,tomatoes"
"TRAIN,gs://fruit-recognition/fruit-recognition/Tomatoes/Tamotoes001617.png,tomatoes"
"TRAIN,gs://fruit-recognition/fruit-recognition/Tomatoes/Tamotoes001618.png,tomatoes"
"TRAIN,gs://fruit-recognition/fruit-recognition/Tomatoes/Tamotoes001619.png,tomatoes"
"TRAIN,gs://fruit-recognition/fruit-recognition/Tomatoes/Tamotoes00162.png,tomatoes"
"TRAIN,gs://fruit-recognition/fruit-recognition/Tomatoes/Tamotoes001620.png,tomatoes"
"TRAIN,gs://fruit-recognition/fruit-recognition/Tomatoes/Tamotoes001621.png,tomatoes"
"TRAIN,gs://fruit-recognition/fruit-recognition/Tomatoes/Tamotoes001622.png,tomatoes"
"TRAIN,gs://fruit-recognition/fruit-recognition/Tomatoes/Tamotoes001623.png,tomatoes"
"TRAIN,gs://fruit-recognition/fruit-recognition/Tomatoes/Tamotoes001624.png,tomatoes"
"TRAIN,gs://fruit-recognition/fruit-recognition/Tomatoes/Tamotoes001625.png,tomatoes"
"TRAIN,gs://fruit-recognition/fruit-recognition/Tomatoes/Tamotoes001626.png,tomatoes"
"TRAIN,gs://fruit-recognition/fruit-recognition/Tomatoes/Tamotoes001627.png,tomatoes"
"TRAIN,gs://fruit-recognition/fruit-recognition/Tomatoes/Tamotoes001628.png,tomatoes"
"TRAIN,gs://fruit-recognition/fruit-recognition/Tomatoes/Tamotoes001629.png,tomatoes"
"TRAIN,gs://fruit-recognition/fruit-recognition/Tomatoes/Tamotoes00163.png,tomatoes"
"TRAIN,gs://fruit-recognition/fruit-recognition/Tomatoes/Tamotoes001630.png,tomatoes"
"TRAIN,gs://fruit-recognition/fruit-recognition/Tomatoes/Tamotoes001631.png,tomatoes"
"TRAIN,gs://fruit-recognition/fruit-recognition/Tomatoes/Tamotoes001632.png,tomatoes"
"TRAIN,gs://fruit-recognition/fruit-recognition/Tomatoes/Tamotoes001633.png,tomatoes"
"TRAIN,gs://fruit-recognition/fruit-recognition/Tomatoes/Tamotoes001634.png,tomatoes"
"TRAIN,gs://fruit-recognition/fruit-recognition/Tomatoes/Tamotoes001635.png,tomatoes"
"TRAIN,gs://fruit-recognition/fruit-recognition/Tomatoes/Tamotoes001636.png,tomatoes"
"TRAIN,gs://fruit-recognition/fruit-recognition/Tomatoes/Tamotoes001637.png,tomatoes"
"TRAIN,gs://fruit-recognition/fruit-recognition/Tomatoes/Tamotoes001638.png,tomatoes"
"TRAIN,gs://fruit-recognition/fruit-recognition/Tomatoes/Tamotoes001639.png,tomatoes"
"TRAIN,gs://fruit-recognition/fruit-recognition/Tomatoes/Tamotoes00164.png,tomatoes"
"TRAIN,gs://fruit-recognition/fruit-recognition/Tomatoes/Tamotoes001640.png,tomatoes"
"TRAIN,gs://fruit-recognition/fruit-recognition/Tomatoes/Tamotoes001641.png,tomatoes"
"TRAIN,gs://fruit-recognition/fruit-recognition/Tomatoes/Tamotoes001642.png,tomatoes"
"TRAIN,gs://fruit-recognition/fruit-recognition/Tomatoes/Tamotoes001643.png,tomatoes"
"TRAIN,gs://fruit-recognition/fruit-recognition/Tomatoes/Tamotoes001644.png,tomatoes"
"TRAIN,gs://fruit-recognition/fruit-recognition/Tomatoes/Tamotoes001645.png,tomatoes"
"TRAIN,gs://fruit-recognition/fruit-recognition/Tomatoes/Tamotoes001646.png,tomatoes"
"TRAIN,gs://fruit-recognition/fruit-recognition/Tomatoes/Tamotoes001647.png,tomatoes"
"TRAIN,gs://fruit-recognition/fruit-recognition/Tomatoes/Tamotoes001648.png,tomatoes"
"TRAIN,gs://fruit-recognition/fruit-recognition/Tomatoes/Tamotoes001649.png,tomatoes"
"TRAIN,gs://fruit-recognition/fruit-recognition/Tomatoes/Tamotoes00165.png,tomatoes"
"TRAIN,gs://fruit-recognition/fruit-recognition/Tomatoes/Tamotoes001650.png,tomatoes"
"TRAIN,gs://fruit-recognition/fruit-recognition/Tomatoes/Tamotoes001651.png,tomatoes"
"TRAIN,gs://fruit-recognition/fruit-recognition/Tomatoes/Tamotoes001652.png,tomatoes"
"TRAIN,gs://fruit-recognition/fruit-recognition/Tomatoes/Tamotoes001653.png,tomatoes"
"TRAIN,gs://fruit-recognition/fruit-recognition/Tomatoes/Tamotoes001654.png,tomatoes"
"TRAIN,gs://fruit-recognition/fruit-recognition/Tomatoes/Tamotoes001655.png,tomatoes"
"TRAIN,gs://fruit-recognition/fruit-recognition/Tomatoes/Tamotoes001656.png,tomatoes"
"TRAIN,gs://fruit-recognition/fruit-recognition/Tomatoes/Tamotoes001657.png,tomatoes"
"TRAIN,gs://fruit-recognition/fruit-recognition/Tomatoes/Tamotoes001658.png,tomatoes"
"TRAIN,gs://fruit-recognition/fruit-recognition/Tomatoes/Tamotoes001659.png,tomatoes"
"TRAIN,gs://fruit-recognition/fruit-recognition/Tomatoes/Tamotoes00166.png,tomatoes"
"TRAIN,gs://fruit-recognition/fruit-recognition/Tomatoes/Tamotoes001660.png,tomatoes"
"TRAIN,gs://fruit-recognition/fruit-recognition/Tomatoes/Tamotoes001661.png,tomatoes"
"TRAIN,gs://fruit-recognition/fruit-recognition/Tomatoes/Tamotoes001662.png,tomatoes"
"TRAIN,gs://fruit-recognition/fruit-recognition/Tomatoes/Tamotoes001663.png,tomatoes"
"TRAIN,gs://fruit-recognition/fruit-recognition/Tomatoes/Tamotoes001664.png,tomatoes"
"TRAIN,gs://fruit-recognition/fruit-recognition/Tomatoes/Tamotoes001665.png,tomatoes"
"TRAIN,gs://fruit-recognition/fruit-recognition/Tomatoes/Tamotoes001666.png,tomatoes"
"TRAIN,gs://fruit-recognition/fruit-recognition/Tomatoes/Tamotoes001667.png,tomatoes"
"TRAIN,gs://fruit-recognition/fruit-recognition/Tomatoes/Tamotoes001668.png,tomatoes"
"TRAIN,gs://fruit-recognition/fruit-recognition/Tomatoes/Tamotoes001669.png,tomatoes"
"TRAIN,gs://fruit-recognition/fruit-recognition/Tomatoes/Tamotoes00167.png,tomatoes"
"TRAIN,gs://fruit-recognition/fruit-recognition/Tomatoes/Tamotoes001670.png,tomatoes"
"TRAIN,gs://fruit-recognition/fruit-recognition/Tomatoes/Tamotoes001671.png,tomatoes"
"TRAIN,gs://fruit-recognition/fruit-recognition/Tomatoes/Tamotoes001672.png,tomatoes"
"TRAIN,gs://fruit-recognition/fruit-recognition/Tomatoes/Tamotoes001673.png,tomatoes"
"TRAIN,gs://fruit-recognition/fruit-recognition/Tomatoes/Tamotoes001674.png,tomatoes"
"TRAIN,gs://fruit-recognition/fruit-recognition/Tomatoes/Tamotoes001675.png,tomatoes"
"TRAIN,gs://fruit-recognition/fruit-recognition/Tomatoes/Tamotoes001676.png,tomatoes"
"TRAIN,gs://fruit-recognition/fruit-recognition/Tomatoes/Tamotoes001677.png,tomatoes"
"TRAIN,gs://fruit-recognition/fruit-recognition/Tomatoes/Tamotoes001678.png,tomatoes"
"TRAIN,gs://fruit-recognition/fruit-recognition/Tomatoes/Tamotoes001679.png,tomatoes"
"TRAIN,gs://fruit-recognition/fruit-recognition/Tomatoes/Tamotoes00168.png,tomatoes"
"TRAIN,gs://fruit-recognition/fruit-recognition/Tomatoes/Tamotoes001680.png,tomatoes"
"TRAIN,gs://fruit-recognition/fruit-recognition/Tomatoes/Tamotoes001681.png,tomatoes"
"TRAIN,gs://fruit-recognition/fruit-recognition/Tomatoes/Tamotoes001682.png,tomatoes"
"TRAIN,gs://fruit-recognition/fruit-recognition/Tomatoes/Tamotoes001683.png,tomatoes"
"TRAIN,gs://fruit-recognition/fruit-recognition/Tomatoes/Tamotoes001684.png,tomatoes"
"TRAIN,gs://fruit-recognition/fruit-recognition/Tomatoes/Tamotoes001685.png,tomatoes"
"TRAIN,gs://fruit-recognition/fruit-recognition/Tomatoes/Tamotoes001686.png,tomatoes"
"TRAIN,gs://fruit-recognition/fruit-recognition/Tomatoes/Tamotoes001687.png,tomatoes"
"TRAIN,gs://fruit-recognition/fruit-recognition/Tomatoes/Tamotoes001688.png,tomatoes"
"TRAIN,gs://fruit-recognition/fruit-recognition/Tomatoes/Tamotoes001689.png,tomatoes"
"TRAIN,gs://fruit-recognition/fruit-recognition/Tomatoes/Tamotoes00169.png,tomatoes"
"TRAIN,gs://fruit-recognition/fruit-recognition/Tomatoes/Tamotoes001690.png,tomatoes"
"TRAIN,gs://fruit-recognition/fruit-recognition/Tomatoes/Tamotoes001691.png,tomatoes"
"TRAIN,gs://fruit-recognition/fruit-recognition/Tomatoes/Tamotoes001692.png,tomatoes"
"TRAIN,gs://fruit-recognition/fruit-recognition/Tomatoes/Tamotoes001693.png,tomatoes"
"TRAIN,gs://fruit-recognition/fruit-recognition/Tomatoes/Tamotoes001694.png,tomatoes"
"TRAIN,gs://fruit-recognition/fruit-recognition/Tomatoes/Tamotoes001695.png,tomatoes"
"TRAIN,gs://fruit-recognition/fruit-recognition/Tomatoes/Tamotoes001696.png,tomatoes"
"TRAIN,gs://fruit-recognition/fruit-recognition/Tomatoes/Tamotoes001697.png,tomatoes"
"TRAIN,gs://fruit-recognition/fruit-recognition/Tomatoes/Tamotoes001698.png,tomatoes"
"TRAIN,gs://fruit-recognition/fruit-recognition/Tomatoes/Tamotoes001699.png,tomatoes"
"TRAIN,gs://fruit-recognition/fruit-recognition/Tomatoes/Tamotoes0017.png,tomatoes"
"TRAIN,gs://fruit-recognition/fruit-recognition/Tomatoes/Tamotoes00170.png,tomatoes"
"TRAIN,gs://fruit-recognition/fruit-recognition/Tomatoes/Tamotoes001700.png,tomatoes"
"TRAIN,gs://fruit-recognition/fruit-recognition/Tomatoes/Tamotoes001701.png,tomatoes"
"TRAIN,gs://fruit-recognition/fruit-recognition/Tomatoes/Tamotoes001702.png,tomatoes"
"TRAIN,gs://fruit-recognition/fruit-recognition/Tomatoes/Tamotoes001703.png,tomatoes"
"TRAIN,gs://fruit-recognition/fruit-recognition/Tomatoes/Tamotoes001704.png,tomatoes"
"TRAIN,gs://fruit-recognition/fruit-recognition/Tomatoes/Tamotoes001705.png,tomatoes"
"TRAIN,gs://fruit-recognition/fruit-recognition/Tomatoes/Tamotoes001706.png,tomatoes"
"TRAIN,gs://fruit-recognition/fruit-recognition/Tomatoes/Tamotoes001707.png,tomatoes"
"TRAIN,gs://fruit-recognition/fruit-recognition/Tomatoes/Tamotoes001708.png,tomatoes"
"TRAIN,gs://fruit-recognition/fruit-recognition/Tomatoes/Tamotoes001709.png,tomatoes"
"TRAIN,gs://fruit-recognition/fruit-recognition/Tomatoes/Tamotoes00171.png,tomatoes"
"TRAIN,gs://fruit-recognition/fruit-recognition/Tomatoes/Tamotoes001710.png,tomatoes"
"TRAIN,gs://fruit-recognition/fruit-recognition/Tomatoes/Tamotoes001711.png,tomatoes"
"TRAIN,gs://fruit-recognition/fruit-recognition/Tomatoes/Tamotoes001712.png,tomatoes"
"TRAIN,gs://fruit-recognition/fruit-recognition/Tomatoes/Tamotoes001713.png,tomatoes"
"TRAIN,gs://fruit-recognition/fruit-recognition/Tomatoes/Tamotoes001714.png,tomatoes"
"TRAIN,gs://fruit-recognition/fruit-recognition/Tomatoes/Tamotoes001715.png,tomatoes"
"TRAIN,gs://fruit-recognition/fruit-recognition/Tomatoes/Tamotoes001716.png,tomatoes"
"TRAIN,gs://fruit-recognition/fruit-recognition/Tomatoes/Tamotoes001717.png,tomatoes"
"TRAIN,gs://fruit-recognition/fruit-recognition/Tomatoes/Tamotoes001718.png,tomatoes"
"TRAIN,gs://fruit-recognition/fruit-recognition/Tomatoes/Tamotoes001719.png,tomatoes"
"TRAIN,gs://fruit-recognition/fruit-recognition/Tomatoes/Tamotoes00172.png,tomatoes"
"TRAIN,gs://fruit-recognition/fruit-recognition/Tomatoes/Tamotoes001720.png,tomatoes"
"TRAIN,gs://fruit-recognition/fruit-recognition/Tomatoes/Tamotoes001721.png,tomatoes"
"TRAIN,gs://fruit-recognition/fruit-recognition/Tomatoes/Tamotoes001722.png,tomatoes"
"TRAIN,gs://fruit-recognition/fruit-recognition/Tomatoes/Tamotoes001723.png,tomatoes"
"TRAIN,gs://fruit-recognition/fruit-recognition/Tomatoes/Tamotoes001724.png,tomatoes"
"TRAIN,gs://fruit-recognition/fruit-recognition/Tomatoes/Tamotoes001725.png,tomatoes"
"TRAIN,gs://fruit-recognition/fruit-recognition/Tomatoes/Tamotoes001726.png,tomatoes"
"TRAIN,gs://fruit-recognition/fruit-recognition/Tomatoes/Tamotoes001727.png,tomatoes"
"TRAIN,gs://fruit-recognition/fruit-recognition/Tomatoes/Tamotoes001728.png,tomatoes"
"TRAIN,gs://fruit-recognition/fruit-recognition/Tomatoes/Tamotoes001729.png,tomatoes"
"TRAIN,gs://fruit-recognition/fruit-recognition/Tomatoes/Tamotoes00173.png,tomatoes"
"TRAIN,gs://fruit-recognition/fruit-recognition/Tomatoes/Tamotoes001730.png,tomatoes"
"TRAIN,gs://fruit-recognition/fruit-recognition/Tomatoes/Tamotoes001731.png,tomatoes"
"TRAIN,gs://fruit-recognition/fruit-recognition/Tomatoes/Tamotoes001732.png,tomatoes"
"TRAIN,gs://fruit-recognition/fruit-recognition/Tomatoes/Tamotoes001733.png,tomatoes"
"TRAIN,gs://fruit-recognition/fruit-recognition/Tomatoes/Tamotoes001734.png,tomatoes"
"TRAIN,gs://fruit-recognition/fruit-recognition/Tomatoes/Tamotoes001735.png,tomatoes"
"TRAIN,gs://fruit-recognition/fruit-recognition/Tomatoes/Tamotoes001736.png,tomatoes"
"TRAIN,gs://fruit-recognition/fruit-recognition/Tomatoes/Tamotoes001737.png,tomatoes"
"TRAIN,gs://fruit-recognition/fruit-recognition/Tomatoes/Tamotoes001738.png,tomatoes"
"TRAIN,gs://fruit-recognition/fruit-recognition/Tomatoes/Tamotoes001739.png,tomatoes"
"TRAIN,gs://fruit-recognition/fruit-recognition/Tomatoes/Tamotoes00174.png,tomatoes"
"TRAIN,gs://fruit-recognition/fruit-recognition/Tomatoes/Tamotoes001740.png,tomatoes"
"TRAIN,gs://fruit-recognition/fruit-recognition/Tomatoes/Tamotoes001741.png,tomatoes"
"TRAIN,gs://fruit-recognition/fruit-recognition/Tomatoes/Tamotoes001742.png,tomatoes"
"TRAIN,gs://fruit-recognition/fruit-recognition/Tomatoes/Tamotoes001743.png,tomatoes"
"TRAIN,gs://fruit-recognition/fruit-recognition/Tomatoes/Tamotoes001744.png,tomatoes"
"TRAIN,gs://fruit-recognition/fruit-recognition/Tomatoes/Tamotoes001745.png,tomatoes"
"TRAIN,gs://fruit-recognition/fruit-recognition/Tomatoes/Tamotoes001746.png,tomatoes"
"TRAIN,gs://fruit-recognition/fruit-recognition/Tomatoes/Tamotoes001747.png,tomatoes"
"TRAIN,gs://fruit-recognition/fruit-recognition/Tomatoes/Tamotoes001748.png,tomatoes"
"TRAIN,gs://fruit-recognition/fruit-recognition/Tomatoes/Tamotoes001749.png,tomatoes"
"TRAIN,gs://fruit-recognition/fruit-recognition/Tomatoes/Tamotoes00175.png,tomatoes"
"TRAIN,gs://fruit-recognition/fruit-recognition/Tomatoes/Tamotoes001750.png,tomatoes"
"TRAIN,gs://fruit-recognition/fruit-recognition/Tomatoes/Tamotoes001751.png,tomatoes"
"TRAIN,gs://fruit-recognition/fruit-recognition/Tomatoes/Tamotoes001752.png,tomatoes"
"TRAIN,gs://fruit-recognition/fruit-recognition/Tomatoes/Tamotoes001753.png,tomatoes"
"TRAIN,gs://fruit-recognition/fruit-recognition/Tomatoes/Tamotoes001754.png,tomatoes"
"TRAIN,gs://fruit-recognition/fruit-recognition/Tomatoes/Tamotoes001755.png,tomatoes"
"TRAIN,gs://fruit-recognition/fruit-recognition/Tomatoes/Tamotoes001756.png,tomatoes"
"TRAIN,gs://fruit-recognition/fruit-recognition/Tomatoes/Tamotoes001757.png,tomatoes"
"TRAIN,gs://fruit-recognition/fruit-recognition/Tomatoes/Tamotoes001758.png,tomatoes"
"TRAIN,gs://fruit-recognition/fruit-recognition/Tomatoes/Tamotoes001759.png,tomatoes"
"TRAIN,gs://fruit-recognition/fruit-recognition/Tomatoes/Tamotoes00176.png,tomatoes"
"TRAIN,gs://fruit-recognition/fruit-recognition/Tomatoes/Tamotoes001760.png,tomatoes"
"TRAIN,gs://fruit-recognition/fruit-recognition/Tomatoes/Tamotoes001761.png,tomatoes"
"TRAIN,gs://fruit-recognition/fruit-recognition/Tomatoes/Tamotoes001762.png,tomatoes"
"TRAIN,gs://fruit-recognition/fruit-recognition/Tomatoes/Tamotoes001763.png,tomatoes"
"TRAIN,gs://fruit-recognition/fruit-recognition/Tomatoes/Tamotoes001764.png,tomatoes"
"TRAIN,gs://fruit-recognition/fruit-recognition/Tomatoes/Tamotoes001765.png,tomatoes"
"TRAIN,gs://fruit-recognition/fruit-recognition/Tomatoes/Tamotoes001766.png,tomatoes"
"TRAIN,gs://fruit-recognition/fruit-recognition/Tomatoes/Tamotoes001767.png,tomatoes"
"TRAIN,gs://fruit-recognition/fruit-recognition/Tomatoes/Tamotoes001768.png,tomatoes"
"TRAIN,gs://fruit-recognition/fruit-recognition/Tomatoes/Tamotoes001769.png,tomatoes"
"TRAIN,gs://fruit-recognition/fruit-recognition/Tomatoes/Tamotoes00177.png,tomatoes"
"TRAIN,gs://fruit-recognition/fruit-recognition/Tomatoes/Tamotoes001770.png,tomatoes"
"TRAIN,gs://fruit-recognition/fruit-recognition/Tomatoes/Tamotoes001771.png,tomatoes"
"TRAIN,gs://fruit-recognition/fruit-recognition/Tomatoes/Tamotoes001772.png,tomatoes"
"TRAIN,gs://fruit-recognition/fruit-recognition/Tomatoes/Tamotoes001773.png,tomatoes"
"TRAIN,gs://fruit-recognition/fruit-recognition/Tomatoes/Tamotoes001774.png,tomatoes"
"TRAIN,gs://fruit-recognition/fruit-recognition/Tomatoes/Tamotoes001775.png,tomatoes"
"TRAIN,gs://fruit-recognition/fruit-recognition/Tomatoes/Tamotoes001776.png,tomatoes"
"TRAIN,gs://fruit-recognition/fruit-recognition/Tomatoes/Tamotoes001777.png,tomatoes"
"TRAIN,gs://fruit-recognition/fruit-recognition/Tomatoes/Tamotoes001778.png,tomatoes"
"TRAIN,gs://fruit-recognition/fruit-recognition/Tomatoes/Tamotoes001779.png,tomatoes"
"TRAIN,gs://fruit-recognition/fruit-recognition/Tomatoes/Tamotoes00178.png,tomatoes"
"TRAIN,gs://fruit-recognition/fruit-recognition/Tomatoes/Tamotoes001780.png,tomatoes"
"TRAIN,gs://fruit-recognition/fruit-recognition/Tomatoes/Tamotoes001781.png,tomatoes"
"TRAIN,gs://fruit-recognition/fruit-recognition/Tomatoes/Tamotoes001782.png,tomatoes"
"TRAIN,gs://fruit-recognition/fruit-recognition/Tomatoes/Tamotoes001783.png,tomatoes"
"TRAIN,gs://fruit-recognition/fruit-recognition/Tomatoes/Tamotoes001784.png,tomatoes"
"TRAIN,gs://fruit-recognition/fruit-recognition/Tomatoes/Tamotoes001785.png,tomatoes"
"TRAIN,gs://fruit-recognition/fruit-recognition/Tomatoes/Tamotoes001786.png,tomatoes"
"TRAIN,gs://fruit-recognition/fruit-recognition/Tomatoes/Tamotoes001787.png,tomatoes"
"TRAIN,gs://fruit-recognition/fruit-recognition/Tomatoes/Tamotoes001788.png,tomatoes"
"TRAIN,gs://fruit-recognition/fruit-recognition/Tomatoes/Tamotoes001789.png,tomatoes"
"TRAIN,gs://fruit-recognition/fruit-recognition/Tomatoes/Tamotoes00179.png,tomatoes"
"TRAIN,gs://fruit-recognition/fruit-recognition/Tomatoes/Tamotoes001790.png,tomatoes"
"TRAIN,gs://fruit-recognition/fruit-recognition/Tomatoes/Tamotoes001791.png,tomatoes"
"TRAIN,gs://fruit-recognition/fruit-recognition/Tomatoes/Tamotoes001792.png,tomatoes"
"TRAIN,gs://fruit-recognition/fruit-recognition/Tomatoes/Tamotoes001793.png,tomatoes"
"TRAIN,gs://fruit-recognition/fruit-recognition/Tomatoes/Tamotoes001794.png,tomatoes"
"TRAIN,gs://fruit-recognition/fruit-recognition/Tomatoes/Tamotoes001795.png,tomatoes"
"TRAIN,gs://fruit-recognition/fruit-recognition/Tomatoes/Tamotoes001796.png,tomatoes"
"TRAIN,gs://fruit-recognition/fruit-recognition/Tomatoes/Tamotoes001797.png,tomatoes"
"TRAIN,gs://fruit-recognition/fruit-recognition/Tomatoes/Tamotoes001798.png,tomatoes"
"TRAIN,gs://fruit-recognition/fruit-recognition/Tomatoes/Tamotoes001799.png,tomatoes"
"TRAIN,gs://fruit-recognition/fruit-recognition/Tomatoes/Tamotoes0018.png,tomatoes"
"TRAIN,gs://fruit-recognition/fruit-recognition/Tomatoes/Tamotoes00180.png,tomatoes"
"TRAIN,gs://fruit-recognition/fruit-recognition/Tomatoes/Tamotoes001800.png,tomatoes"
"TRAIN,gs://fruit-recognition/fruit-recognition/Tomatoes/Tamotoes001801.png,tomatoes"
"TRAIN,gs://fruit-recognition/fruit-recognition/Tomatoes/Tamotoes001802.png,tomatoes"
"TRAIN,gs://fruit-recognition/fruit-recognition/Tomatoes/Tamotoes001803.png,tomatoes"
"TRAIN,gs://fruit-recognition/fruit-recognition/Tomatoes/Tamotoes001804.png,tomatoes"
"TRAIN,gs://fruit-recognition/fruit-recognition/Tomatoes/Tamotoes001805.png,tomatoes"
"TRAIN,gs://fruit-recognition/fruit-recognition/Tomatoes/Tamotoes001806.png,tomatoes"
"TRAIN,gs://fruit-recognition/fruit-recognition/Tomatoes/Tamotoes001807.png,tomatoes"
"TRAIN,gs://fruit-recognition/fruit-recognition/Tomatoes/Tamotoes001808.png,tomatoes"
"TRAIN,gs://fruit-recognition/fruit-recognition/Tomatoes/Tamotoes001809.png,tomatoes"
"TRAIN,gs://fruit-recognition/fruit-recognition/Tomatoes/Tamotoes00181.png,tomatoes"
"TRAIN,gs://fruit-recognition/fruit-recognition/Tomatoes/Tamotoes001810.png,tomatoes"
"TRAIN,gs://fruit-recognition/fruit-recognition/Tomatoes/Tamotoes001811.png,tomatoes"
"TRAIN,gs://fruit-recognition/fruit-recognition/Tomatoes/Tamotoes001812.png,tomatoes"
"TRAIN,gs://fruit-recognition/fruit-recognition/Tomatoes/Tamotoes001813.png,tomatoes"
"TRAIN,gs://fruit-recognition/fruit-recognition/Tomatoes/Tamotoes001814.png,tomatoes"
"TRAIN,gs://fruit-recognition/fruit-recognition/Tomatoes/Tamotoes001815.png,tomatoes"
"TRAIN,gs://fruit-recognition/fruit-recognition/Tomatoes/Tamotoes001816.png,tomatoes"
"TRAIN,gs://fruit-recognition/fruit-recognition/Tomatoes/Tamotoes001817.png,tomatoes"
"TRAIN,gs://fruit-recognition/fruit-recognition/Tomatoes/Tamotoes001818.png,tomatoes"
"TRAIN,gs://fruit-recognition/fruit-recognition/Tomatoes/Tamotoes001819.png,tomatoes"
"TRAIN,gs://fruit-recognition/fruit-recognition/Tomatoes/Tamotoes00182.png,tomatoes"
"TRAIN,gs://fruit-recognition/fruit-recognition/Tomatoes/Tamotoes001820.png,tomatoes"
"TRAIN,gs://fruit-recognition/fruit-recognition/Tomatoes/Tamotoes001821.png,tomatoes"
"TRAIN,gs://fruit-recognition/fruit-recognition/Tomatoes/Tamotoes001822.png,tomatoes"
"TRAIN,gs://fruit-recognition/fruit-recognition/Tomatoes/Tamotoes001823.png,tomatoes"
"TRAIN,gs://fruit-recognition/fruit-recognition/Tomatoes/Tamotoes001824.png,tomatoes"
"TRAIN,gs://fruit-recognition/fruit-recognition/Tomatoes/Tamotoes001825.png,tomatoes"
"TRAIN,gs://fruit-recognition/fruit-recognition/Tomatoes/Tamotoes001826.png,tomatoes"
"TRAIN,gs://fruit-recognition/fruit-recognition/Tomatoes/Tamotoes001827.png,tomatoes"
"TRAIN,gs://fruit-recognition/fruit-recognition/Tomatoes/Tamotoes001828.png,tomatoes"
"TRAIN,gs://fruit-recognition/fruit-recognition/Tomatoes/Tamotoes001829.png,tomatoes"
"TRAIN,gs://fruit-recognition/fruit-recognition/Tomatoes/Tamotoes00183.png,tomatoes"
"TRAIN,gs://fruit-recognition/fruit-recognition/Tomatoes/Tamotoes001830.png,tomatoes"
"TRAIN,gs://fruit-recognition/fruit-recognition/Tomatoes/Tamotoes001831.png,tomatoes"
"TRAIN,gs://fruit-recognition/fruit-recognition/Tomatoes/Tamotoes001832.png,tomatoes"
"TRAIN,gs://fruit-recognition/fruit-recognition/Tomatoes/Tamotoes001833.png,tomatoes"
"TRAIN,gs://fruit-recognition/fruit-recognition/Tomatoes/Tamotoes001834.png,tomatoes"
"TRAIN,gs://fruit-recognition/fruit-recognition/Tomatoes/Tamotoes001835.png,tomatoes"
"TRAIN,gs://fruit-recognition/fruit-recognition/Tomatoes/Tamotoes001836.png,tomatoes"
"TRAIN,gs://fruit-recognition/fruit-recognition/Tomatoes/Tamotoes001837.png,tomatoes"
"TRAIN,gs://fruit-recognition/fruit-recognition/Tomatoes/Tamotoes001838.png,tomatoes"
"TRAIN,gs://fruit-recognition/fruit-recognition/Tomatoes/Tamotoes001839.png,tomatoes"
"TRAIN,gs://fruit-recognition/fruit-recognition/Tomatoes/Tamotoes00184.png,tomatoes"
"TRAIN,gs://fruit-recognition/fruit-recognition/Tomatoes/Tamotoes001840.png,tomatoes"
"TRAIN,gs://fruit-recognition/fruit-recognition/Tomatoes/Tamotoes001841.png,tomatoes"
"TRAIN,gs://fruit-recognition/fruit-recognition/Tomatoes/Tamotoes001842.png,tomatoes"
"TRAIN,gs://fruit-recognition/fruit-recognition/Tomatoes/Tamotoes001843.png,tomatoes"
"TRAIN,gs://fruit-recognition/fruit-recognition/Tomatoes/Tamotoes001844.png,tomatoes"
"TRAIN,gs://fruit-recognition/fruit-recognition/Tomatoes/Tamotoes001845.png,tomatoes"
"TRAIN,gs://fruit-recognition/fruit-recognition/Tomatoes/Tamotoes001846.png,tomatoes"
"TRAIN,gs://fruit-recognition/fruit-recognition/Tomatoes/Tamotoes001847.png,tomatoes"
"TRAIN,gs://fruit-recognition/fruit-recognition/Tomatoes/Tamotoes001848.png,tomatoes"
"TRAIN,gs://fruit-recognition/fruit-recognition/Tomatoes/Tamotoes001849.png,tomatoes"
"TRAIN,gs://fruit-recognition/fruit-recognition/Tomatoes/Tamotoes00185.png,tomatoes"
"TRAIN,gs://fruit-recognition/fruit-recognition/Tomatoes/Tamotoes001850.png,tomatoes"
"TRAIN,gs://fruit-recognition/fruit-recognition/Tomatoes/Tamotoes001851.png,tomatoes"
"TRAIN,gs://fruit-recognition/fruit-recognition/Tomatoes/Tamotoes001852.png,tomatoes"
"TRAIN,gs://fruit-recognition/fruit-recognition/Tomatoes/Tamotoes001853.png,tomatoes"
"TRAIN,gs://fruit-recognition/fruit-recognition/Tomatoes/Tamotoes001854.png,tomatoes"
"TRAIN,gs://fruit-recognition/fruit-recognition/Tomatoes/Tamotoes001855.png,tomatoes"
"TRAIN,gs://fruit-recognition/fruit-recognition/Tomatoes/Tamotoes001856.png,tomatoes"
"TRAIN,gs://fruit-recognition/fruit-recognition/Tomatoes/Tamotoes001857.png,tomatoes"
"TRAIN,gs://fruit-recognition/fruit-recognition/Tomatoes/Tamotoes001858.png,tomatoes"
"TRAIN,gs://fruit-recognition/fruit-recognition/Tomatoes/Tamotoes001859.png,tomatoes"
"TRAIN,gs://fruit-recognition/fruit-recognition/Tomatoes/Tamotoes00186.png,tomatoes"
"TRAIN,gs://fruit-recognition/fruit-recognition/Tomatoes/Tamotoes001860.png,tomatoes"
"TRAIN,gs://fruit-recognition/fruit-recognition/Tomatoes/Tamotoes001861.png,tomatoes"
"TRAIN,gs://fruit-recognition/fruit-recognition/Tomatoes/Tamotoes001862.png,tomatoes"
"TRAIN,gs://fruit-recognition/fruit-recognition/Tomatoes/Tamotoes001863.png,tomatoes"
"TRAIN,gs://fruit-recognition/fruit-recognition/Tomatoes/Tamotoes001864.png,tomatoes"
"TRAIN,gs://fruit-recognition/fruit-recognition/Tomatoes/Tamotoes001865.png,tomatoes"
"TRAIN,gs://fruit-recognition/fruit-recognition/Tomatoes/Tamotoes001866.png,tomatoes"
"TRAIN,gs://fruit-recognition/fruit-recognition/Tomatoes/Tamotoes001867.png,tomatoes"
"TRAIN,gs://fruit-recognition/fruit-recognition/Tomatoes/Tamotoes001868.png,tomatoes"
"TRAIN,gs://fruit-recognition/fruit-recognition/Tomatoes/Tamotoes001869.png,tomatoes"
"TRAIN,gs://fruit-recognition/fruit-recognition/Tomatoes/Tamotoes00187.png,tomatoes"
"TRAIN,gs://fruit-recognition/fruit-recognition/Tomatoes/Tamotoes001870.png,tomatoes"
"TRAIN,gs://fruit-recognition/fruit-recognition/Tomatoes/Tamotoes001871.png,tomatoes"
"TRAIN,gs://fruit-recognition/fruit-recognition/Tomatoes/Tamotoes001872.png,tomatoes"
"TRAIN,gs://fruit-recognition/fruit-recognition/Tomatoes/Tamotoes001873.png,tomatoes"
"TRAIN,gs://fruit-recognition/fruit-recognition/Tomatoes/Tamotoes001874.png,tomatoes"
"TRAIN,gs://fruit-recognition/fruit-recognition/Tomatoes/Tamotoes001875.png,tomatoes"
"TRAIN,gs://fruit-recognition/fruit-recognition/Tomatoes/Tamotoes001876.png,tomatoes"
"TRAIN,gs://fruit-recognition/fruit-recognition/Tomatoes/Tamotoes001877.png,tomatoes"
"TRAIN,gs://fruit-recognition/fruit-recognition/Tomatoes/Tamotoes001878.png,tomatoes"
"TRAIN,gs://fruit-recognition/fruit-recognition/Tomatoes/Tamotoes001879.png,tomatoes"
"TRAIN,gs://fruit-recognition/fruit-recognition/Tomatoes/Tamotoes00188.png,tomatoes"
"TRAIN,gs://fruit-recognition/fruit-recognition/Tomatoes/Tamotoes001880.png,tomatoes"
"TRAIN,gs://fruit-recognition/fruit-recognition/Tomatoes/Tamotoes001881.png,tomatoes"
"TRAIN,gs://fruit-recognition/fruit-recognition/Tomatoes/Tamotoes001882.png,tomatoes"
"TRAIN,gs://fruit-recognition/fruit-recognition/Tomatoes/Tamotoes001883.png,tomatoes"
"TRAIN,gs://fruit-recognition/fruit-recognition/Tomatoes/Tamotoes001884.png,tomatoes"
"TRAIN,gs://fruit-recognition/fruit-recognition/Tomatoes/Tamotoes001885.png,tomatoes"
"TRAIN,gs://fruit-recognition/fruit-recognition/Tomatoes/Tamotoes001886.png,tomatoes"
"TRAIN,gs://fruit-recognition/fruit-recognition/Tomatoes/Tamotoes001887.png,tomatoes"
"TRAIN,gs://fruit-recognition/fruit-recognition/Tomatoes/Tamotoes001888.png,tomatoes"
"TRAIN,gs://fruit-recognition/fruit-recognition/Tomatoes/Tamotoes001889.png,tomatoes"
"TRAIN,gs://fruit-recognition/fruit-recognition/Tomatoes/Tamotoes00189.png,tomatoes"
"TRAIN,gs://fruit-recognition/fruit-recognition/Tomatoes/Tamotoes001890.png,tomatoes"
"TRAIN,gs://fruit-recognition/fruit-recognition/Tomatoes/Tamotoes001891.png,tomatoes"
"TRAIN,gs://fruit-recognition/fruit-recognition/Tomatoes/Tamotoes001892.png,tomatoes"
"TRAIN,gs://fruit-recognition/fruit-recognition/Tomatoes/Tamotoes001893.png,tomatoes"
"TRAIN,gs://fruit-recognition/fruit-recognition/Tomatoes/Tamotoes001894.png,tomatoes"
"TRAIN,gs://fruit-recognition/fruit-recognition/Tomatoes/Tamotoes001895.png,tomatoes"
"TRAIN,gs://fruit-recognition/fruit-recognition/Tomatoes/Tamotoes001896.png,tomatoes"
"TRAIN,gs://fruit-recognition/fruit-recognition/Tomatoes/Tamotoes001897.png,tomatoes"
"TRAIN,gs://fruit-recognition/fruit-recognition/Tomatoes/Tamotoes001898.png,tomatoes"
"TRAIN,gs://fruit-recognition/fruit-recognition/Tomatoes/Tamotoes001899.png,tomatoes"
