"TRAIN,gs://fruit-recognition/fruit-recognition/Apple/Apple B/102red applee00901102.png,apple"
"TRAIN,gs://fruit-recognition/fruit-recognition/Apple/Apple B/103red applee00916103.png,apple"
"TRAIN,gs://fruit-recognition/fruit-recognition/Apple/Apple B/107red applee01001107.png,apple"
"TRAIN,gs://fruit-recognition/fruit-recognition/Apple/Apple B/108red applee01006108.png,apple"
"TRAIN,gs://fruit-recognition/fruit-recognition/Apple/Apple B/109red applee01021109.png,apple"
"TRAIN,gs://fruit-recognition/fruit-recognition/Apple/Apple B/110red applee01036110.png,apple"
"TRAIN,gs://fruit-recognition/fruit-recognition/Apple/Apple B/111red applee01081111.png,apple"
"TRAIN,gs://fruit-recognition/fruit-recognition/Apple/Apple B/112red applee01096112.png,apple"
"TRAIN,gs://fruit-recognition/fruit-recognition/Apple/Apple B/113red applee01101113.png,apple"
"TRAIN,gs://fruit-recognition/fruit-recognition/Apple/Apple B/11red applee04901.png,apple"
"TRAIN,gs://fruit-recognition/fruit-recognition/Apple/Apple B/120red applee01276120.png,apple"
"TRAIN,gs://fruit-recognition/fruit-recognition/Apple/Apple B/121red applee01291121.png,apple"
"TRAIN,gs://fruit-recognition/fruit-recognition/Apple/Apple B/122red applee01301122.png,apple"
"TRAIN,gs://fruit-recognition/fruit-recognition/Apple/Apple B/130red applee01411130.png,apple"
"TRAIN,gs://fruit-recognition/fruit-recognition/Apple/Apple B/132red applee01441132.png,apple"
"TRAIN,gs://fruit-recognition/fruit-recognition/Apple/Apple B/134red applee01471134.png,apple"
"TRAIN,gs://fruit-recognition/fruit-recognition/Apple/Apple B/135red applee01486135.png,apple"
"TRAIN,gs://fruit-recognition/fruit-recognition/Apple/Apple B/136red applee01501136.png,apple"
"TRAIN,gs://fruit-recognition/fruit-recognition/Apple/Apple B/137red applee01516137.png,apple"
"TRAIN,gs://fruit-recognition/fruit-recognition/Apple/Apple B/141red applee01576141.png,apple"
"TRAIN,gs://fruit-recognition/fruit-recognition/Apple/Apple B/143red applee01606143.png,apple"
"TRAIN,gs://fruit-recognition/fruit-recognition/Apple/Apple B/144red applee01621144.png,apple"
"TRAIN,gs://fruit-recognition/fruit-recognition/Apple/Apple B/145red applee01636145.png,apple"
"TRAIN,gs://fruit-recognition/fruit-recognition/Apple/Apple B/146red applee01701146.png,apple"
"TRAIN,gs://fruit-recognition/fruit-recognition/Apple/Apple B/147red applee01726147.png,apple"
"TRAIN,gs://fruit-recognition/fruit-recognition/Apple/Apple B/148red applee01741148.png,apple"
"TRAIN,gs://fruit-recognition/fruit-recognition/Apple/Apple B/149red applee01786149.png,apple"
"TRAIN,gs://fruit-recognition/fruit-recognition/Apple/Apple B/14red applee05201.png,apple"
"TRAIN,gs://fruit-recognition/fruit-recognition/Apple/Apple B/150red applee01801150.png,apple"
"TRAIN,gs://fruit-recognition/fruit-recognition/Apple/Apple B/152red applee01831152.png,apple"
"TRAIN,gs://fruit-recognition/fruit-recognition/Apple/Apple B/153red applee01846153.png,apple"
"TRAIN,gs://fruit-recognition/fruit-recognition/Apple/Apple B/154red applee01861154.png,apple"
"TRAIN,gs://fruit-recognition/fruit-recognition/Apple/Apple B/157red applee01901157.png,apple"
"TRAIN,gs://fruit-recognition/fruit-recognition/Apple/Apple B/158red applee01906158.png,apple"
"TRAIN,gs://fruit-recognition/fruit-recognition/Apple/Apple B/159red applee01921159.png,apple"
"TRAIN,gs://fruit-recognition/fruit-recognition/Apple/Apple B/15red applee05301.png,apple"
"TRAIN,gs://fruit-recognition/fruit-recognition/Apple/Apple B/160red applee01936160.png,apple"
"TRAIN,gs://fruit-recognition/fruit-recognition/Apple/Apple B/161red applee01966161.png,apple"
"TRAIN,gs://fruit-recognition/fruit-recognition/Apple/Apple B/162red applee01996162.png,apple"
"TRAIN,gs://fruit-recognition/fruit-recognition/Apple/Apple B/163red applee02001163.png,apple"
"TRAIN,gs://fruit-recognition/fruit-recognition/Apple/Apple B/164red applee02026164.png,apple"
"TRAIN,gs://fruit-recognition/fruit-recognition/Apple/Apple B/165red applee02056165.png,apple"
"TRAIN,gs://fruit-recognition/fruit-recognition/Apple/Apple B/166red applee02071166.png,apple"
"TRAIN,gs://fruit-recognition/fruit-recognition/Apple/Apple B/167red applee02086167.png,apple"
"TRAIN,gs://fruit-recognition/fruit-recognition/Apple/Apple B/168red applee02101168.png,apple"
"TRAIN,gs://fruit-recognition/fruit-recognition/Apple/Apple B/169red applee02116169.png,apple"
"TRAIN,gs://fruit-recognition/fruit-recognition/Apple/Apple B/170red applee02161170.png,apple"
"TRAIN,gs://fruit-recognition/fruit-recognition/Apple/Apple B/171red applee02176171.png,apple"
"TRAIN,gs://fruit-recognition/fruit-recognition/Apple/Apple B/172red applee02191172.png,apple"
"TRAIN,gs://fruit-recognition/fruit-recognition/Apple/Apple B/173red applee02206173.png,apple"
"TRAIN,gs://fruit-recognition/fruit-recognition/Apple/Apple B/174red applee02296174.png,apple"
"TRAIN,gs://fruit-recognition/fruit-recognition/Apple/Apple B/175red applee02301175.png,apple"
"TRAIN,gs://fruit-recognition/fruit-recognition/Apple/Apple B/177red applee02341177.png,apple"
"TRAIN,gs://fruit-recognition/fruit-recognition/Apple/Apple B/17red applee05601.png,apple"
"TRAIN,gs://fruit-recognition/fruit-recognition/Apple/Apple B/181red applee02401181.png,apple"
"TRAIN,gs://fruit-recognition/fruit-recognition/Apple/Apple B/183red applee02431183.png,apple"
"TRAIN,gs://fruit-recognition/fruit-recognition/Apple/Apple B/184red applee02501184.png,apple"
"TRAIN,gs://fruit-recognition/fruit-recognition/Apple/Apple B/185red applee02506185.png,apple"
"TRAIN,gs://fruit-recognition/fruit-recognition/Apple/Apple B/187red applee02536187.png,apple"
"TRAIN,gs://fruit-recognition/fruit-recognition/Apple/Apple B/189red applee02566189.png,apple"
"TRAIN,gs://fruit-recognition/fruit-recognition/Apple/Apple B/18red applee06701.png,apple"
"TRAIN,gs://fruit-recognition/fruit-recognition/Apple/Apple B/190red applee02581190.png,apple"
"TRAIN,gs://fruit-recognition/fruit-recognition/Apple/Apple B/191red applee02596191.png,apple"
"TRAIN,gs://fruit-recognition/fruit-recognition/Apple/Apple B/192red applee02601192.png,apple"
"TRAIN,gs://fruit-recognition/fruit-recognition/Apple/Apple B/193red applee02611193.png,apple"
"TRAIN,gs://fruit-recognition/fruit-recognition/Apple/Apple B/194red applee02626194.png,apple"
"TRAIN,gs://fruit-recognition/fruit-recognition/Apple/Apple B/1red applee02901.png,apple"
"TRAIN,gs://fruit-recognition/fruit-recognition/Apple/Apple B/204red applee02776204.png,apple"
"TRAIN,gs://fruit-recognition/fruit-recognition/Apple/Apple B/206red applee02801206.png,apple"
"TRAIN,gs://fruit-recognition/fruit-recognition/Apple/Apple B/20red applee07601.png,apple"
"TRAIN,gs://fruit-recognition/fruit-recognition/Apple/Apple B/212red applee02896212.png,apple"
"TRAIN,gs://fruit-recognition/fruit-recognition/Apple/Apple B/213red applee02901213.png,apple"
"TRAIN,gs://fruit-recognition/fruit-recognition/Apple/Apple B/214red applee02911214.png,apple"
"TRAIN,gs://fruit-recognition/fruit-recognition/Apple/Apple B/215red applee02926215.png,apple"
"TRAIN,gs://fruit-recognition/fruit-recognition/Apple/Apple B/216red applee02941216.png,apple"
"TRAIN,gs://fruit-recognition/fruit-recognition/Apple/Apple B/217red applee02956217.png,apple"
"TRAIN,gs://fruit-recognition/fruit-recognition/Apple/Apple B/218red applee03001218.png,apple"
"TRAIN,gs://fruit-recognition/fruit-recognition/Apple/Apple B/219red applee03016219.png,apple"
"TRAIN,gs://fruit-recognition/fruit-recognition/Apple/Apple B/21red applee07701.png,apple"
"TRAIN,gs://fruit-recognition/fruit-recognition/Apple/Apple B/224red applee03091224.png,apple"
"TRAIN,gs://fruit-recognition/fruit-recognition/Apple/Apple B/225red applee03101225.png,apple"
"TRAIN,gs://fruit-recognition/fruit-recognition/Apple/Apple B/226red applee03106226.png,apple"
"TRAIN,gs://fruit-recognition/fruit-recognition/Apple/Apple B/22red applee07901.png,apple"
"TRAIN,gs://fruit-recognition/fruit-recognition/Apple/Apple B/233red applee03201233.png,apple"
"TRAIN,gs://fruit-recognition/fruit-recognition/Apple/Apple B/237red applee03301237.png,apple"
"TRAIN,gs://fruit-recognition/fruit-recognition/Apple/Apple B/239red applee03331239.png,apple"
"TRAIN,gs://fruit-recognition/fruit-recognition/Apple/Apple B/23red applee08601.png,apple"
"TRAIN,gs://fruit-recognition/fruit-recognition/Apple/Apple B/243red applee03436243.png,apple"
"TRAIN,gs://fruit-recognition/fruit-recognition/Apple/Apple B/244red applee03466244.png,apple"
"TRAIN,gs://fruit-recognition/fruit-recognition/Apple/Apple B/246red applee03496246.png,apple"
"TRAIN,gs://fruit-recognition/fruit-recognition/Apple/Apple B/247red applee03501247.png,apple"
"TRAIN,gs://fruit-recognition/fruit-recognition/Apple/Apple B/248red applee03511248.png,apple"
"TRAIN,gs://fruit-recognition/fruit-recognition/Apple/Apple B/249red applee03526249.png,apple"
"TRAIN,gs://fruit-recognition/fruit-recognition/Apple/Apple B/24red applee08701.png,apple"
"TRAIN,gs://fruit-recognition/fruit-recognition/Apple/Apple B/253red applee03601253.png,apple"
"TRAIN,gs://fruit-recognition/fruit-recognition/Apple/Apple B/259red applee03691259.png,apple"
"TRAIN,gs://fruit-recognition/fruit-recognition/Apple/Apple B/25red applee09501.png,apple"
"TRAIN,gs://fruit-recognition/fruit-recognition/Apple/Apple B/260red applee03701260.png,apple"
"TRAIN,gs://fruit-recognition/fruit-recognition/Apple/Apple B/261red applee03706261.png,apple"
"TRAIN,gs://fruit-recognition/fruit-recognition/Apple/Apple B/263red applee03751263.png,apple"
"TRAIN,gs://fruit-recognition/fruit-recognition/Apple/Apple B/264red applee03766264.png,apple"
"TRAIN,gs://fruit-recognition/fruit-recognition/Apple/Apple B/265red applee03781265.png,apple"
"TRAIN,gs://fruit-recognition/fruit-recognition/Apple/Apple B/266red applee03796266.png,apple"
"TRAIN,gs://fruit-recognition/fruit-recognition/Apple/Apple B/267red applee03801267.png,apple"
"TRAIN,gs://fruit-recognition/fruit-recognition/Apple/Apple B/268red applee03811268.png,apple"
"TRAIN,gs://fruit-recognition/fruit-recognition/Apple/Apple B/26red applee09701.png,apple"
"TRAIN,gs://fruit-recognition/fruit-recognition/Apple/Apple B/271red applee03856271.png,apple"
"TRAIN,gs://fruit-recognition/fruit-recognition/Apple/Apple B/272red applee03871272.png,apple"
"TRAIN,gs://fruit-recognition/fruit-recognition/Apple/Apple B/273red applee03886273.png,apple"
"TRAIN,gs://fruit-recognition/fruit-recognition/Apple/Apple B/274red applee03901274.png,apple"
"TRAIN,gs://fruit-recognition/fruit-recognition/Apple/Apple B/275red applee03916275.png,apple"
"TRAIN,gs://fruit-recognition/fruit-recognition/Apple/Apple B/276red applee03931276.png,apple"
"TRAIN,gs://fruit-recognition/fruit-recognition/Apple/Apple B/277red applee03946277.png,apple"
"TRAIN,gs://fruit-recognition/fruit-recognition/Apple/Apple B/278red applee03961278.png,apple"
"TRAIN,gs://fruit-recognition/fruit-recognition/Apple/Apple B/279red applee03976279.png,apple"
"TRAIN,gs://fruit-recognition/fruit-recognition/Apple/Apple B/27red applee10301.png,apple"
"TRAIN,gs://fruit-recognition/fruit-recognition/Apple/Apple B/280red applee03991280.png,apple"
"TRAIN,gs://fruit-recognition/fruit-recognition/Apple/Apple B/281red applee04001281.png,apple"
"TRAIN,gs://fruit-recognition/fruit-recognition/Apple/Apple B/282red applee04006282.png,apple"
"TRAIN,gs://fruit-recognition/fruit-recognition/Apple/Apple B/283red applee04021283.png,apple"
"TRAIN,gs://fruit-recognition/fruit-recognition/Apple/Apple B/284red applee04036284.png,apple"
"TRAIN,gs://fruit-recognition/fruit-recognition/Apple/Apple B/285red applee04051285.png,apple"
"TRAIN,gs://fruit-recognition/fruit-recognition/Apple/Apple B/286red applee04066286.png,apple"
"TRAIN,gs://fruit-recognition/fruit-recognition/Apple/Apple B/287red applee04101287.png,apple"
"TRAIN,gs://fruit-recognition/fruit-recognition/Apple/Apple B/288red applee04126288.png,apple"
"TRAIN,gs://fruit-recognition/fruit-recognition/Apple/Apple B/289red applee04156289.png,apple"
"TRAIN,gs://fruit-recognition/fruit-recognition/Apple/Apple B/28red applee10501.png,apple"
"TRAIN,gs://fruit-recognition/fruit-recognition/Apple/Apple B/291red applee04201291.png,apple"
"TRAIN,gs://fruit-recognition/fruit-recognition/Apple/Apple B/292red applee04216292.png,apple"
"TRAIN,gs://fruit-recognition/fruit-recognition/Apple/Apple B/294red applee04246294.png,apple"
"TRAIN,gs://fruit-recognition/fruit-recognition/Apple/Apple B/295red applee04261295.png,apple"
"TRAIN,gs://fruit-recognition/fruit-recognition/Apple/Apple B/296red applee04301296.png,apple"
"TRAIN,gs://fruit-recognition/fruit-recognition/Apple/Apple B/297red applee04321297.png,apple"
"TRAIN,gs://fruit-recognition/fruit-recognition/Apple/Apple B/298red applee04336298.png,apple"
"TRAIN,gs://fruit-recognition/fruit-recognition/Apple/Apple B/299red applee04351299.png,apple"
"TRAIN,gs://fruit-recognition/fruit-recognition/Apple/Apple B/29red applee10701.png,apple"
"TRAIN,gs://fruit-recognition/fruit-recognition/Apple/Apple B/2red applee03301.png,apple"
"TRAIN,gs://fruit-recognition/fruit-recognition/Apple/Apple B/300red applee04401300.png,apple"
"TRAIN,gs://fruit-recognition/fruit-recognition/Apple/Apple B/301red applee04426301.png,apple"
"TRAIN,gs://fruit-recognition/fruit-recognition/Apple/Apple B/303red applee04456303.png,apple"
"TRAIN,gs://fruit-recognition/fruit-recognition/Apple/Apple B/304red applee04471304.png,apple"
"TRAIN,gs://fruit-recognition/fruit-recognition/Apple/Apple B/306red applee04501306.png,apple"
"TRAIN,gs://fruit-recognition/fruit-recognition/Apple/Apple B/30red applee10801.png,apple"
"TRAIN,gs://fruit-recognition/fruit-recognition/Apple/Apple B/31 red apple.png,apple"
"TRAIN,gs://fruit-recognition/fruit-recognition/Apple/Apple B/311red applee04576311.png,apple"
"TRAIN,gs://fruit-recognition/fruit-recognition/Apple/Apple B/312red applee04591312.png,apple"
"TRAIN,gs://fruit-recognition/fruit-recognition/Apple/Apple B/313red applee04601313.png,apple"
"TRAIN,gs://fruit-recognition/fruit-recognition/Apple/Apple B/314red applee04606314.png,apple"
"TRAIN,gs://fruit-recognition/fruit-recognition/Apple/Apple B/31red applee10101.png,apple"
"TRAIN,gs://fruit-recognition/fruit-recognition/Apple/Apple B/32 red apple.png,apple"
"TRAIN,gs://fruit-recognition/fruit-recognition/Apple/Apple B/321red applee04701321.png,apple"
"TRAIN,gs://fruit-recognition/fruit-recognition/Apple/Apple B/322red applee04711322.png,apple"
"TRAIN,gs://fruit-recognition/fruit-recognition/Apple/Apple B/325red applee04756325.png,apple"
"TRAIN,gs://fruit-recognition/fruit-recognition/Apple/Apple B/327red applee04786327.png,apple"
"TRAIN,gs://fruit-recognition/fruit-recognition/Apple/Apple B/328red applee04801328.png,apple"
"TRAIN,gs://fruit-recognition/fruit-recognition/Apple/Apple B/33 red apple.png,apple"
"TRAIN,gs://fruit-recognition/fruit-recognition/Apple/Apple B/331red applee04846331.png,apple"
"TRAIN,gs://fruit-recognition/fruit-recognition/Apple/Apple B/332red applee04861332.png,apple"
"TRAIN,gs://fruit-recognition/fruit-recognition/Apple/Apple B/335red applee04901335.png,apple"
"TRAIN,gs://fruit-recognition/fruit-recognition/Apple/Apple B/337red applee04921337.png,apple"
"TRAIN,gs://fruit-recognition/fruit-recognition/Apple/Apple B/34 red apple.png,apple"
"TRAIN,gs://fruit-recognition/fruit-recognition/Apple/Apple B/340red applee04966340.png,apple"
"TRAIN,gs://fruit-recognition/fruit-recognition/Apple/Apple B/341red applee04981341.png,apple"
"TRAIN,gs://fruit-recognition/fruit-recognition/Apple/Apple B/342red applee04996342.png,apple"
"TRAIN,gs://fruit-recognition/fruit-recognition/Apple/Apple B/343red applee05001343.png,apple"
"TRAIN,gs://fruit-recognition/fruit-recognition/Apple/Apple B/344red applee05011344.png,apple"
"TRAIN,gs://fruit-recognition/fruit-recognition/Apple/Apple B/345red applee05026345.png,apple"
"TRAIN,gs://fruit-recognition/fruit-recognition/Apple/Apple B/346red applee05041346.png,apple"
"TRAIN,gs://fruit-recognition/fruit-recognition/Apple/Apple B/348red applee05101348.png,apple"
"TRAIN,gs://fruit-recognition/fruit-recognition/Apple/Apple B/349red applee05116349.png,apple"
"TRAIN,gs://fruit-recognition/fruit-recognition/Apple/Apple B/350red applee05131350.png,apple"
"TRAIN,gs://fruit-recognition/fruit-recognition/Apple/Apple B/351red applee05146351.png,apple"
"TRAIN,gs://fruit-recognition/fruit-recognition/Apple/Apple B/352red applee05161352.png,apple"
"TRAIN,gs://fruit-recognition/fruit-recognition/Apple/Apple B/353red applee05176353.png,apple"
"TRAIN,gs://fruit-recognition/fruit-recognition/Apple/Apple B/354red applee05191354.png,apple"
"TRAIN,gs://fruit-recognition/fruit-recognition/Apple/Apple B/355red applee05201355.png,apple"
"TRAIN,gs://fruit-recognition/fruit-recognition/Apple/Apple B/35red apple.png,apple"
"TRAIN,gs://fruit-recognition/fruit-recognition/Apple/Apple B/36 red apple.png,apple"
"TRAIN,gs://fruit-recognition/fruit-recognition/Apple/Apple B/362red applee05311362.png,apple"
"TRAIN,gs://fruit-recognition/fruit-recognition/Apple/Apple B/363red applee05356363.png,apple"
"TRAIN,gs://fruit-recognition/fruit-recognition/Apple/Apple B/364red applee05371364.png,apple"
"TRAIN,gs://fruit-recognition/fruit-recognition/Apple/Apple B/369red applee05446369.png,apple"
"TRAIN,gs://fruit-recognition/fruit-recognition/Apple/Apple B/37 red apple.png,apple"
"TRAIN,gs://fruit-recognition/fruit-recognition/Apple/Apple B/373red applee05501373.png,apple"
"TRAIN,gs://fruit-recognition/fruit-recognition/Apple/Apple B/376red applee05536376.png,apple"
"TRAIN,gs://fruit-recognition/fruit-recognition/Apple/Apple B/378red applee05566378.png,apple"
"TRAIN,gs://fruit-recognition/fruit-recognition/Apple/Apple B/38 red apple.png,apple"
"TRAIN,gs://fruit-recognition/fruit-recognition/Apple/Apple B/381red applee05601381.png,apple"
"TRAIN,gs://fruit-recognition/fruit-recognition/Apple/Apple B/388red applee05701388.png,apple"
"TRAIN,gs://fruit-recognition/fruit-recognition/Apple/Apple B/39 red apple.png,apple"
"TRAIN,gs://fruit-recognition/fruit-recognition/Apple/Apple B/392red applee05761392.png,apple"
"TRAIN,gs://fruit-recognition/fruit-recognition/Apple/Apple B/395red applee05801395.png,apple"
"TRAIN,gs://fruit-recognition/fruit-recognition/Apple/Apple B/3red applee03501.png,apple"
"TRAIN,gs://fruit-recognition/fruit-recognition/Apple/Apple B/40 red apple.png,apple"
"TRAIN,gs://fruit-recognition/fruit-recognition/Apple/Apple B/401red applee05896401.png,apple"
"TRAIN,gs://fruit-recognition/fruit-recognition/Apple/Apple B/402red applee05901402.png,apple"
"TRAIN,gs://fruit-recognition/fruit-recognition/Apple/Apple B/403red applee05911403.png,apple"
"TRAIN,gs://fruit-recognition/fruit-recognition/Apple/Apple B/404red applee05926404.png,apple"
"TRAIN,gs://fruit-recognition/fruit-recognition/Apple/Apple B/405red applee05941405.png,apple"
"TRAIN,gs://fruit-recognition/fruit-recognition/Apple/Apple B/406red applee05956406.png,apple"
"TRAIN,gs://fruit-recognition/fruit-recognition/Apple/Apple B/407red applee05986407.png,apple"
"TRAIN,gs://fruit-recognition/fruit-recognition/Apple/Apple B/408red applee06001408.png,apple"
"TRAIN,gs://fruit-recognition/fruit-recognition/Apple/Apple B/409red applee06016409.png,apple"
"TRAIN,gs://fruit-recognition/fruit-recognition/Apple/Apple B/41 red apple.png,apple"
"TRAIN,gs://fruit-recognition/fruit-recognition/Apple/Apple B/410red applee06031410.png,apple"
"TRAIN,gs://fruit-recognition/fruit-recognition/Apple/Apple B/411red applee06046411.png,apple"
"TRAIN,gs://fruit-recognition/fruit-recognition/Apple/Apple B/414red applee06091414.png,apple"
"TRAIN,gs://fruit-recognition/fruit-recognition/Apple/Apple B/415red applee06101415.png,apple"
"TRAIN,gs://fruit-recognition/fruit-recognition/Apple/Apple B/42 red apple.png,apple"
"TRAIN,gs://fruit-recognition/fruit-recognition/Apple/Apple B/421red applee06181421.png,apple"
"TRAIN,gs://fruit-recognition/fruit-recognition/Apple/Apple B/423red applee06201423.png,apple"
"TRAIN,gs://fruit-recognition/fruit-recognition/Apple/Apple B/424red applee06211424.png,apple"
"TRAIN,gs://fruit-recognition/fruit-recognition/Apple/Apple B/425red applee06226425.png,apple"
"TRAIN,gs://fruit-recognition/fruit-recognition/Apple/Apple B/426red applee06241426.png,apple"
"TRAIN,gs://fruit-recognition/fruit-recognition/Apple/Apple B/427red applee06301427.png,apple"
"TRAIN,gs://fruit-recognition/fruit-recognition/Apple/Apple B/428red applee06401428.png,apple"
"TRAIN,gs://fruit-recognition/fruit-recognition/Apple/Apple B/431red applee06436431.png,apple"
"TRAIN,gs://fruit-recognition/fruit-recognition/Apple/Apple B/436red applee06501436.png,apple"
"TRAIN,gs://fruit-recognition/fruit-recognition/Apple/Apple B/437red applee06511437.png,apple"
"TRAIN,gs://fruit-recognition/fruit-recognition/Apple/Apple B/438red applee06601438.png,apple"
"TRAIN,gs://fruit-recognition/fruit-recognition/Apple/Apple B/439red applee06701439.png,apple"
"TRAIN,gs://fruit-recognition/fruit-recognition/Apple/Apple B/43red applee0000143.png,apple"
"TRAIN,gs://fruit-recognition/fruit-recognition/Apple/Apple B/440red applee06801440.png,apple"
"TRAIN,gs://fruit-recognition/fruit-recognition/Apple/Apple B/441red applee06901441.png,apple"
"TRAIN,gs://fruit-recognition/fruit-recognition/Apple/Apple B/442red applee07001442.png,apple"
"TRAIN,gs://fruit-recognition/fruit-recognition/Apple/Apple B/443red applee07101443.png,apple"
"TRAIN,gs://fruit-recognition/fruit-recognition/Apple/Apple B/444red applee07201444.png,apple"
"TRAIN,gs://fruit-recognition/fruit-recognition/Apple/Apple B/445red applee07301445.png,apple"
"TRAIN,gs://fruit-recognition/fruit-recognition/Apple/Apple B/446red applee07401446.png,apple"
"TRAIN,gs://fruit-recognition/fruit-recognition/Apple/Apple B/44red applee0000144.png,apple"
"TRAIN,gs://fruit-recognition/fruit-recognition/Apple/Apple B/450red applee07901450.png,apple"
"TRAIN,gs://fruit-recognition/fruit-recognition/Apple/Apple B/451red applee08001451.png,apple"
"TRAIN,gs://fruit-recognition/fruit-recognition/Apple/Apple B/452red applee08201452.png,apple"
"TRAIN,gs://fruit-recognition/fruit-recognition/Apple/Apple B/453red applee08301453.png,apple"
"TRAIN,gs://fruit-recognition/fruit-recognition/Apple/Apple B/454red applee08401454.png,apple"
"TRAIN,gs://fruit-recognition/fruit-recognition/Apple/Apple B/455red applee08501455.png,apple"
"TRAIN,gs://fruit-recognition/fruit-recognition/Apple/Apple B/456red applee08601456.png,apple"
"TRAIN,gs://fruit-recognition/fruit-recognition/Apple/Apple B/457red applee08701457.png,apple"
"TRAIN,gs://fruit-recognition/fruit-recognition/Apple/Apple B/458red applee08801458.png,apple"
"TRAIN,gs://fruit-recognition/fruit-recognition/Apple/Apple B/45red applee0000145.png,apple"
"TRAIN,gs://fruit-recognition/fruit-recognition/Apple/Apple B/461red applee09201461.png,apple"
"TRAIN,gs://fruit-recognition/fruit-recognition/Apple/Apple B/462red applee09301462.png,apple"
"TRAIN,gs://fruit-recognition/fruit-recognition/Apple/Apple B/463red applee09401463.png,apple"
"TRAIN,gs://fruit-recognition/fruit-recognition/Apple/Apple B/464red applee09501464.png,apple"
"TRAIN,gs://fruit-recognition/fruit-recognition/Apple/Apple B/465red applee09601465.png,apple"
"TRAIN,gs://fruit-recognition/fruit-recognition/Apple/Apple B/466red applee09701466.png,apple"
"TRAIN,gs://fruit-recognition/fruit-recognition/Apple/Apple B/467red applee09801467.png,apple"
"TRAIN,gs://fruit-recognition/fruit-recognition/Apple/Apple B/468red applee09901468.png,apple"
"TRAIN,gs://fruit-recognition/fruit-recognition/Apple/Apple B/469red applee10001469.png,apple"
"TRAIN,gs://fruit-recognition/fruit-recognition/Apple/Apple B/46red applee0001646.png,apple"
"TRAIN,gs://fruit-recognition/fruit-recognition/Apple/Apple B/470red applee10101470.png,apple"
"TRAIN,gs://fruit-recognition/fruit-recognition/Apple/Apple B/471red applee10201471.png,apple"
"TRAIN,gs://fruit-recognition/fruit-recognition/Apple/Apple B/472red applee10301472.png,apple"
"TRAIN,gs://fruit-recognition/fruit-recognition/Apple/Apple B/476red applee10701476.png,apple"
"TRAIN,gs://fruit-recognition/fruit-recognition/Apple/Apple B/478red applee00001478.png,apple"
"TRAIN,gs://fruit-recognition/fruit-recognition/Apple/Apple B/479red applee00071479.png,apple"
"TRAIN,gs://fruit-recognition/fruit-recognition/Apple/Apple B/480red applee00101480.png,apple"
"TRAIN,gs://fruit-recognition/fruit-recognition/Apple/Apple B/481red applee00201481.png,apple"
"TRAIN,gs://fruit-recognition/fruit-recognition/Apple/Apple B/482red applee00211482.png,apple"
"TRAIN,gs://fruit-recognition/fruit-recognition/Apple/Apple B/483red applee00281483.png,apple"
"TRAIN,gs://fruit-recognition/fruit-recognition/Apple/Apple B/484red applee00301484.png,apple"
"TRAIN,gs://fruit-recognition/fruit-recognition/Apple/Apple B/485red applee00401485.png,apple"
"TRAIN,gs://fruit-recognition/fruit-recognition/Apple/Apple B/486red applee00501486.png,apple"
"TRAIN,gs://fruit-recognition/fruit-recognition/Apple/Apple B/487red applee00561487.png,apple"
"TRAIN,gs://fruit-recognition/fruit-recognition/Apple/Apple B/488red applee00601488.png,apple"
"TRAIN,gs://fruit-recognition/fruit-recognition/Apple/Apple B/489red applee00631489.png,apple"
"TRAIN,gs://fruit-recognition/fruit-recognition/Apple/Apple B/490red applee00701490.png,apple"
"TRAIN,gs://fruit-recognition/fruit-recognition/Apple/Apple B/491red applee00771491.png,apple"
"TRAIN,gs://fruit-recognition/fruit-recognition/Apple/Apple B/492red applee00801492.png,apple"
"TRAIN,gs://fruit-recognition/fruit-recognition/Apple/Apple B/493red applee00841493.png,apple"
"TRAIN,gs://fruit-recognition/fruit-recognition/Apple/Apple B/494red applee00901494.png,apple"
"TRAIN,gs://fruit-recognition/fruit-recognition/Apple/Apple B/495red applee00911495.png,apple"
"TRAIN,gs://fruit-recognition/fruit-recognition/Apple/Apple B/496red applee01001496.png,apple"
"TRAIN,gs://fruit-recognition/fruit-recognition/Apple/Apple B/497red applee01101497.png,apple"
"TRAIN,gs://fruit-recognition/fruit-recognition/Apple/Apple B/498red applee01191498.png,apple"
"TRAIN,gs://fruit-recognition/fruit-recognition/Apple/Apple B/499red applee01201499.png,apple"
"TRAIN,gs://fruit-recognition/fruit-recognition/Apple/Apple B/4red applee03601.png,apple"
"TRAIN,gs://fruit-recognition/fruit-recognition/Apple/Apple B/500red applee01301500.png,apple"
"TRAIN,gs://fruit-recognition/fruit-recognition/Apple/Apple B/501red applee01331501.png,apple"
"TRAIN,gs://fruit-recognition/fruit-recognition/Apple/Apple B/502red applee01401502.png,apple"
"TRAIN,gs://fruit-recognition/fruit-recognition/Apple/Apple B/503red applee01501503.png,apple"
"TRAIN,gs://fruit-recognition/fruit-recognition/Apple/Apple B/504red applee01541504.png,apple"
"TRAIN,gs://fruit-recognition/fruit-recognition/Apple/Apple B/505red applee01611505.png,apple"
"TRAIN,gs://fruit-recognition/fruit-recognition/Apple/Apple B/506red applee01681506.png,apple"
"TRAIN,gs://fruit-recognition/fruit-recognition/Apple/Apple B/507red applee01701507.png,apple"
"TRAIN,gs://fruit-recognition/fruit-recognition/Apple/Apple B/508red applee01751508.png,apple"
"TRAIN,gs://fruit-recognition/fruit-recognition/Apple/Apple B/509red applee01801509.png,apple"
"TRAIN,gs://fruit-recognition/fruit-recognition/Apple/Apple B/510red applee01821510.png,apple"
"TRAIN,gs://fruit-recognition/fruit-recognition/Apple/Apple B/511red applee01901511.png,apple"
"TRAIN,gs://fruit-recognition/fruit-recognition/Apple/Apple B/512red applee02001512.png,apple"
"TRAIN,gs://fruit-recognition/fruit-recognition/Apple/Apple B/513red applee02101513.png,apple"
"TRAIN,gs://fruit-recognition/fruit-recognition/Apple/Apple B/514red applee02171514.png,apple"
"TRAIN,gs://fruit-recognition/fruit-recognition/Apple/Apple B/515red applee02201515.png,apple"
"TRAIN,gs://fruit-recognition/fruit-recognition/Apple/Apple B/516red applee02241516.png,apple"
"TRAIN,gs://fruit-recognition/fruit-recognition/Apple/Apple B/517red applee02301517.png,apple"
"TRAIN,gs://fruit-recognition/fruit-recognition/Apple/Apple B/518red applee02381518.png,apple"
"TRAIN,gs://fruit-recognition/fruit-recognition/Apple/Apple B/519red applee02401519.png,apple"
"TRAIN,gs://fruit-recognition/fruit-recognition/Apple/Apple B/520red applee02451520.png,apple"
"TRAIN,gs://fruit-recognition/fruit-recognition/Apple/Apple B/521red applee02501521.png,apple"
"TRAIN,gs://fruit-recognition/fruit-recognition/Apple/Apple B/522red applee02521522.png,apple"
"TRAIN,gs://fruit-recognition/fruit-recognition/Apple/Apple B/523red applee02601523.png,apple"
"TRAIN,gs://fruit-recognition/fruit-recognition/Apple/Apple B/524red applee02661524.png,apple"
"TRAIN,gs://fruit-recognition/fruit-recognition/Apple/Apple B/525red applee02731525.png,apple"
"TRAIN,gs://fruit-recognition/fruit-recognition/Apple/Apple B/526red applee02801526.png,apple"
"TRAIN,gs://fruit-recognition/fruit-recognition/Apple/Apple B/527red applee02871527.png,apple"
"TRAIN,gs://fruit-recognition/fruit-recognition/Apple/Apple B/528red applee02901528.png,apple"
"TRAIN,gs://fruit-recognition/fruit-recognition/Apple/Apple B/529red applee03001529.png,apple"
"TRAIN,gs://fruit-recognition/fruit-recognition/Apple/Apple B/52red applee0010152.png,apple"
"TRAIN,gs://fruit-recognition/fruit-recognition/Apple/Apple B/530red applee03011530.png,apple"
"TRAIN,gs://fruit-recognition/fruit-recognition/Apple/Apple B/531red applee03101531.png,apple"
"TRAIN,gs://fruit-recognition/fruit-recognition/Apple/Apple B/532red applee03151532.png,apple"
"TRAIN,gs://fruit-recognition/fruit-recognition/Apple/Apple B/533red applee03201533.png,apple"
"TRAIN,gs://fruit-recognition/fruit-recognition/Apple/Apple B/534red applee03221534.png,apple"
"TRAIN,gs://fruit-recognition/fruit-recognition/Apple/Apple B/535red applee03291535.png,apple"
"TRAIN,gs://fruit-recognition/fruit-recognition/Apple/Apple B/536red applee03301536.png,apple"
"TRAIN,gs://fruit-recognition/fruit-recognition/Apple/Apple B/537red applee03501537.png,apple"
"TRAIN,gs://fruit-recognition/fruit-recognition/Apple/Apple B/538red applee03601538.png,apple"
"TRAIN,gs://fruit-recognition/fruit-recognition/Apple/Apple B/539red applee03701539.png,apple"
"TRAIN,gs://fruit-recognition/fruit-recognition/Apple/Apple B/53red applee0010653.png,apple"
"TRAIN,gs://fruit-recognition/fruit-recognition/Apple/Apple B/540red applee03781540.png,apple"
"TRAIN,gs://fruit-recognition/fruit-recognition/Apple/Apple B/541red applee03801541.png,apple"
"TRAIN,gs://fruit-recognition/fruit-recognition/Apple/Apple B/542red applee03851542.png,apple"
"TRAIN,gs://fruit-recognition/fruit-recognition/Apple/Apple B/543red applee03901543.png,apple"
"TRAIN,gs://fruit-recognition/fruit-recognition/Apple/Apple B/544red applee03921544.png,apple"
"TRAIN,gs://fruit-recognition/fruit-recognition/Apple/Apple B/545red applee04001545.png,apple"
"TRAIN,gs://fruit-recognition/fruit-recognition/Apple/Apple B/546red applee04061546.png,apple"
"TRAIN,gs://fruit-recognition/fruit-recognition/Apple/Apple B/547red applee04101547.png,apple"
"TRAIN,gs://fruit-recognition/fruit-recognition/Apple/Apple B/548red applee04131548.png,apple"
"TRAIN,gs://fruit-recognition/fruit-recognition/Apple/Apple B/549red applee04201549.png,apple"
"TRAIN,gs://fruit-recognition/fruit-recognition/Apple/Apple B/550red applee04271550.png,apple"
"TRAIN,gs://fruit-recognition/fruit-recognition/Apple/Apple B/551red applee04301551.png,apple"
"TRAIN,gs://fruit-recognition/fruit-recognition/Apple/Apple B/552red applee04341552.png,apple"
"TRAIN,gs://fruit-recognition/fruit-recognition/Apple/Apple B/553red applee04401553.png,apple"
"TRAIN,gs://fruit-recognition/fruit-recognition/Apple/Apple B/554red applee04411554.png,apple"
"TRAIN,gs://fruit-recognition/fruit-recognition/Apple/Apple B/555red applee04501555.png,apple"
"TRAIN,gs://fruit-recognition/fruit-recognition/Apple/Apple B/556red applee04601556.png,apple"
"TRAIN,gs://fruit-recognition/fruit-recognition/Apple/Apple B/557red applee04621557.png,apple"
"TRAIN,gs://fruit-recognition/fruit-recognition/Apple/Apple B/558red applee04701558.png,apple"
"TRAIN,gs://fruit-recognition/fruit-recognition/Apple/Apple B/559red applee04761559.png,apple"
"TRAIN,gs://fruit-recognition/fruit-recognition/Apple/Apple B/560red applee04801560.png,apple"
"TRAIN,gs://fruit-recognition/fruit-recognition/Apple/Apple B/561red applee04831561.png,apple"
"TRAIN,gs://fruit-recognition/fruit-recognition/Apple/Apple B/562red applee04901562.png,apple"
"TRAIN,gs://fruit-recognition/fruit-recognition/Apple/Apple B/563red applee05001563.png,apple"
"TRAIN,gs://fruit-recognition/fruit-recognition/Apple/Apple B/564red applee05101564.png,apple"
"TRAIN,gs://fruit-recognition/fruit-recognition/Apple/Apple B/565red applee05111565.png,apple"
"TRAIN,gs://fruit-recognition/fruit-recognition/Apple/Apple B/566red applee05181566.png,apple"
"TRAIN,gs://fruit-recognition/fruit-recognition/Apple/Apple B/567red applee05201567.png,apple"
"TRAIN,gs://fruit-recognition/fruit-recognition/Apple/Apple B/568red applee05251568.png,apple"
"TRAIN,gs://fruit-recognition/fruit-recognition/Apple/Apple B/569red applee05301569.png,apple"
"TRAIN,gs://fruit-recognition/fruit-recognition/Apple/Apple B/570red applee05321570.png,apple"
"TRAIN,gs://fruit-recognition/fruit-recognition/Apple/Apple B/571red applee05391571.png,apple"
"TRAIN,gs://fruit-recognition/fruit-recognition/Apple/Apple B/572red applee05401572.png,apple"
"TRAIN,gs://fruit-recognition/fruit-recognition/Apple/Apple B/573red applee05461573.png,apple"
"TRAIN,gs://fruit-recognition/fruit-recognition/Apple/Apple B/574red applee05501574.png,apple"
"TRAIN,gs://fruit-recognition/fruit-recognition/Apple/Apple B/575red applee05531575.png,apple"
"TRAIN,gs://fruit-recognition/fruit-recognition/Apple/Apple B/576red applee05601576.png,apple"
"TRAIN,gs://fruit-recognition/fruit-recognition/Apple/Apple B/577red applee05671577.png,apple"
"TRAIN,gs://fruit-recognition/fruit-recognition/Apple/Apple B/578red applee05701578.png,apple"
"TRAIN,gs://fruit-recognition/fruit-recognition/Apple/Apple B/579red applee05741579.png,apple"
"TRAIN,gs://fruit-recognition/fruit-recognition/Apple/Apple B/580red applee05801580.png,apple"
"TRAIN,gs://fruit-recognition/fruit-recognition/Apple/Apple B/581red applee05901581.png,apple"
"TRAIN,gs://fruit-recognition/fruit-recognition/Apple/Apple B/582red applee06001582.png,apple"
"TRAIN,gs://fruit-recognition/fruit-recognition/Apple/Apple B/583red applee06101583.png,apple"
"TRAIN,gs://fruit-recognition/fruit-recognition/Apple/Apple B/584red applee06201584.png,apple"
"TRAIN,gs://fruit-recognition/fruit-recognition/Apple/Apple B/585red applee06301585.png,apple"
"TRAIN,gs://fruit-recognition/fruit-recognition/Apple/Apple B/586red applee06401586.png,apple"
"TRAIN,gs://fruit-recognition/fruit-recognition/Apple/Apple B/587red applee06501587.png,apple"
"TRAIN,gs://fruit-recognition/fruit-recognition/Apple/Apple B/588red applee06601588.png,apple"
"TRAIN,gs://fruit-recognition/fruit-recognition/Apple/Apple B/589red applee06701589.png,apple"
"TRAIN,gs://fruit-recognition/fruit-recognition/Apple/Apple B/590red applee06801590.png,apple"
"TRAIN,gs://fruit-recognition/fruit-recognition/Apple/Apple B/591red applee06901591.png,apple"
"TRAIN,gs://fruit-recognition/fruit-recognition/Apple/Apple B/592red applee07001592.png,apple"
"TRAIN,gs://fruit-recognition/fruit-recognition/Apple/Apple B/593red applee07101593.png,apple"
"TRAIN,gs://fruit-recognition/fruit-recognition/Apple/Apple B/594red applee07201594.png,apple"
"TRAIN,gs://fruit-recognition/fruit-recognition/Apple/Apple B/595red applee07301595.png,apple"
"TRAIN,gs://fruit-recognition/fruit-recognition/Apple/Apple B/596red applee07401596.png,apple"
"TRAIN,gs://fruit-recognition/fruit-recognition/Apple/Apple B/597red applee07501597.png,apple"
"TRAIN,gs://fruit-recognition/fruit-recognition/Apple/Apple B/598red applee07601598.png,apple"
"TRAIN,gs://fruit-recognition/fruit-recognition/Apple/Apple B/599red applee07701599.png,apple"
"TRAIN,gs://fruit-recognition/fruit-recognition/Apple/Apple B/600red applee07901600.png,apple"
"TRAIN,gs://fruit-recognition/fruit-recognition/Apple/Apple B/601red applee08001601.png,apple"
"TRAIN,gs://fruit-recognition/fruit-recognition/Apple/Apple B/602red applee08201602.png,apple"
"TRAIN,gs://fruit-recognition/fruit-recognition/Apple/Apple B/603red applee08301603.png,apple"
"TRAIN,gs://fruit-recognition/fruit-recognition/Apple/Apple B/604red applee08401604.png,apple"
"TRAIN,gs://fruit-recognition/fruit-recognition/Apple/Apple B/605red applee08501605.png,apple"
"TRAIN,gs://fruit-recognition/fruit-recognition/Apple/Apple B/606red applee08601606.png,apple"
"TRAIN,gs://fruit-recognition/fruit-recognition/Apple/Apple B/607red applee08701607.png,apple"
"TRAIN,gs://fruit-recognition/fruit-recognition/Apple/Apple B/608red applee08801608.png,apple"
"TRAIN,gs://fruit-recognition/fruit-recognition/Apple/Apple B/609red applee08901609.png,apple"
"TRAIN,gs://fruit-recognition/fruit-recognition/Apple/Apple B/60red applee0020160.png,apple"
"TRAIN,gs://fruit-recognition/fruit-recognition/Apple/Apple B/610red applee09101610.png,apple"
"TRAIN,gs://fruit-recognition/fruit-recognition/Apple/Apple B/611red applee09201611.png,apple"
"TRAIN,gs://fruit-recognition/fruit-recognition/Apple/Apple B/612red applee09301612.png,apple"
"TRAIN,gs://fruit-recognition/fruit-recognition/Apple/Apple B/613red applee09401613.png,apple"
"TRAIN,gs://fruit-recognition/fruit-recognition/Apple/Apple B/614red applee09501614.png,apple"
"TRAIN,gs://fruit-recognition/fruit-recognition/Apple/Apple B/615red applee09601615.png,apple"
"TRAIN,gs://fruit-recognition/fruit-recognition/Apple/Apple B/616red applee09701616.png,apple"
"TRAIN,gs://fruit-recognition/fruit-recognition/Apple/Apple B/617red applee09801617.png,apple"
"TRAIN,gs://fruit-recognition/fruit-recognition/Apple/Apple B/618red applee09901618.png,apple"
"TRAIN,gs://fruit-recognition/fruit-recognition/Apple/Apple B/619red applee10001619.png,apple"
"TRAIN,gs://fruit-recognition/fruit-recognition/Apple/Apple B/61red applee0021161.png,apple"
"TRAIN,gs://fruit-recognition/fruit-recognition/Apple/Apple B/620red applee10101620.png,apple"
"TRAIN,gs://fruit-recognition/fruit-recognition/Apple/Apple B/621red applee10201621.png,apple"
"TRAIN,gs://fruit-recognition/fruit-recognition/Apple/Apple B/622red applee10301622.png,apple"
"TRAIN,gs://fruit-recognition/fruit-recognition/Apple/Apple B/623red applee10401623.png,apple"
"TRAIN,gs://fruit-recognition/fruit-recognition/Apple/Apple B/624red applee10501624.png,apple"
"TRAIN,gs://fruit-recognition/fruit-recognition/Apple/Apple B/625red applee10601625.png,apple"
"TRAIN,gs://fruit-recognition/fruit-recognition/Apple/Apple B/626red applee10701626.png,apple"
"TRAIN,gs://fruit-recognition/fruit-recognition/Apple/Apple B/627red applee10801627.png,apple"
"TRAIN,gs://fruit-recognition/fruit-recognition/Apple/Apple B/67red applee0030167.png,apple"
"TRAIN,gs://fruit-recognition/fruit-recognition/Apple/Apple B/6red applee03801.png,apple"
"TRAIN,gs://fruit-recognition/fruit-recognition/Apple/Apple B/71red applee0036171.png,apple"
"TRAIN,gs://fruit-recognition/fruit-recognition/Apple/Apple B/74red applee0040174.png,apple"
"TRAIN,gs://fruit-recognition/fruit-recognition/Apple/Apple B/82red applee0054182.png,apple"
"TRAIN,gs://fruit-recognition/fruit-recognition/Apple/Apple B/83red applee0055683.png,apple"
"TRAIN,gs://fruit-recognition/fruit-recognition/Apple/Apple B/84red applee0057184.png,apple"
"TRAIN,gs://fruit-recognition/fruit-recognition/Apple/Apple B/85red applee0058685.png,apple"
"TRAIN,gs://fruit-recognition/fruit-recognition/Apple/Apple B/86red applee0060186.png,apple"
"TRAIN,gs://fruit-recognition/fruit-recognition/Apple/Apple B/87red applee0061687.png,apple"
"TRAIN,gs://fruit-recognition/fruit-recognition/Apple/Apple B/88red applee0063188.png,apple"
"TRAIN,gs://fruit-recognition/fruit-recognition/Apple/Apple B/89red applee0064689.png,apple"
"TRAIN,gs://fruit-recognition/fruit-recognition/Apple/Apple B/90red applee0069190.png,apple"
"TRAIN,gs://fruit-recognition/fruit-recognition/Apple/Apple B/91red applee0070191.png,apple"
"TRAIN,gs://fruit-recognition/fruit-recognition/Apple/Apple B/92red applee0070692.png,apple"
"TRAIN,gs://fruit-recognition/fruit-recognition/Apple/Apple B/95red applee0079695.png,apple"
"TRAIN,gs://fruit-recognition/fruit-recognition/Apple/Apple B/96red applee0080196.png,apple"
"TRAIN,gs://fruit-recognition/fruit-recognition/Apple/Apple B/97red applee0081197.png,apple"
"TRAIN,gs://fruit-recognition/fruit-recognition/Apple/Apple B/Red Applee1 - Copy.png,apple"
"TRAIN,gs://fruit-recognition/fruit-recognition/Apple/Apple B/Red Applee1.png,apple"
"TRAIN,gs://fruit-recognition/fruit-recognition/Apple/Apple B/Red Applee10 - Copy.png,apple"
"TRAIN,gs://fruit-recognition/fruit-recognition/Apple/Apple B/Red Applee10.png,apple"
"TRAIN,gs://fruit-recognition/fruit-recognition/Apple/Apple B/Red Applee11 - Copy.png,apple"
"TRAIN,gs://fruit-recognition/fruit-recognition/Apple/Apple B/Red Applee11.png,apple"
"TRAIN,gs://fruit-recognition/fruit-recognition/Apple/Apple B/Red Applee12 - Copy.png,apple"
"TRAIN,gs://fruit-recognition/fruit-recognition/Apple/Apple B/Red Applee12.png,apple"
"TRAIN,gs://fruit-recognition/fruit-recognition/Apple/Apple B/Red Applee13 - Copy.png,apple"
"TRAIN,gs://fruit-recognition/fruit-recognition/Apple/Apple B/Red Applee13.png,apple"
"TRAIN,gs://fruit-recognition/fruit-recognition/Apple/Apple B/Red Applee14 - Copy.png,apple"
"TRAIN,gs://fruit-recognition/fruit-recognition/Apple/Apple B/Red Applee14.png,apple"
"TRAIN,gs://fruit-recognition/fruit-recognition/Apple/Apple B/Red Applee15 - Copy.png,apple"
"TRAIN,gs://fruit-recognition/fruit-recognition/Apple/Apple B/Red Applee15.png,apple"
"TRAIN,gs://fruit-recognition/fruit-recognition/Apple/Apple B/Red Applee16 - Copy.png,apple"
"TRAIN,gs://fruit-recognition/fruit-recognition/Apple/Apple B/Red Applee16.png,apple"
"TRAIN,gs://fruit-recognition/fruit-recognition/Apple/Apple B/Red Applee17 - Copy.png,apple"
"TRAIN,gs://fruit-recognition/fruit-recognition/Apple/Apple B/Red Applee17.png,apple"
"TRAIN,gs://fruit-recognition/fruit-recognition/Apple/Apple B/Red Applee18 - Copy.png,apple"
"TRAIN,gs://fruit-recognition/fruit-recognition/Apple/Apple B/Red Applee18.png,apple"
"TRAIN,gs://fruit-recognition/fruit-recognition/Apple/Apple B/Red Applee19 - Copy.png,apple"
"TRAIN,gs://fruit-recognition/fruit-recognition/Apple/Apple B/Red Applee19.png,apple"
"TRAIN,gs://fruit-recognition/fruit-recognition/Apple/Apple B/Red Applee2 - Copy.png,apple"
"TRAIN,gs://fruit-recognition/fruit-recognition/Apple/Apple B/Red Applee2.png,apple"
"TRAIN,gs://fruit-recognition/fruit-recognition/Apple/Apple B/Red Applee20 - Copy.png,apple"
"TRAIN,gs://fruit-recognition/fruit-recognition/Apple/Apple B/Red Applee20.png,apple"
"TRAIN,gs://fruit-recognition/fruit-recognition/Apple/Apple B/Red Applee21 - Copy.png,apple"
"TRAIN,gs://fruit-recognition/fruit-recognition/Apple/Apple B/Red Applee21.png,apple"
"TRAIN,gs://fruit-recognition/fruit-recognition/Apple/Apple B/Red Applee22 - Copy.png,apple"
"TRAIN,gs://fruit-recognition/fruit-recognition/Apple/Apple B/Red Applee22.png,apple"
"TRAIN,gs://fruit-recognition/fruit-recognition/Apple/Apple B/Red Applee23 - Copy.png,apple"
"TRAIN,gs://fruit-recognition/fruit-recognition/Apple/Apple B/Red Applee23.png,apple"
"TRAIN,gs://fruit-recognition/fruit-recognition/Apple/Apple B/Red Applee24 - Copy.png,apple"
"TRAIN,gs://fruit-recognition/fruit-recognition/Apple/Apple B/Red Applee24.png,apple"
"TRAIN,gs://fruit-recognition/fruit-recognition/Apple/Apple B/Red Applee25 - Copy.png,apple"
"TRAIN,gs://fruit-recognition/fruit-recognition/Apple/Apple B/Red Applee25.png,apple"
"TRAIN,gs://fruit-recognition/fruit-recognition/Apple/Apple B/Red Applee26 - Copy.png,apple"
"TRAIN,gs://fruit-recognition/fruit-recognition/Apple/Apple B/Red Applee26.png,apple"
"TRAIN,gs://fruit-recognition/fruit-recognition/Apple/Apple B/Red Applee27 - Copy.png,apple"
"TRAIN,gs://fruit-recognition/fruit-recognition/Apple/Apple B/Red Applee27.png,apple"
"TRAIN,gs://fruit-recognition/fruit-recognition/Apple/Apple B/Red Applee28 - Copy.png,apple"
"TRAIN,gs://fruit-recognition/fruit-recognition/Apple/Apple B/Red Applee28.png,apple"
"TRAIN,gs://fruit-recognition/fruit-recognition/Apple/Apple B/Red Applee29 - Copy.png,apple"
"TRAIN,gs://fruit-recognition/fruit-recognition/Apple/Apple B/Red Applee29.png,apple"
"TRAIN,gs://fruit-recognition/fruit-recognition/Apple/Apple B/Red Applee3 - Copy.png,apple"
"TRAIN,gs://fruit-recognition/fruit-recognition/Apple/Apple B/Red Applee3.png,apple"
"TRAIN,gs://fruit-recognition/fruit-recognition/Apple/Apple B/Red Applee30 - Copy.png,apple"
"TRAIN,gs://fruit-recognition/fruit-recognition/Apple/Apple B/Red Applee30.png,apple"
"TRAIN,gs://fruit-recognition/fruit-recognition/Apple/Apple B/Red Applee31 - Copy.png,apple"
"TRAIN,gs://fruit-recognition/fruit-recognition/Apple/Apple B/Red Applee31.png,apple"
"TRAIN,gs://fruit-recognition/fruit-recognition/Apple/Apple B/Red Applee32 - Copy.png,apple"
"TRAIN,gs://fruit-recognition/fruit-recognition/Apple/Apple B/Red Applee32.png,apple"
"TRAIN,gs://fruit-recognition/fruit-recognition/Apple/Apple B/Red Applee33 - Copy.png,apple"
"TRAIN,gs://fruit-recognition/fruit-recognition/Apple/Apple B/Red Applee33.png,apple"
"TRAIN,gs://fruit-recognition/fruit-recognition/Apple/Apple B/Red Applee34 - Copy.png,apple"
"TRAIN,gs://fruit-recognition/fruit-recognition/Apple/Apple B/Red Applee34.png,apple"
"TRAIN,gs://fruit-recognition/fruit-recognition/Apple/Apple B/Red Applee35 - Copy.png,apple"
"TRAIN,gs://fruit-recognition/fruit-recognition/Apple/Apple B/Red Applee35.png,apple"
"TRAIN,gs://fruit-recognition/fruit-recognition/Apple/Apple B/Red Applee36 - Copy.png,apple"
"TRAIN,gs://fruit-recognition/fruit-recognition/Apple/Apple B/Red Applee36.png,apple"
"TRAIN,gs://fruit-recognition/fruit-recognition/Apple/Apple B/Red Applee37 - Copy.png,apple"
"TRAIN,gs://fruit-recognition/fruit-recognition/Apple/Apple B/Red Applee37.png,apple"
"TRAIN,gs://fruit-recognition/fruit-recognition/Apple/Apple B/Red Applee38 - Copy.png,apple"
"TRAIN,gs://fruit-recognition/fruit-recognition/Apple/Apple B/Red Applee38.png,apple"
"TRAIN,gs://fruit-recognition/fruit-recognition/Apple/Apple B/Red Applee39 - Copy.png,apple"
"TRAIN,gs://fruit-recognition/fruit-recognition/Apple/Apple B/Red Applee39.png,apple"
"TRAIN,gs://fruit-recognition/fruit-recognition/Apple/Apple B/Red Applee4 - Copy.png,apple"
"TRAIN,gs://fruit-recognition/fruit-recognition/Apple/Apple B/Red Applee4.png,apple"
"TRAIN,gs://fruit-recognition/fruit-recognition/Apple/Apple B/Red Applee40 - Copy.png,apple"
"TRAIN,gs://fruit-recognition/fruit-recognition/Apple/Apple B/Red Applee40.png,apple"
"TRAIN,gs://fruit-recognition/fruit-recognition/Apple/Apple B/Red Applee41 - Copy.png,apple"
"TRAIN,gs://fruit-recognition/fruit-recognition/Apple/Apple B/Red Applee41.png,apple"
"TRAIN,gs://fruit-recognition/fruit-recognition/Apple/Apple B/Red Applee42 - Copy.png,apple"
"TRAIN,gs://fruit-recognition/fruit-recognition/Apple/Apple B/Red Applee42.png,apple"
"TRAIN,gs://fruit-recognition/fruit-recognition/Apple/Apple B/Red Applee43 - Copy.png,apple"
"TRAIN,gs://fruit-recognition/fruit-recognition/Apple/Apple B/Red Applee43.png,apple"
"TRAIN,gs://fruit-recognition/fruit-recognition/Apple/Apple B/Red Applee44 - Copy.png,apple"
"TRAIN,gs://fruit-recognition/fruit-recognition/Apple/Apple B/Red Applee44.png,apple"
"TRAIN,gs://fruit-recognition/fruit-recognition/Apple/Apple B/Red Applee45 - Copy.png,apple"
"TRAIN,gs://fruit-recognition/fruit-recognition/Apple/Apple B/Red Applee45.png,apple"
"TRAIN,gs://fruit-recognition/fruit-recognition/Apple/Apple B/Red Applee46 - Copy.png,apple"
"TRAIN,gs://fruit-recognition/fruit-recognition/Apple/Apple B/Red Applee46.png,apple"
"TRAIN,gs://fruit-recognition/fruit-recognition/Apple/Apple B/Red Applee47 - Copy.png,apple"
"TRAIN,gs://fruit-recognition/fruit-recognition/Apple/Apple B/Red Applee47.png,apple"
"TRAIN,gs://fruit-recognition/fruit-recognition/Apple/Apple B/Red Applee48 - Copy.png,apple"
"TRAIN,gs://fruit-recognition/fruit-recognition/Apple/Apple B/Red Applee48.png,apple"
"TRAIN,gs://fruit-recognition/fruit-recognition/Apple/Apple B/Red Applee49 - Copy.png,apple"
"TRAIN,gs://fruit-recognition/fruit-recognition/Apple/Apple B/Red Applee49.png,apple"
"TRAIN,gs://fruit-recognition/fruit-recognition/Apple/Apple B/Red Applee5 - Copy.png,apple"
"TRAIN,gs://fruit-recognition/fruit-recognition/Apple/Apple B/Red Applee5.png,apple"
"TRAIN,gs://fruit-recognition/fruit-recognition/Apple/Apple B/Red Applee50 - Copy.png,apple"
"TRAIN,gs://fruit-recognition/fruit-recognition/Apple/Apple B/Red Applee50.png,apple"
"TRAIN,gs://fruit-recognition/fruit-recognition/Apple/Apple B/Red Applee51 - Copy.png,apple"
"TRAIN,gs://fruit-recognition/fruit-recognition/Apple/Apple B/Red Applee51.png,apple"
"TRAIN,gs://fruit-recognition/fruit-recognition/Apple/Apple B/Red Applee6 - Copy.png,apple"
"TRAIN,gs://fruit-recognition/fruit-recognition/Apple/Apple B/Red Applee6.png,apple"
"TRAIN,gs://fruit-recognition/fruit-recognition/Apple/Apple B/Red Applee7 - Copy.png,apple"
"TRAIN,gs://fruit-recognition/fruit-recognition/Apple/Apple B/Red Applee7.png,apple"
"TRAIN,gs://fruit-recognition/fruit-recognition/Apple/Apple B/Red Applee8 - Copy.png,apple"
"TRAIN,gs://fruit-recognition/fruit-recognition/Apple/Apple B/Red Applee8.png,apple"
"TRAIN,gs://fruit-recognition/fruit-recognition/Apple/Apple B/Red Applee9 - Copy.png,apple"
"TRAIN,gs://fruit-recognition/fruit-recognition/Apple/Apple B/Red Applee9.png,apple"
"TRAIN,gs://fruit-recognition/fruit-recognition/Apple/Apple B/scene00076.png,apple"
"TRAIN,gs://fruit-recognition/fruit-recognition/Apple/Apple B/scene00201.png,apple"
"TRAIN,gs://fruit-recognition/fruit-recognition/Apple/Apple B/scene00326.png,apple"
"TRAIN,gs://fruit-recognition/fruit-recognition/Apple/Apple B/scene00401.png,apple"
"TRAIN,gs://fruit-recognition/fruit-recognition/Apple/Apple B/scene00451.png,apple"
"TRAIN,gs://fruit-recognition/fruit-recognition/Apple/Apple B/scene00476.png,apple"
"TRAIN,gs://fruit-recognition/fruit-recognition/Apple/Apple B/scene00501.png,apple"
"TRAIN,gs://fruit-recognition/fruit-recognition/Apple/Apple B/scene00526.png,apple"
"TRAIN,gs://fruit-recognition/fruit-recognition/Apple/Apple B/scene00576.png,apple"
"TRAIN,gs://fruit-recognition/fruit-recognition/Apple/Apple B/scene00601.png,apple"
"TRAIN,gs://fruit-recognition/fruit-recognition/Apple/Apple B/scene00626.png,apple"
"TRAIN,gs://fruit-recognition/fruit-recognition/Apple/Apple B/scene00651.png,apple"
"TRAIN,gs://fruit-recognition/fruit-recognition/Apple/Apple B/scene00676.png,apple"
"TRAIN,gs://fruit-recognition/fruit-recognition/Apple/Apple B/scene00701.png,apple"
"TRAIN,gs://fruit-recognition/fruit-recognition/Apple/Apple B/scene00751.png,apple"
"TRAIN,gs://fruit-recognition/fruit-recognition/Apple/Apple B/scene00776.png,apple"
"TRAIN,gs://fruit-recognition/fruit-recognition/Apple/Apple B/scene00801.png,apple"
"TRAIN,gs://fruit-recognition/fruit-recognition/Apple/Apple B/scene00826.png,apple"
"TRAIN,gs://fruit-recognition/fruit-recognition/Apple/Apple B/scene00851.png,apple"
"TRAIN,gs://fruit-recognition/fruit-recognition/Apple/Apple B/scene00901.png,apple"
"TRAIN,gs://fruit-recognition/fruit-recognition/Apple/Apple B/scene00926.png,apple"
"TRAIN,gs://fruit-recognition/fruit-recognition/Apple/Apple B/scene00951.png,apple"
"TRAIN,gs://fruit-recognition/fruit-recognition/Apple/Apple B/scene00976.png,apple"
"TRAIN,gs://fruit-recognition/fruit-recognition/Apple/Apple B/scene01001.png,apple"
"TRAIN,gs://fruit-recognition/fruit-recognition/Apple/Apple B/scene01076.png,apple"
"TRAIN,gs://fruit-recognition/fruit-recognition/Apple/Apple B/scene01101.png,apple"
"TRAIN,gs://fruit-recognition/fruit-recognition/Apple/Apple B/scene01176.png,apple"
"TRAIN,gs://fruit-recognition/fruit-recognition/Apple/Apple B/scene01201.png,apple"
"TRAIN,gs://fruit-recognition/fruit-recognition/Apple/Apple B/scene01226.png,apple"
"TRAIN,gs://fruit-recognition/fruit-recognition/Apple/Apple B/scene01251.png,apple"
"TRAIN,gs://fruit-recognition/fruit-recognition/Apple/Apple B/scene01301.png,apple"
"TRAIN,gs://fruit-recognition/fruit-recognition/Apple/Apple B/scene01326.png,apple"
"TRAIN,gs://fruit-recognition/fruit-recognition/Apple/Apple B/scene01351.png,apple"
"TRAIN,gs://fruit-recognition/fruit-recognition/Apple/Apple B/scene01376.png,apple"
"TRAIN,gs://fruit-recognition/fruit-recognition/Apple/Apple B/scene01401.png,apple"
"TRAIN,gs://fruit-recognition/fruit-recognition/Apple/Apple B/scene01426.png,apple"
"TRAIN,gs://fruit-recognition/fruit-recognition/Apple/Apple B/scene01451.png,apple"
"TRAIN,gs://fruit-recognition/fruit-recognition/Apple/Apple B/scene01476.png,apple"
"TRAIN,gs://fruit-recognition/fruit-recognition/Apple/Apple B/scene01501.png,apple"
"TRAIN,gs://fruit-recognition/fruit-recognition/Apple/Apple B/scene01526.png,apple"
"TRAIN,gs://fruit-recognition/fruit-recognition/Apple/Apple B/scene01551.png,apple"
"TRAIN,gs://fruit-recognition/fruit-recognition/Apple/Apple B/scene01601.png,apple"
"TRAIN,gs://fruit-recognition/fruit-recognition/Apple/Apple B/scene01626.png,apple"
"TRAIN,gs://fruit-recognition/fruit-recognition/Apple/Apple B/scene01651.png,apple"
"TRAIN,gs://fruit-recognition/fruit-recognition/Apple/Apple B/scene01726.png,apple"
"TRAIN,gs://fruit-recognition/fruit-recognition/Apple/Apple B/scene01751.png,apple"
"TRAIN,gs://fruit-recognition/fruit-recognition/Apple/Apple B/scene01776.png,apple"
"TRAIN,gs://fruit-recognition/fruit-recognition/Apple/Apple B/scene01801.png,apple"
"TRAIN,gs://fruit-recognition/fruit-recognition/Apple/Apple B/scene01826.png,apple"
"TRAIN,gs://fruit-recognition/fruit-recognition/Apple/Apple B/scene01851.png,apple"
"TRAIN,gs://fruit-recognition/fruit-recognition/Apple/Apple B/scene01876.png,apple"
"TRAIN,gs://fruit-recognition/fruit-recognition/Apple/Apple B/scene01951.png,apple"
"TRAIN,gs://fruit-recognition/fruit-recognition/Apple/Apple B/scene02026.png,apple"
"TRAIN,gs://fruit-recognition/fruit-recognition/Apple/Apple B/scene02051.png,apple"
"TRAIN,gs://fruit-recognition/fruit-recognition/Apple/Apple B/scene02076.png,apple"
"TRAIN,gs://fruit-recognition/fruit-recognition/Apple/Apple B/scene02101.png,apple"
"TRAIN,gs://fruit-recognition/fruit-recognition/Apple/Apple B/scene02126.png,apple"
"TRAIN,gs://fruit-recognition/fruit-recognition/Apple/Apple B/scene02176.png,apple"
"TRAIN,gs://fruit-recognition/fruit-recognition/Apple/Apple B/scene02201.png,apple"
"TRAIN,gs://fruit-recognition/fruit-recognition/Apple/Apple B/scene02251.png,apple"
"TRAIN,gs://fruit-recognition/fruit-recognition/Apple/Apple B/scene02276.png,apple"
"TRAIN,gs://fruit-recognition/fruit-recognition/Apple/Apple B/scene02301.png,apple"
"TRAIN,gs://fruit-recognition/fruit-recognition/Apple/Apple B/scene02326.png,apple"
"TRAIN,gs://fruit-recognition/fruit-recognition/Apple/Apple B/scene02376.png,apple"
"TRAIN,gs://fruit-recognition/fruit-recognition/Apple/Apple B/scene02401.png,apple"
"TRAIN,gs://fruit-recognition/fruit-recognition/Apple/Apple B/scene02426.png,apple"
"TRAIN,gs://fruit-recognition/fruit-recognition/Apple/Apple B/scene02476.png,apple"
"TRAIN,gs://fruit-recognition/fruit-recognition/Apple/Apple B/scene02551.png,apple"
"TRAIN,gs://fruit-recognition/fruit-recognition/Apple/Apple B/scene02626.png,apple"
"TRAIN,gs://fruit-recognition/fruit-recognition/Apple/Apple B/scene02651.png,apple"
"TRAIN,gs://fruit-recognition/fruit-recognition/Apple/Apple B/scene02701.png,apple"
"TRAIN,gs://fruit-recognition/fruit-recognition/Apple/Apple B/scene02726.png,apple"
"TRAIN,gs://fruit-recognition/fruit-recognition/Apple/Apple B/scene02776.png,apple"
"TRAIN,gs://fruit-recognition/fruit-recognition/Apple/Apple B/scene02826.png,apple"
"TRAIN,gs://fruit-recognition/fruit-recognition/Apple/Apple B/scene02851.png,apple"
"TRAIN,gs://fruit-recognition/fruit-recognition/Apple/Apple B/scene02901.png,apple"
"TRAIN,gs://fruit-recognition/fruit-recognition/Apple/Apple B/scene02926.png,apple"
"TRAIN,gs://fruit-recognition/fruit-recognition/Apple/Apple B/scene03001.png,apple"
"TRAIN,gs://fruit-recognition/fruit-recognition/Apple/Apple B/scene03026.png,apple"
"TRAIN,gs://fruit-recognition/fruit-recognition/Apple/Apple B/scene03076.png,apple"
"TRAIN,gs://fruit-recognition/fruit-recognition/Apple/Apple B/scene03101.png,apple"
"TRAIN,gs://fruit-recognition/fruit-recognition/Apple/Apple B/scene03126.png,apple"
"TRAIN,gs://fruit-recognition/fruit-recognition/Apple/Apple B/scene03151.png,apple"
"TRAIN,gs://fruit-recognition/fruit-recognition/Apple/Apple B/scene03176.png,apple"
"TRAIN,gs://fruit-recognition/fruit-recognition/Apple/Apple B/scene03226.png,apple"
"TRAIN,gs://fruit-recognition/fruit-recognition/Apple/Apple B/scene03251.png,apple"
"TRAIN,gs://fruit-recognition/fruit-recognition/Apple/Apple B/scene03276.png,apple"
"TRAIN,gs://fruit-recognition/fruit-recognition/Apple/Apple B/scene03326.png,apple"
"TRAIN,gs://fruit-recognition/fruit-recognition/Apple/Apple B/scene03401.png,apple"
"TRAIN,gs://fruit-recognition/fruit-recognition/Apple/Apple B/scene03451.png,apple"
"TRAIN,gs://fruit-recognition/fruit-recognition/Apple/Apple B/scene03476.png,apple"
"TRAIN,gs://fruit-recognition/fruit-recognition/Apple/Apple B/scene03551.png,apple"
"TRAIN,gs://fruit-recognition/fruit-recognition/Apple/Apple B/scene03576.png,apple"
"TRAIN,gs://fruit-recognition/fruit-recognition/Apple/Apple B/scene03601.png,apple"
"TRAIN,gs://fruit-recognition/fruit-recognition/Apple/Apple B/scene03626.png,apple"
"TRAIN,gs://fruit-recognition/fruit-recognition/Apple/Apple B/scene03651.png,apple"
"TRAIN,gs://fruit-recognition/fruit-recognition/Apple/Apple B/scene03701.png,apple"
"TRAIN,gs://fruit-recognition/fruit-recognition/Apple/Apple B/scene03726.png,apple"
"TRAIN,gs://fruit-recognition/fruit-recognition/Apple/Apple B/scene03751.png,apple"
"TRAIN,gs://fruit-recognition/fruit-recognition/Apple/Apple B/scene03776.png,apple"
"TRAIN,gs://fruit-recognition/fruit-recognition/Apple/Apple B/scene03801.png,apple"
"TRAIN,gs://fruit-recognition/fruit-recognition/Apple/Apple B/scene03826.png,apple"
"TRAIN,gs://fruit-recognition/fruit-recognition/Apple/Apple B/scene03901.png,apple"
"TRAIN,gs://fruit-recognition/fruit-recognition/Apple/Apple B/scene03926.png,apple"
"TRAIN,gs://fruit-recognition/fruit-recognition/Apple/Apple B/scene03951.png,apple"
"TRAIN,gs://fruit-recognition/fruit-recognition/Apple/Apple B/scene04001.png,apple"
"TRAIN,gs://fruit-recognition/fruit-recognition/Apple/Apple B/scene04026.png,apple"
"TRAIN,gs://fruit-recognition/fruit-recognition/Apple/Apple B/scene04051.png,apple"
"TRAIN,gs://fruit-recognition/fruit-recognition/Apple/Apple B/scene04101.png,apple"
"TRAIN,gs://fruit-recognition/fruit-recognition/Apple/Apple B/scene04126.png,apple"
"TRAIN,gs://fruit-recognition/fruit-recognition/Apple/Apple B/scene04151.png,apple"
"TRAIN,gs://fruit-recognition/fruit-recognition/Apple/Apple B/scene04176.png,apple"
"TRAIN,gs://fruit-recognition/fruit-recognition/Apple/Apple B/scene04201.png,apple"
"TRAIN,gs://fruit-recognition/fruit-recognition/Apple/Apple B/scene04251.png,apple"
"TRAIN,gs://fruit-recognition/fruit-recognition/Apple/Apple B/scene04276.png,apple"
"TRAIN,gs://fruit-recognition/fruit-recognition/Apple/Apple B/scene04351.png,apple"
"TRAIN,gs://fruit-recognition/fruit-recognition/Apple/Apple B/scene04376.png,apple"
"TRAIN,gs://fruit-recognition/fruit-recognition/Apple/Apple B/scene04401.png,apple"
"TRAIN,gs://fruit-recognition/fruit-recognition/Apple/Apple B/scene04451.png,apple"
"TRAIN,gs://fruit-recognition/fruit-recognition/Apple/Apple B/scene04476.png,apple"
"TRAIN,gs://fruit-recognition/fruit-recognition/Apple/Apple B/scene04501.png,apple"
"TRAIN,gs://fruit-recognition/fruit-recognition/Apple/Apple B/scene04551.png,apple"
"TRAIN,gs://fruit-recognition/fruit-recognition/Apple/Apple B/scene04576.png,apple"
"TRAIN,gs://fruit-recognition/fruit-recognition/Apple/Apple B/scene04601.png,apple"
"TRAIN,gs://fruit-recognition/fruit-recognition/Apple/Apple B/scene04626.png,apple"
"TRAIN,gs://fruit-recognition/fruit-recognition/Apple/Apple B/scene04726.png,apple"
"TRAIN,gs://fruit-recognition/fruit-recognition/Apple/Apple B/scene04751.png,apple"
"TRAIN,gs://fruit-recognition/fruit-recognition/Apple/Apple B/scene04776.png,apple"
"TRAIN,gs://fruit-recognition/fruit-recognition/Apple/Apple B/scene04826.png,apple"
"TRAIN,gs://fruit-recognition/fruit-recognition/Apple/Apple B/scene04876.png,apple"
"TRAIN,gs://fruit-recognition/fruit-recognition/Apple/Apple B/scene04901.png,apple"
"TRAIN,gs://fruit-recognition/fruit-recognition/Apple/Apple B/scene04926.png,apple"
"TRAIN,gs://fruit-recognition/fruit-recognition/Apple/Apple B/scene05026.png,apple"
"TRAIN,gs://fruit-recognition/fruit-recognition/Apple/Apple B/scene05101.png,apple"
"TRAIN,gs://fruit-recognition/fruit-recognition/Apple/Apple B/scene05151.png,apple"
"TRAIN,gs://fruit-recognition/fruit-recognition/Apple/Apple B/scene05201.png,apple"
"TRAIN,gs://fruit-recognition/fruit-recognition/Apple/Apple B/scene05226.png,apple"
"TRAIN,gs://fruit-recognition/fruit-recognition/Apple/Apple B/scene05276.png,apple"
"TRAIN,gs://fruit-recognition/fruit-recognition/Apple/Apple B/scene05301.png,apple"
"TRAIN,gs://fruit-recognition/fruit-recognition/Apple/Apple B/scene05326.png,apple"
"TRAIN,gs://fruit-recognition/fruit-recognition/Apple/Apple B/scene05351.png,apple"
"TRAIN,gs://fruit-recognition/fruit-recognition/Apple/Apple B/scene05401.png,apple"
"TRAIN,gs://fruit-recognition/fruit-recognition/Apple/Apple B/scene05426.png,apple"
"TRAIN,gs://fruit-recognition/fruit-recognition/Apple/Apple B/scene05451.png,apple"
"TRAIN,gs://fruit-recognition/fruit-recognition/Apple/Apple B/scene05476.png,apple"
"TRAIN,gs://fruit-recognition/fruit-recognition/Apple/Apple B/scene05501.png,apple"
"TRAIN,gs://fruit-recognition/fruit-recognition/Apple/Apple B/scene05526.png,apple"
"TRAIN,gs://fruit-recognition/fruit-recognition/Apple/Apple B/scene05551.png,apple"
"TRAIN,gs://fruit-recognition/fruit-recognition/Apple/Apple B/scene05576.png,apple"
"TRAIN,gs://fruit-recognition/fruit-recognition/Apple/Apple B/scene05601.png,apple"
"TRAIN,gs://fruit-recognition/fruit-recognition/Apple/Apple B/scene05626.png,apple"
"TRAIN,gs://fruit-recognition/fruit-recognition/Apple/Apple B/scene05676.png,apple"
"TRAIN,gs://fruit-recognition/fruit-recognition/Apple/Apple B/scene05701.png,apple"
"TRAIN,gs://fruit-recognition/fruit-recognition/Apple/Apple B/scene05726.png,apple"
"TRAIN,gs://fruit-recognition/fruit-recognition/Apple/Apple B/scene05751.png,apple"
"TRAIN,gs://fruit-recognition/fruit-recognition/Apple/Apple B/scene05776.png,apple"
"TRAIN,gs://fruit-recognition/fruit-recognition/Apple/Apple B/scene05801.png,apple"
"TRAIN,gs://fruit-recognition/fruit-recognition/Apple/Apple B/scene05826.png,apple"
"TRAIN,gs://fruit-recognition/fruit-recognition/Apple/Apple B/scene05851.png,apple"
"TRAIN,gs://fruit-recognition/fruit-recognition/Apple/Apple B/scene05876.png,apple"
"TRAIN,gs://fruit-recognition/fruit-recognition/Apple/Apple B/scene05901.png,apple"
"TRAIN,gs://fruit-recognition/fruit-recognition/Apple/Apple B/scene05926.png,apple"
"TRAIN,gs://fruit-recognition/fruit-recognition/Apple/Apple B/scene05951.png,apple"
"TRAIN,gs://fruit-recognition/fruit-recognition/Apple/Apple B/scene05976.png,apple"
"TRAIN,gs://fruit-recognition/fruit-recognition/Apple/Apple B/scene06001.png,apple"
"TRAIN,gs://fruit-recognition/fruit-recognition/Apple/Apple B/scene06026.png,apple"
"TRAIN,gs://fruit-recognition/fruit-recognition/Apple/Apple B/scene06051.png,apple"
"TRAIN,gs://fruit-recognition/fruit-recognition/Apple/Apple B/scene06076.png,apple"
"TRAIN,gs://fruit-recognition/fruit-recognition/Apple/Apple B/scene06101.png,apple"
"TRAIN,gs://fruit-recognition/fruit-recognition/Apple/Apple B/scene06126.png,apple"
"TRAIN,gs://fruit-recognition/fruit-recognition/Apple/Apple B/scene06151.png,apple"
"TRAIN,gs://fruit-recognition/fruit-recognition/Apple/Apple B/scene06226.png,apple"
"TRAIN,gs://fruit-recognition/fruit-recognition/Apple/Apple B/scene06251.png,apple"
"TRAIN,gs://fruit-recognition/fruit-recognition/Apple/Apple B/scene06276.png,apple"
"TRAIN,gs://fruit-recognition/fruit-recognition/Apple/Apple B/scene06301.png,apple"
"TRAIN,gs://fruit-recognition/fruit-recognition/Apple/Apple B/scene06326.png,apple"
"TRAIN,gs://fruit-recognition/fruit-recognition/Apple/Apple B/scene06351.png,apple"
"TRAIN,gs://fruit-recognition/fruit-recognition/Apple/Apple B/scene06426.png,apple"
"TRAIN,gs://fruit-recognition/fruit-recognition/Apple/Apple B/scene06551.png,apple"
"TRAIN,gs://fruit-recognition/fruit-recognition/Apple/Apple B/scene06576.png,apple"
"TRAIN,gs://fruit-recognition/fruit-recognition/Apple/Apple B/scene06601.png,apple"
"TRAIN,gs://fruit-recognition/fruit-recognition/Apple/Apple B/scene06651.png,apple"
"TRAIN,gs://fruit-recognition/fruit-recognition/Apple/Apple B/scene06701.png,apple"
"TRAIN,gs://fruit-recognition/fruit-recognition/Apple/Apple B/scene06726.png,apple"
"TRAIN,gs://fruit-recognition/fruit-recognition/Apple/Apple B/scene06751.png,apple"
"TRAIN,gs://fruit-recognition/fruit-recognition/Apple/Apple B/scene06776.png,apple"
"TRAIN,gs://fruit-recognition/fruit-recognition/Apple/Apple B/scene06801.png,apple"
"TRAIN,gs://fruit-recognition/fruit-recognition/Apple/Apple B/scene06851.png,apple"
"TRAIN,gs://fruit-recognition/fruit-recognition/Apple/Apple B/scene06876.png,apple"
"TRAIN,gs://fruit-recognition/fruit-recognition/Apple/Apple B/scene06951.png,apple"
"TRAIN,gs://fruit-recognition/fruit-recognition/Apple/Apple B/scene06976.png,apple"
"TRAIN,gs://fruit-recognition/fruit-recognition/Apple/Apple B/scene07026.png,apple"
"TRAIN,gs://fruit-recognition/fruit-recognition/Apple/Apple B/scene07051.png,apple"
"TRAIN,gs://fruit-recognition/fruit-recognition/Apple/Apple B/scene07151.png,apple"
"TRAIN,gs://fruit-recognition/fruit-recognition/Apple/Apple B/scene07176.png,apple"
"TRAIN,gs://fruit-recognition/fruit-recognition/Apple/Apple B/scene07201.png,apple"
"TRAIN,gs://fruit-recognition/fruit-recognition/Apple/Apple B/scene07226.png,apple"
"TRAIN,gs://fruit-recognition/fruit-recognition/Apple/Apple B/scene07276.png,apple"
"TRAIN,gs://fruit-recognition/fruit-recognition/Apple/Apple B/scene07326.png,apple"
"TRAIN,gs://fruit-recognition/fruit-recognition/Apple/Apple B/scene07351.png,apple"
"TRAIN,gs://fruit-recognition/fruit-recognition/Apple/Apple B/scene07401.png,apple"
"TRAIN,gs://fruit-recognition/fruit-recognition/Apple/Apple B/scene07451.png,apple"
"TRAIN,gs://fruit-recognition/fruit-recognition/Apple/Apple B/scene07476.png,apple"
"TRAIN,gs://fruit-recognition/fruit-recognition/Apple/Apple B/scene07576.png,apple"
"TRAIN,gs://fruit-recognition/fruit-recognition/Apple/Apple B/scene07601.png,apple"
"TRAIN,gs://fruit-recognition/fruit-recognition/Apple/Apple B/scene07626.png,apple"
"TRAIN,gs://fruit-recognition/fruit-recognition/Apple/Apple B/scene07651.png,apple"
"TRAIN,gs://fruit-recognition/fruit-recognition/Apple/Apple B/scene07701.png,apple"
"TRAIN,gs://fruit-recognition/fruit-recognition/Apple/Apple B/scene07726.png,apple"
"TRAIN,gs://fruit-recognition/fruit-recognition/Apple/Apple B/scene07751.png,apple"
"TRAIN,gs://fruit-recognition/fruit-recognition/Apple/Apple B/scene07776.png,apple"
